timestamp,load_kwh,pv_kwh
2023-01-01 00:00:00,0.4725778834095401,0.0
2023-01-01 01:00:00,0.47155631427117106,0.0
2023-01-01 02:00:00,0.47155631427117106,0.0
2023-01-01 03:00:00,0.4711476866158234,0.0
2023-01-01 04:00:00,0.4711476866158234,0.0
2023-01-01 05:00:00,0.47053474513280197,0.0
2023-01-01 06:00:00,0.4709433727881496,0.0
2023-01-01 07:00:00,0.4711476866158234,0.0
2023-01-01 08:00:00,0.47155631427117106,0.0
2023-01-01 09:00:00,0.4719649419265186,0.049732915822435074
2023-01-01 10:00:00,0.47278219723721393,0.033155277214956716
2023-01-01 11:00:00,0.4725778834095401,0.005525879535826119
2023-01-01 12:00:00,0.4725778834095401,0.10038681156750784
2023-01-01 13:00:00,0.4725778834095401,0.170381285687972
2023-01-01 14:00:00,0.4719649419265186,0.12064836986553694
2023-01-01 15:00:00,0.47216925575419244,0.11328053048443544
2023-01-01 16:00:00,0.4719649419265186,0.07552035365629028
2023-01-01 17:00:00,0.47216925575419244,0.06631055442991343
2023-01-01 18:00:00,0.4719649419265186,0.0
2023-01-01 19:00:00,0.47237356958186627,0.0
2023-01-01 20:00:00,0.47237356958186627,0.0
2023-01-01 21:00:00,0.4725778834095401,0.0
2023-01-01 22:00:00,0.47237356958186627,0.0
2023-01-01 23:00:00,0.47216925575419244,0.0
2023-01-02 00:00:00,0.4719649419265186,0.0
2023-01-02 01:00:00,0.47135200044349723,0.0
2023-01-02 02:00:00,0.4717606280988449,0.0
2023-01-02 03:00:00,0.4717606280988449,0.0
2023-01-02 04:00:00,0.4719649419265186,0.0
2023-01-02 05:00:00,0.4717606280988449,0.0
2023-01-02 06:00:00,0.47216925575419244,0.0
2023-01-02 07:00:00,0.4725778834095401,0.0
2023-01-02 08:00:00,0.4719649419265186,0.0
2023-01-02 09:00:00,0.48728847900205496,0.07920427334684105
2023-01-02 10:00:00,0.47216925575419244,0.20998342236139253
2023-01-02 11:00:00,0.47237356958186627,0.6115306686314238
2023-01-02 12:00:00,0.47237356958186627,1.3225271689077178
2023-01-02 13:00:00,0.4725778834095401,1.2359550561797752
2023-01-02 14:00:00,0.47237356958186627,1.3777859642659789
2023-01-02 15:00:00,0.47278219723721393,0.7616503960213667
2023-01-02 16:00:00,0.4725778834095401,0.772702155093019
2023-01-02 17:00:00,0.47216925575419244,0.3683919690550746
2023-01-02 18:00:00,0.47278219723721393,0.011972738994289925
2023-01-02 19:00:00,0.4725778834095401,0.0
2023-01-02 20:00:00,0.47278219723721393,0.0
2023-01-02 21:00:00,0.473803766375583,0.0
2023-01-02 22:00:00,0.47278219723721393,0.0
2023-01-02 23:00:00,0.4725778834095401,0.0
2023-01-03 00:00:00,0.4725778834095401,0.0
2023-01-03 01:00:00,0.47216925575419244,0.0
2023-01-03 02:00:00,0.47237356958186627,0.0
2023-01-03 03:00:00,0.4725778834095401,0.0
2023-01-03 04:00:00,0.4725778834095401,0.0
2023-01-03 05:00:00,0.47278219723721393,0.0
2023-01-03 06:00:00,0.47237356958186627,0.0
2023-01-03 07:00:00,0.47237356958186627,0.0
2023-01-03 08:00:00,0.4719649419265186,0.0
2023-01-03 09:00:00,0.5146665319103465,0.08565113280530486
2023-01-03 10:00:00,0.5048594681820033,0.17498618530116042
2023-01-03 11:00:00,0.5800469567659682,0.4632529010867563
2023-01-03 12:00:00,0.7510576305289536,1.1678025419045865
2023-01-03 13:00:00,0.656460328315976,1.3243691287529933
2023-01-03 14:00:00,0.6615681740078214,1.0416282925032234
2023-01-03 15:00:00,0.7559611623931252,0.5378522748204089
2023-01-03 16:00:00,0.6296952168907058,0.3462884509117702
2023-01-03 17:00:00,0.7028395671979326,0.2781359366365813
2023-01-03 18:00:00,0.642975615689504,0.014735678762202983
2023-01-03 19:00:00,0.6123285415384313,0.0
2023-01-03 20:00:00,0.5365281114714451,0.0
2023-01-03 21:00:00,0.48606259603601204,0.0
2023-01-03 22:00:00,0.48626690986368587,0.0
2023-01-03 23:00:00,0.5187528084638229,0.0
2023-01-04 00:00:00,0.5179355531531276,0.0
2023-01-04 01:00:00,0.5187528084638229,0.0
2023-01-04 02:00:00,0.5210002605682349,0.0
2023-01-04 03:00:00,0.524269281811016,0.0
2023-01-04 04:00:00,0.524269281811016,0.0
2023-01-04 05:00:00,0.5240649679833422,0.0
2023-01-04 06:00:00,0.5226347711896254,0.0
2023-01-04 07:00:00,0.522021829706604,0.0
2023-01-04 08:00:00,0.524269281811016,0.0
2023-01-04 09:00:00,0.5355065423330759,0.0819672131147541
2023-01-04 10:00:00,0.6362332593762681,0.16025050653895745
2023-01-04 11:00:00,1.1073809459920914,0.45496408178301717
2023-01-04 12:00:00,1.911968799371585,1.1493829434518328
2023-01-04 13:00:00,1.640231408565408,1.3068705102228773
2023-01-04 14:00:00,1.580776084712327,0.9707128384601216
2023-01-04 15:00:00,1.2943280983136345,0.3997052864247559
2023-01-04 16:00:00,1.3196630129451878,0.2440596794989869
2023-01-04 17:00:00,1.211989625761086,0.14551482777675445
2023-01-04 18:00:00,1.1229087968953015,0.014735678762202983
2023-01-04 19:00:00,0.8342133583921972,0.0
2023-01-04 20:00:00,0.4190476605589999,0.0
2023-01-04 21:00:00,0.39412137358279414,0.0
2023-01-04 22:00:00,0.39657313951487994,0.0
2023-01-04 23:00:00,0.39207823530605596,0.0
2023-01-05 00:00:00,0.3914652938230345,0.0
2023-01-05 01:00:00,0.38983078320164405,0.0
2023-01-05 02:00:00,0.3896264693739702,0.0
2023-01-05 03:00:00,0.38901352789094873,0.0
2023-01-05 04:00:00,0.38799195875257964,0.0
2023-01-05 05:00:00,0.38717470344188437,0.0
2023-01-05 06:00:00,0.3863574481311891,0.0
2023-01-05 07:00:00,0.38492725133747235,0.0
2023-01-05 08:00:00,0.3841099960267771,0.0
2023-01-05 09:00:00,0.48544965455299066,0.07828329342420336
2023-01-05 10:00:00,0.7859952950611763,0.15748756677104436
2023-01-05 11:00:00,1.3686983315869041,0.4586480014735679
2023-01-05 12:00:00,1.8455668053775944,1.172407441517775
2023-01-05 13:00:00,1.259186119953738,1.3547614662000367
2023-01-05 14:00:00,1.2340555191498583,1.0149198747467305
2023-01-05 15:00:00,0.7827262738183953,0.41812488487750965
2023-01-05 16:00:00,0.826653746768266,0.2735310370233929
2023-01-05 17:00:00,0.9437255700253635,0.1630134463068705
2023-01-05 18:00:00,1.128220956414821,0.016577638607478358
2023-01-05 19:00:00,0.6789348493600958,0.0
2023-01-05 20:00:00,0.5508300794086123,0.0
2023-01-05 21:00:00,0.44254375074148894,0.0
2023-01-05 22:00:00,0.452555128297506,0.0
2023-01-05 23:00:00,0.3969817671702276,0.0
2023-01-06 00:00:00,0.39003509702931777,0.0
2023-01-06 01:00:00,0.38267979923306034,0.0
2023-01-06 02:00:00,0.38288411306073417,0.0
2023-01-06 03:00:00,0.38206685775003896,0.0
2023-01-06 04:00:00,0.3816582300946913,0.0
2023-01-06 05:00:00,0.3802280333009746,0.0
2023-01-06 06:00:00,0.38104528861166986,0.0
2023-01-06 07:00:00,0.37981940564562694,0.0
2023-01-06 08:00:00,0.38145391626701747,0.0
2023-01-06 09:00:00,0.5528732176853505,0.1915638239086388
2023-01-06 10:00:00,0.6035430469484572,0.5194326763676551
2023-01-06 11:00:00,1.256734354021652,0.7763860747835698
2023-01-06 12:00:00,1.392603049424741,1.3160803094492541
2023-01-06 13:00:00,1.1237260522059969,1.2995026708417756
2023-01-06 14:00:00,1.150491163631267,1.1530668631423835
2023-01-06 15:00:00,1.0497644465880749,0.6999447412046417
2023-01-06 16:00:00,1.0142138405728307,0.5341683551298582
2023-01-06 17:00:00,0.7197976148948594,0.19432676367655183
2023-01-06 18:00:00,0.5561422389281315,0.007367839381101492
2023-01-06 19:00:00,0.3935084320997727,0.0
2023-01-06 20:00:00,0.38697038961421054,0.0
2023-01-06 21:00:00,0.38717470344188437,0.0
2023-01-06 22:00:00,0.39371274592744654,0.0
2023-01-06 23:00:00,0.38533587899282,0.0
2023-01-07 00:00:00,0.38921784171862256,0.0
2023-01-07 01:00:00,0.3935084320997727,0.0
2023-01-07 02:00:00,0.3884005864079273,0.0
2023-01-07 03:00:00,0.38901352789094873,0.0
2023-01-07 04:00:00,0.39003509702931777,0.0
2023-01-07 05:00:00,0.39269117678907745,0.0
2023-01-07 06:00:00,0.39166960765070835,0.0
2023-01-07 07:00:00,0.3918739214783822,0.0
2023-01-07 08:00:00,0.3904437246846654,0.0
2023-01-07 09:00:00,0.3935084320997727,0.09762387179959477
2023-01-07 10:00:00,0.3877876449249058,0.18051206483698654
2023-01-07 11:00:00,0.38799195875257964,0.19708970344446491
2023-01-07 12:00:00,0.39391705975512037,0.09209799226376865
2023-01-07 13:00:00,0.37818489502423636,0.2799778964818567
2023-01-07 14:00:00,0.35775351225685464,0.26984711733284217
2023-01-07 15:00:00,0.35714057077383315,0.1639344262295082
2023-01-07 16:00:00,0.357344884601507,0.07275741388837723
2023-01-07 17:00:00,0.352849980392683,0.056179775280898875
2023-01-07 18:00:00,0.3544844910140736,0.003683919690550746
2023-01-07 19:00:00,0.35489311866942114,0.0
2023-01-07 20:00:00,0.3583664537398761,0.0
2023-01-07 21:00:00,0.3450860549410779,0.0
2023-01-07 22:00:00,0.33548330504040846,0.0
2023-01-07 23:00:00,0.34386017197503504,0.0
2023-01-08 00:00:00,0.3454946825964256,0.0
2023-01-08 01:00:00,0.3414084060429492,0.0
2023-01-08 02:00:00,0.3414084060429492,0.0
2023-01-08 03:00:00,0.3409997783876016,0.0
2023-01-08 04:00:00,0.3389566401108634,0.0
2023-01-08 05:00:00,0.3426342890089921,0.0
2023-01-08 06:00:00,0.34753782087316376,0.0
2023-01-08 07:00:00,0.34815076235618525,0.0
2023-01-08 08:00:00,0.34753782087316376,0.0
2023-01-08 09:00:00,0.34426879963038265,0.009209799226376865
2023-01-08 10:00:00,0.3454946825964256,0.10130779149014552
2023-01-08 11:00:00,0.3497852729775757,0.14735678762202983
2023-01-08 12:00:00,0.3387523262831896,0.2394547798857985
2023-01-08 13:00:00,0.34324723049201356,0.27537299686866823
2023-01-08 14:00:00,0.34488174111340414,0.26247927795174064
2023-01-08 15:00:00,0.3434515443196874,0.1731442254558851
2023-01-08 16:00:00,0.34324723049201356,0.18603794437281268
2023-01-08 17:00:00,0.33977389542155867,0.06446859458463805
2023-01-08 18:00:00,0.3446774272857303,0.004604899613188432
2023-01-08 19:00:00,0.34426879963038265,0.0
2023-01-08 20:00:00,0.33834369862784197,0.0
2023-01-08 21:00:00,0.3430429166643397,0.0
2023-01-08 22:00:00,0.34386017197503504,0.0
2023-01-08 23:00:00,0.37266842167704334,0.0
2023-01-09 00:00:00,0.3747115599537815,0.0
2023-01-09 01:00:00,0.3724641078493695,0.0
2023-01-09 02:00:00,0.37655038440284583,0.0
2023-01-09 03:00:00,0.3769590120581935,0.0
2023-01-09 04:00:00,0.3724641078493695,0.0
2023-01-09 05:00:00,0.37266842167704334,0.0
2023-01-09 06:00:00,0.36796920364054553,0.0
2023-01-09 07:00:00,0.37205548019402185,0.0
2023-01-09 08:00:00,0.37103391105565275,0.0
2023-01-09 09:00:00,0.4460170858119438,0.11512249032971081
2023-01-09 10:00:00,0.7334866413490052,0.28918769570823355
2023-01-09 11:00:00,1.3823873580410497,0.5967949898692209
2023-01-09 12:00:00,1.0180958032986331,1.410020261558298
2023-01-09 13:00:00,1.1631586209470437,0.8951924848038313
2023-01-09 14:00:00,1.176030392090494,1.3464726468962975
2023-01-09 15:00:00,1.2326253223561416,0.9320316817093387
2023-01-09 16:00:00,1.2875857420003987,0.6391600663105544
2023-01-09 17:00:00,1.075507988874976,0.18143304475962424
2023-01-09 18:00:00,0.8814098525848492,0.019340578375391416
2023-01-09 19:00:00,0.7253140882420525,0.0
2023-01-09 20:00:00,0.5957791214968522,0.0
2023-01-09 21:00:00,0.4351884529452315,0.0
2023-01-09 22:00:00,0.40086372989603014,0.0
2023-01-09 23:00:00,0.40188529903439923,0.0
2023-01-10 00:00:00,0.3980033363085967,0.0
2023-01-10 01:00:00,0.3951429427211633,0.0
2023-01-10 02:00:00,0.39534725654883707,0.0
2023-01-10 03:00:00,0.3984119639639443,0.0
2023-01-10 04:00:00,0.39412137358279414,0.0
2023-01-10 05:00:00,0.3955515703765109,0.0
2023-01-10 06:00:00,0.3933041182720989,0.0
2023-01-10 07:00:00,0.3951429427211633,0.0
2023-01-10 08:00:00,0.3914652938230345,0.001841959845275373
2023-01-10 09:00:00,0.4599104260937634,0.14090992816356604
2023-01-10 10:00:00,0.4002507884130087,0.540615214588322
2023-01-10 11:00:00,1.1286295840701683,0.6925769018235404
2023-01-10 12:00:00,1.1733743123307345,1.019524774359919
2023-01-10 13:00:00,0.7520791996673226,1.1889850801252533
2023-01-10 14:00:00,0.958844793273226,0.7450727574138883
2023-01-10 15:00:00,1.005836973638204,0.5977159697918586
2023-01-10 16:00:00,0.8924427992792353,0.43101860379443724
2023-01-10 17:00:00,0.9551671443750973,0.16669736599742124
2023-01-10 18:00:00,0.8399341455670642,0.01841959845275373
2023-01-10 19:00:00,0.730421933933898,0.0
2023-01-10 20:00:00,0.5397971327142261,0.0
2023-01-10 21:00:00,0.49260063852157426,0.0
2023-01-10 22:00:00,0.42538138921688823,0.0
2023-01-10 23:00:00,0.39534725654883707,0.0
2023-01-11 00:00:00,0.39391705975512037,0.0
2023-01-11 01:00:00,0.3888092140632749,0.0
2023-01-11 02:00:00,0.3961645118595324,0.0
2023-01-11 03:00:00,0.3902394108569916,0.0
2023-01-11 04:00:00,0.3904437246846654,0.0
2023-01-11 05:00:00,0.38819627258025347,0.0
2023-01-11 06:00:00,0.38758333109723203,0.0
2023-01-11 07:00:00,0.3961645118595324,0.0
2023-01-11 08:00:00,0.3845186236821247,0.0
2023-01-11 09:00:00,0.47421239403093063,0.0884140725732179
2023-01-11 10:00:00,0.4836108301039263,0.1961687235218272
2023-01-11 11:00:00,1.1513084189419622,0.5341683551298582
2023-01-11 12:00:00,1.3143508534256687,1.271873273162645
2023-01-11 13:00:00,0.9492420433725566,1.3704181248848777
2023-01-11 14:00:00,1.1206613447908897,1.2948977712285872
2023-01-11 15:00:00,1.1451790041117478,0.681525142751888
2023-01-11 16:00:00,0.9990946173249682,0.3619451095966108
2023-01-11 17:00:00,1.0413875796534482,0.2127463621293056
2023-01-11 18:00:00,0.920842421325896,0.025787437833855224
2023-01-11 19:00:00,0.7016136842318896,0.0
2023-01-11 20:00:00,0.4876971066574026,0.0
2023-01-11 21:00:00,0.3769590120581935,0.0
2023-01-11 22:00:00,0.3783892088519102,0.0
2023-01-11 23:00:00,0.38288411306073417,0.0
2023-01-12 00:00:00,0.38145391626701747,0.0
2023-01-12 01:00:00,0.3816582300946913,0.0
2023-01-12 02:00:00,0.37879783650725785,0.0
2023-01-12 03:00:00,0.3773676397135411,0.0
2023-01-12 04:00:00,0.36878645895124074,0.0
2023-01-12 05:00:00,0.3693994004342622,0.0
2023-01-12 06:00:00,0.36980802808960983,0.0
2023-01-12 07:00:00,0.3683778312958932,0.0
2023-01-12 08:00:00,0.38901352789094873,0.0
2023-01-12 09:00:00,0.5763693078678395,0.1777491250690735
2023-01-12 10:00:00,0.7678113643982065,0.6115306686314238
2023-01-12 11:00:00,1.2267002213536007,1.030576533431571
2023-01-12 12:00:00,1.594056483511125,0.7423098176459753
2023-01-12 13:00:00,1.4152818842965345,1.0011051759071652
2023-01-12 14:00:00,1.5006850642641902,0.7644133357892797
2023-01-12 15:00:00,1.7197094875305228,0.6308712470068152
2023-01-12 16:00:00,1.736054593744428,0.32234297292319025
2023-01-12 17:00:00,1.691309865483862,0.12341130963345
2023-01-12 18:00:00,1.683750253859931,0.008288819303739179
2023-01-12 19:00:00,1.6193913981426784,0.0
2023-01-12 20:00:00,1.6069282546545756,0.0
2023-01-12 21:00:00,1.632058855458455,0.0
2023-01-12 22:00:00,1.577302749641872,0.0
2023-01-12 23:00:00,1.5225466438252888,0.0
2023-01-13 00:00:00,1.5644309784984216,0.0
2023-01-13 01:00:00,1.5382788085561727,0.0
2023-01-13 02:00:00,1.5797545155739579,0.0
2023-01-13 03:00:00,1.5051799684730143,0.0
2023-01-13 04:00:00,1.599572956858318,0.0
2023-01-13 05:00:00,1.512330952441598,0.0
2023-01-13 06:00:00,1.5885400101639318,0.0
2023-01-13 07:00:00,1.520094877893203,0.0
2023-01-13 08:00:00,1.5775070634695456,0.0
2023-01-13 09:00:00,1.6212302225917428,0.1289371891692761
2023-01-13 10:00:00,1.5946694249941462,0.21643028181985632
2023-01-13 11:00:00,1.5047713408176668,0.5470620740467858
2023-01-13 12:00:00,1.622047477902438,1.2856879720022105
2023-01-13 13:00:00,1.5552368562530996,1.683551298581691
2023-01-13 14:00:00,1.0748950473919545,1.2239823171854853
2023-01-13 15:00:00,1.255712784883283,0.6032418493276847
2023-01-13 16:00:00,1.2360986574265966,0.38404862773991527
2023-01-13 17:00:00,0.9339185062970203,0.2247191011235955
2023-01-13 18:00:00,0.9245200702240246,0.026708417756492908
2023-01-13 19:00:00,0.7349168381427219,0.0
2023-01-13 20:00:00,0.6533956209008688,0.0
2023-01-13 21:00:00,0.46930886216675904,0.0
2023-01-13 22:00:00,0.43171511787477657,0.0
2023-01-13 23:00:00,0.42558570304456206,0.0
2023-01-14 00:00:00,0.42885472428734317,0.0
2023-01-14 01:00:00,0.45888885695539433,0.0
2023-01-14 02:00:00,0.44499551667357473,0.0
2023-01-14 03:00:00,0.4247684477338668,0.0
2023-01-14 04:00:00,0.42435982007851913,0.0
2023-01-14 05:00:00,0.45337238360820126,0.0
2023-01-14 06:00:00,0.44254375074148894,0.0
2023-01-14 07:00:00,0.4409092401200984,0.0
2023-01-14 08:00:00,0.4329410008408195,0.0
2023-01-14 09:00:00,0.42313393711247627,0.12156934978817463
2023-01-14 10:00:00,0.4210907988357381,0.25326947872536376
2023-01-14 11:00:00,0.4272202136659526,0.5949530300239455
2023-01-14 12:00:00,0.43682296356662204,0.4724627003131332
2023-01-14 13:00:00,0.40760608620926614,0.42457174433597344
2023-01-14 14:00:00,0.43375825615151475,0.48443543930742305
2023-01-14 15:00:00,0.43641433591127443,0.4770675999263216
2023-01-14 16:00:00,0.41067079362437336,0.36747098913243686
2023-01-14 17:00:00,0.43641433591127443,0.155645606925769
2023-01-14 18:00:00,0.42252099562945483,0.023024498065942162
2023-01-14 19:00:00,0.4261986445275835,0.0
2023-01-14 20:00:00,0.43947904332638166,0.0
2023-01-14 21:00:00,0.41741314993760936,0.0
2023-01-14 22:00:00,0.44560845815659617,0.0
2023-01-14 23:00:00,0.4118966765904163,0.0
2023-01-15 00:00:00,0.4517378729868107,0.0
2023-01-15 01:00:00,0.4308978625640813,0.0
2023-01-15 02:00:00,0.42374687859549776,0.0
2023-01-15 03:00:00,0.47870729823975466,0.0
2023-01-15 04:00:00,0.42149942649108574,0.0
2023-01-15 05:00:00,0.48156769182718806,0.0
2023-01-15 06:00:00,0.41475707017784974,0.0
2023-01-15 07:00:00,0.4789116120674285,0.0
2023-01-15 08:00:00,0.47727710144603797,0.0
2023-01-15 09:00:00,0.47237356958186627,0.09762387179959477
2023-01-15 10:00:00,0.42538138921688823,0.37575980843617607
2023-01-15 11:00:00,0.4535766974358751,0.6087677288635108
2023-01-15 12:00:00,0.4163915807992403,1.3667342051943268
2023-01-15 13:00:00,0.4607276814044587,1.4450174986185302
2023-01-15 14:00:00,0.44581277198427,1.3888377233376312
2023-01-15 15:00:00,0.4300806072533861,0.7386258979554245
2023-01-15 16:00:00,0.4272202136659526,0.466936820777307
2023-01-15 17:00:00,0.4261986445275835,0.24774359918953767
2023-01-15 18:00:00,0.46113630905980635,0.026708417756492908
2023-01-15 19:00:00,0.4308978625640813,0.0
2023-01-15 20:00:00,0.47053474513280197,0.0
2023-01-15 21:00:00,0.42170374031875957,0.0
2023-01-15 22:00:00,0.43232805935779806,0.0
2023-01-15 23:00:00,0.47339513872023536,0.0
2023-01-16 00:00:00,0.410057852141352,0.0
2023-01-16 01:00:00,0.4725778834095401,0.0
2023-01-16 02:00:00,0.45275944212517977,0.0
2023-01-16 03:00:00,0.4306935487364075,0.0
2023-01-16 04:00:00,0.4339625699791886,0.0
2023-01-16 05:00:00,0.4351884529452315,0.0
2023-01-16 06:00:00,0.439070415671034,0.0
2023-01-16 07:00:00,0.44540414432892234,0.0
2023-01-16 08:00:00,0.426811586010605,0.0
2023-01-16 09:00:00,0.4550068942295918,0.06631055442991343
2023-01-16 10:00:00,0.7030438810256064,0.34352551114385704
2023-01-16 11:00:00,1.8786656454607529,0.5571928531958004
2023-01-16 12:00:00,1.902978990953937,0.5792963713391048
2023-01-16 13:00:00,1.1629543071193698,0.5783753914164671
2023-01-16 14:00:00,1.5276544895171342,0.5129858169091914
2023-01-16 15:00:00,1.670061227405785,0.326026892613741
2023-01-16 16:00:00,1.5415478297989538,0.11328053048443544
2023-01-16 17:00:00,1.5529894041486876,0.06262663473936268
2023-01-16 18:00:00,1.434896011753221,0.0
2023-01-16 19:00:00,1.35991283699693,0.0
2023-01-16 20:00:00,1.338459885091179,0.0
2023-01-16 21:00:00,1.3678810762762088,0.0
2023-01-16 22:00:00,1.278187305927403,0.0
2023-01-16 23:00:00,1.2875857420003987,0.0
2023-01-17 00:00:00,1.2988230025224585,0.0
2023-01-17 01:00:00,1.260412002919781,0.0
2023-01-17 02:00:00,1.2957582951073514,0.0
2023-01-17 03:00:00,1.290446135587832,0.0
2023-01-17 04:00:00,1.2975971195564158,0.0
2023-01-17 05:00:00,1.2998445716608276,0.0
2023-01-17 06:00:00,1.279413188893446,0.0
2023-01-17 07:00:00,1.300457513143849,0.0
2023-01-17 08:00:00,1.3131249704596257,0.0
2023-01-17 09:00:00,1.3233406618433166,0.1289371891692761
2023-01-17 10:00:00,1.3774838261768785,0.434702523484988
2023-01-17 11:00:00,1.5946694249941462,0.5940320501013078
2023-01-17 12:00:00,1.498641925987452,0.8104623319211641
2023-01-17 13:00:00,1.50334114402395,0.9550561797752809
2023-01-17 14:00:00,1.6776208390297165,0.649290845459569
2023-01-17 15:00:00,1.741775380919295,0.9090071836433966
2023-01-17 16:00:00,1.6361451320119313,0.44483330263400256
2023-01-17 17:00:00,1.6467694510509698,0.14551482777675445
2023-01-17 18:00:00,1.6598455360220943,0.022103518143304475
2023-01-17 19:00:00,1.4330571873041569,0.0
2023-01-17 20:00:00,1.4308097351997446,0.0
2023-01-17 21:00:00,1.3245665448093595,0.0
2023-01-17 22:00:00,1.3270183107414455,0.0
2023-01-17 23:00:00,1.3276312522244667,0.0
2023-01-18 00:00:00,1.3272226245691192,0.0
2023-01-18 01:00:00,1.3288571351905099,0.0
2023-01-18 02:00:00,1.3282441937074883,0.0
2023-01-18 03:00:00,1.3272226245691192,0.0
2023-01-18 04:00:00,1.3266096830860976,0.0
2023-01-18 05:00:00,1.3272226245691192,0.0
2023-01-18 06:00:00,1.328652821362836,0.0
2023-01-18 07:00:00,1.3245665448093595,0.0
2023-01-18 08:00:00,1.3243622309816856,0.0
2023-01-18 09:00:00,1.4030230546361055,0.13354208878246454
2023-01-18 10:00:00,1.5509462658719493,0.3858905875851906
2023-01-18 11:00:00,1.6001858983413395,0.755203536562903
2023-01-18 12:00:00,1.7489263648878788,0.9946583164487015
2023-01-18 13:00:00,1.5503333243889281,1.562902928716154
2023-01-18 14:00:00,1.5789372602632625,1.1843801805120648
2023-01-18 15:00:00,1.5697431380179407,0.7616503960213667
2023-01-18 16:00:00,1.6594369083667466,0.417203904954872
2023-01-18 17:00:00,1.628789834215674,0.23392890034997238
2023-01-18 18:00:00,1.7013212430398792,0.026708417756492908
2023-01-18 19:00:00,1.4679948518363795,0.0
2023-01-18 20:00:00,1.4212069852990752,0.0
2023-01-18 21:00:00,1.3304916458119003,0.0
2023-01-18 22:00:00,1.3190500714621665,0.0
2023-01-18 23:00:00,1.2234312001108198,0.0
2023-01-19 00:00:00,1.2226139448001245,0.0
2023-01-19 01:00:00,1.2224096309724506,0.0
2023-01-19 02:00:00,1.2228182586277985,0.0
2023-01-19 03:00:00,1.2234312001108198,0.0
2023-01-19 04:00:00,1.2230225724554722,0.0
2023-01-19 05:00:00,1.2230225724554722,0.0
2023-01-19 06:00:00,1.2230225724554722,0.0
2023-01-19 07:00:00,1.2228182586277985,0.0
2023-01-19 08:00:00,1.2222053171447769,0.0
2023-01-19 09:00:00,1.2548955295725877,0.108675630871247
2023-01-19 10:00:00,1.229969242596382,0.3131331736968134
2023-01-19 11:00:00,1.1656103868791294,0.8215140909928164
2023-01-19 12:00:00,1.8445452362392254,0.7238902191932216
2023-01-19 13:00:00,2.1113790951812312,0.60508380917296
2023-01-19 14:00:00,1.917689586546452,0.6566586848406706
2023-01-19 15:00:00,1.872944858285886,0.3426045312212194
2023-01-19 16:00:00,1.8363726831322726,0.2201142015104071
2023-01-19 17:00:00,1.4132387460197964,0.11696445017498619
2023-01-19 18:00:00,1.4637042614552294,0.011972738994289925
2023-01-19 19:00:00,1.2269045351812748,0.0
2023-01-19 20:00:00,0.5471524305104836,0.0
2023-01-19 21:00:00,0.4241555062508453,0.0
2023-01-19 22:00:00,0.44540414432892234,0.0
2023-01-19 23:00:00,0.4374359050496435,0.0
2023-01-20 00:00:00,0.42987629342571226,0.0
2023-01-20 01:00:00,0.45909317078306816,0.0
2023-01-20 02:00:00,0.41434844252250214,0.0
2023-01-20 03:00:00,0.4552112080572656,0.0
2023-01-20 04:00:00,0.4210907988357381,0.0
2023-01-20 05:00:00,0.4386617880156864,0.0
2023-01-20 06:00:00,0.43334962849616715,0.0
2023-01-20 07:00:00,0.44315669222451043,0.0
2023-01-20 08:00:00,0.4409092401200984,0.0
2023-01-20 09:00:00,0.47543827699697355,0.09209799226376865
2023-01-20 10:00:00,0.441317867775446,0.2468226192669
2023-01-20 11:00:00,0.5216132020512564,0.9596610793884695
2023-01-20 12:00:00,0.8660863155093128,1.1585927426782097
2023-01-20 13:00:00,0.865882001681639,1.3842328237244428
2023-01-20 14:00:00,0.8099000128990129,1.5011972738994288
2023-01-20 15:00:00,0.7794572525756142,0.8325658500644686
2023-01-20 16:00:00,0.7545309655994085,0.7045496408178302
2023-01-20 17:00:00,0.7394117423515459,0.3131331736968134
2023-01-20 18:00:00,0.8932600545899305,0.03131331736968134
2023-01-20 19:00:00,0.749423119907563,0.0
2023-01-20 20:00:00,0.5293771275028615,0.0
2023-01-20 21:00:00,0.3980033363085967,0.0
2023-01-20 22:00:00,0.37307704933239094,0.0
2023-01-20 23:00:00,0.37266842167704334,0.0
2023-01-21 00:00:00,0.378593522679584,0.0
2023-01-21 01:00:00,0.3749158737814553,0.0
2023-01-21 02:00:00,0.3802280333009746,0.0
2023-01-21 03:00:00,0.37328136316006477,0.0
2023-01-21 04:00:00,0.37532450143680296,0.0
2023-01-21 05:00:00,0.37879783650725785,0.0
2023-01-21 06:00:00,0.371851166366348,0.0
2023-01-21 07:00:00,0.3708295972279789,0.0
2023-01-21 08:00:00,0.3673562621575241,0.0
2023-01-21 09:00:00,0.3691950866065884,0.09209799226376865
2023-01-21 10:00:00,0.37205548019402185,0.1639344262295082
2023-01-21 11:00:00,0.3757331290921506,0.5470620740467858
2023-01-21 12:00:00,0.37716332588586726,1.4523853379996314
2023-01-21 13:00:00,0.3769590120581935,1.4754098360655736
2023-01-21 14:00:00,0.38370136837142943,1.3262110885982685
2023-01-21 15:00:00,0.37981940564562694,0.6603426045312212
2023-01-21 16:00:00,0.383088426888408,0.3462884509117702
2023-01-21 17:00:00,0.3812496024393437,0.2385337999631608
2023-01-21 18:00:00,0.37879783650725785,0.05802173512617425
2023-01-21 19:00:00,0.37675469823051966,0.0
2023-01-21 20:00:00,0.3734856769877386,0.0
2023-01-21 21:00:00,0.37368999081541243,0.0
2023-01-21 22:00:00,0.37614175674749817,0.0
2023-01-21 23:00:00,0.3665390068468288,0.0
2023-01-22 00:00:00,0.3665390068468288,0.0
2023-01-22 01:00:00,0.35918370905057134,0.0
2023-01-22 02:00:00,0.366334693019155,0.0
2023-01-22 03:00:00,0.36326998560404766,0.0
2023-01-22 04:00:00,0.3636786132593953,0.0
2023-01-22 05:00:00,0.3644958685700906,0.0
2023-01-22 06:00:00,0.3634742994317215,0.0
2023-01-22 07:00:00,0.36326998560404766,0.0
2023-01-22 08:00:00,0.3630656717763739,0.001841959845275373
2023-01-22 09:00:00,0.3608182196719619,0.12709522932400072
2023-01-22 10:00:00,0.36286135794870006,0.30300239454779887
2023-01-22 11:00:00,0.3636786132593953,0.6824461226745258
2023-01-22 12:00:00,0.3636786132593953,1.466200036839197
2023-01-22 13:00:00,0.3702166557449575,1.5997421256216615
2023-01-22 14:00:00,0.3708295972279789,1.5380364708049366
2023-01-22 15:00:00,0.3806366609563222,0.705470620740468
2023-01-22 16:00:00,0.37512018760912913,0.47798857984895926
2023-01-22 17:00:00,0.37205548019402185,0.2735310370233929
2023-01-22 18:00:00,0.37164685253867424,0.05065389574507276
2023-01-22 19:00:00,0.366334693019155,0.0
2023-01-22 20:00:00,0.36715194832985026,0.0
2023-01-22 21:00:00,0.36388292708706915,0.0
2023-01-22 22:00:00,0.36429155474241676,0.0
2023-01-22 23:00:00,0.36326998560404766,0.0
2023-01-23 00:00:00,0.3616354749826572,0.0
2023-01-23 01:00:00,0.3593880228782452,0.0
2023-01-23 02:00:00,0.3557103739801164,0.0
2023-01-23 03:00:00,0.35468880484174736,0.0
2023-01-23 04:00:00,0.35428017718639976,0.0
2023-01-23 05:00:00,0.35468880484174736,0.0
2023-01-23 06:00:00,0.35428017718639976,0.0
2023-01-23 07:00:00,0.35366723570337827,0.0
2023-01-23 08:00:00,0.35714057077383315,0.0009209799226376865
2023-01-23 09:00:00,0.6681062164933836,0.09117701234113096
2023-01-23 10:00:00,1.5766898081588505,0.1648554061521459
2023-01-23 11:00:00,1.8414805288241183,0.5710075520353657
2023-01-23 12:00:00,1.7507651893369431,1.4790937557561246
2023-01-23 13:00:00,1.403431682291453,1.6301344630687051
2023-01-23 14:00:00,1.1412970413859451,1.632897402836618
2023-01-23 15:00:00,1.4590050434187314,0.7542825566402653
2023-01-23 16:00:00,1.4500152350010835,0.3195800331552772
2023-01-23 17:00:00,1.6079498237929446,0.21366734205194327
2023-01-23 18:00:00,1.085519366430993,0.053416835512985816
2023-01-23 19:00:00,0.686698774811701,0.0
2023-01-23 20:00:00,0.5755520525571443,0.0
2023-01-23 21:00:00,0.4958696597643553,0.0
2023-01-23 22:00:00,0.34733350704548993,0.0
2023-01-23 23:00:00,0.3414084060429492,0.0
2023-01-24 00:00:00,0.3426342890089921,0.0
2023-01-24 01:00:00,0.34222566135364446,0.0
2023-01-24 02:00:00,0.3430429166643397,0.0
2023-01-24 03:00:00,0.34386017197503504,0.0
2023-01-24 04:00:00,0.33507467738506086,0.0
2023-01-24 05:00:00,0.3328272252806489,0.0
2023-01-24 06:00:00,0.3328272252806489,0.0
2023-01-24 07:00:00,0.3328272252806489,0.0
2023-01-24 08:00:00,0.3328272252806489,0.0009209799226376865
2023-01-24 09:00:00,0.3330315391083227,0.09486093203168171
2023-01-24 10:00:00,0.5655406750011271,0.1713022656106097
2023-01-24 11:00:00,1.4395952297897188,0.5525879535826119
2023-01-24 12:00:00,2.0643869148162532,1.4929084545956897
2023-01-24 13:00:00,1.7820252049710372,1.6107938846933136
2023-01-24 14:00:00,1.5617748987386617,1.6236876036102412
2023-01-24 15:00:00,1.9967590378562194,0.7819119543193959
2023-01-24 16:00:00,2.02515865990288,0.33615767176275557
2023-01-24 17:00:00,1.5284717448278295,0.22287714127832012
2023-01-24 18:00:00,1.2935108430029394,0.056179775280898875
2023-01-24 19:00:00,0.7688329335365757,0.0
2023-01-24 20:00:00,0.5322375210902949,0.0
2023-01-24 21:00:00,0.5939402970477877,0.0
2023-01-24 22:00:00,0.3424299751813183,0.0
2023-01-24 23:00:00,0.3377307571448205,0.0
2023-01-25 00:00:00,0.3387523262831896,0.0
2023-01-25 01:00:00,0.33711781566179905,0.0
2023-01-25 02:00:00,0.3367091880064514,0.0
2023-01-25 03:00:00,0.3358919326957561,0.0
2023-01-25 04:00:00,0.3356876188680823,0.0
2023-01-25 05:00:00,0.3356876188680823,0.0
2023-01-25 06:00:00,0.3379350709724943,0.0
2023-01-25 07:00:00,0.3352789912127347,0.0
2023-01-25 08:00:00,0.3409997783876016,0.0027629397679130594
2023-01-25 09:00:00,0.4439739475352057,0.09670289187695708
2023-01-25 10:00:00,0.7890600024762836,0.17222324553324736
2023-01-25 11:00:00,1.512126638613924,0.5783753914164671
2023-01-25 12:00:00,2.056010047881627,1.5205378522748203
2023-01-25 13:00:00,2.036600234252614,1.647633081598821
2023-01-25 14:00:00,2.0327182715268113,1.6946030576533433
2023-01-25 15:00:00,1.7223655672902825,0.8205931110701786
2023-01-25 16:00:00,1.6040678610671422,0.3637870694418862
2023-01-25 17:00:00,1.383613241007093,0.23484988027261006
2023-01-25 18:00:00,1.2773700506167078,0.057100755203536566
2023-01-25 19:00:00,0.6339858072718559,0.0
2023-01-25 20:00:00,0.5604328293092817,0.0
2023-01-25 21:00:00,0.4650182717856089,0.0
2023-01-25 22:00:00,0.4284460966319955,0.0
2023-01-25 23:00:00,0.34283860283666595,0.0
2023-01-26 00:00:00,0.3424299751813183,0.0
2023-01-26 01:00:00,0.341612719870623,0.0
2023-01-26 02:00:00,0.3399782092492325,0.0
2023-01-26 03:00:00,0.34079546455992776,0.0
2023-01-26 04:00:00,0.3409997783876016,0.0
2023-01-26 05:00:00,0.340591150732254,0.0
2023-01-26 06:00:00,0.3424299751813183,0.0
2023-01-26 07:00:00,0.341612719870623,0.0
2023-01-26 08:00:00,0.3512154697712925,0.0
2023-01-26 09:00:00,0.4102621659690257,0.18051206483698654
2023-01-26 10:00:00,0.7745537207114425,0.6152145883219746
2023-01-26 11:00:00,1.3678810762762088,0.622582427703076
2023-01-26 12:00:00,2.3238654759620014,1.5334315711917479
2023-01-26 13:00:00,2.28525016253165,1.4339657395468781
2023-01-26 14:00:00,1.9992108037883054,0.769939215325106
2023-01-26 15:00:00,1.9775535380548805,0.634555166697366
2023-01-26 16:00:00,1.264702593300931,0.45220114201510403
2023-01-26 17:00:00,1.0610017071101348,0.3932584269662921
2023-01-26 18:00:00,1.4177336502286202,0.061705654816725
2023-01-26 19:00:00,1.1500825359759195,0.0
2023-01-26 20:00:00,0.9416824317486253,0.0
2023-01-26 21:00:00,0.34998958680524955,0.0
2023-01-26 22:00:00,0.32996683169321545,0.0
2023-01-26 23:00:00,0.3301711455208892,0.0
2023-01-27 00:00:00,0.3295582040378678,0.0
2023-01-27 01:00:00,0.3287409487271725,0.0
2023-01-27 02:00:00,0.32771937958880343,0.0
2023-01-27 03:00:00,0.3273107519334558,0.0
2023-01-27 04:00:00,0.3266978104504344,0.0
2023-01-27 05:00:00,0.3256762413120653,0.0
2023-01-27 06:00:00,0.3256762413120653,0.0
2023-01-27 07:00:00,0.40801471386461374,0.0
2023-01-27 08:00:00,0.7976411832385839,0.0027629397679130594
2023-01-27 09:00:00,0.9950083407714918,0.0957819119543194
2023-01-27 10:00:00,2.0956469304503473,0.170381285687972
2023-01-27 11:00:00,1.9755103997781425,0.60508380917296
2023-01-27 12:00:00,1.719505173702849,1.5297476515011974
2023-01-27 13:00:00,1.440616798928088,1.666052680051575
2023-01-27 14:00:00,1.7517867584753122,1.8216982869773437
2023-01-27 15:00:00,1.6878365304134073,0.9734757782280347
2023-01-27 16:00:00,1.2900375079324844,0.34997237060232084
2023-01-27 17:00:00,1.1746001952967775,0.22379812120095782
2023-01-27 18:00:00,1.2569386678493257,0.06262663473936268
2023-01-27 19:00:00,1.1039076109216366,0.0
2023-01-27 20:00:00,0.9988903034972942,0.0
2023-01-27 21:00:00,0.9502636125109257,0.0
2023-01-27 22:00:00,0.9339185062970203,0.0
2023-01-27 23:00:00,0.934122820124694,0.0
2023-01-28 00:00:00,0.934122820124694,0.0
2023-01-28 01:00:00,0.9302408573988915,0.0
2023-01-28 02:00:00,0.9267675223284367,0.0
2023-01-28 03:00:00,0.9269718361561105,0.0
2023-01-28 04:00:00,0.9288106606051749,0.0
2023-01-28 05:00:00,0.9284020329498273,0.0
2023-01-28 06:00:00,0.928606346777501,0.0
2023-01-28 07:00:00,0.928606346777501,0.0
2023-01-28 08:00:00,0.9261545808454151,0.004604899613188432
2023-01-28 09:00:00,0.928606346777501,0.1031497513354209
2023-01-28 10:00:00,0.9239071287410032,0.1768281451464358
2023-01-28 11:00:00,0.9290149744328486,0.6142936083993369
2023-01-28 12:00:00,0.9271761499837843,1.539878430650212
2023-01-28 13:00:00,0.9292192882605225,1.677104439123227
2023-01-28 14:00:00,0.9267675223284367,1.8263031865905324
2023-01-28 15:00:00,0.9294236020881963,1.0001841959845277
2023-01-28 16:00:00,0.9267675223284367,0.37852274820408915
2023-01-28 17:00:00,0.9279934052944796,0.2449806594216246
2023-01-28 18:00:00,0.9275847776391319,0.07183643396573955
2023-01-28 19:00:00,0.9281977191221533,0.0
2023-01-28 20:00:00,0.9279934052944796,0.0
2023-01-28 21:00:00,0.9279934052944796,0.0
2023-01-28 22:00:00,0.9292192882605225,0.0
2023-01-28 23:00:00,0.928606346777501,0.0
2023-01-29 00:00:00,0.9279934052944796,0.0
2023-01-29 01:00:00,0.9279934052944796,0.0
2023-01-29 02:00:00,0.9284020329498273,0.0
2023-01-29 03:00:00,0.9273804638114581,0.0
2023-01-29 04:00:00,0.9271761499837843,0.0
2023-01-29 05:00:00,0.9271761499837843,0.0
2023-01-29 06:00:00,0.9273804638114581,0.0
2023-01-29 07:00:00,0.9269718361561105,0.0
2023-01-29 08:00:00,0.928606346777501,0.004604899613188432
2023-01-29 09:00:00,0.9271761499837843,0.10407073125805857
2023-01-29 10:00:00,0.9288106606051749,0.17498618530116042
2023-01-29 11:00:00,0.9255416393623938,0.6106096887087862
2023-01-29 12:00:00,0.9220683042919389,1.5730337078651684
2023-01-29 13:00:00,0.9281977191221533,1.7323632344814883
2023-01-29 14:00:00,0.9224769319472865,1.9524774359918953
2023-01-29 15:00:00,0.9232941872579818,1.0720206299502673
2023-01-29 16:00:00,0.9222726181196127,0.3748388285135384
2023-01-29 17:00:00,0.9212510489812437,0.24221771965371153
2023-01-29 18:00:00,0.9212510489812437,0.07552035365629028
2023-01-29 19:00:00,0.9210467351535697,0.0
2023-01-29 20:00:00,0.9212510489812437,0.0
2023-01-29 21:00:00,0.9212510489812437,0.0
2023-01-29 22:00:00,0.9212510489812437,0.0
2023-01-29 23:00:00,0.9214553628089174,0.0
2023-01-30 00:00:00,0.9210467351535697,0.0
2023-01-30 01:00:00,0.9212510489812437,0.0
2023-01-30 02:00:00,0.9210467351535697,0.0
2023-01-30 03:00:00,0.9212510489812437,0.0
2023-01-30 04:00:00,0.9206381074982221,0.0
2023-01-30 05:00:00,0.9210467351535697,0.0
2023-01-30 06:00:00,0.9210467351535697,0.0
2023-01-30 07:00:00,0.9214553628089174,0.0
2023-01-30 08:00:00,0.9210467351535697,0.005525879535826119
2023-01-30 09:00:00,0.9972557928759037,0.10683367102597163
2023-01-30 10:00:00,0.9220683042919389,0.18235402468226192
2023-01-30 11:00:00,1.0987997652297912,0.637318106465279
2023-01-30 12:00:00,2.067655936059034,1.5757966476330814
2023-01-30 13:00:00,1.7333985139846686,1.7590716522379812
2023-01-30 14:00:00,1.423863065058835,1.9819487935163014
2023-01-30 15:00:00,1.157233519944503,1.0830723890219194
2023-01-30 16:00:00,1.5247940959297006,0.3776017682814515
2023-01-30 17:00:00,1.3764622570385092,0.24866457911217538
2023-01-30 18:00:00,1.2136241363824767,0.07552035365629028
2023-01-30 19:00:00,0.7153027106860355,0.0
2023-01-30 20:00:00,0.4891273034511193,0.0
2023-01-30 21:00:00,0.42456413390619296,0.0
2023-01-30 22:00:00,0.41945628821434755,0.0
2023-01-30 23:00:00,0.4196606020420214,0.0
2023-01-31 00:00:00,0.4163915807992403,0.0
2023-01-31 01:00:00,0.41577863931621883,0.0
2023-01-31 02:00:00,0.41434844252250214,0.0
2023-01-31 03:00:00,0.41475707017784974,0.0
2023-01-31 04:00:00,0.4123053042457639,0.0
2023-01-31 05:00:00,0.41148804893506863,0.0
2023-01-31 06:00:00,0.410057852141352,0.0
2023-01-31 07:00:00,0.40699314472624465,0.0
2023-01-31 08:00:00,0.4041327511388112,0.008288819303739179
2023-01-31 09:00:00,0.44356531987985803,0.11328053048443544
2023-01-31 10:00:00,0.7594344974635799,0.19064284398600112
2023-01-31 11:00:00,1.8823432943588816,0.6649475041444096
2023-01-31 12:00:00,2.259097992589401,1.6117148646159514
2023-01-31 13:00:00,2.123842238669334,1.762755571928532
2023-01-31 14:00:00,1.810424827017698,2.0602320869405046
2023-01-31 15:00:00,1.3668595071378398,1.1595137226008472
2023-01-31 16:00:00,1.3176198746684495,0.41812488487750965
2023-01-31 17:00:00,1.2164845299699099,0.27629397679130596
2023-01-31 18:00:00,1.2375288542203131,0.08565113280530486
2023-01-31 19:00:00,1.1308770361745806,0.0
2023-01-31 20:00:00,0.7602517527742753,0.0
2023-01-31 21:00:00,0.6607509186971261,0.0
2023-01-31 22:00:00,0.413326873384133,0.0
2023-01-31 23:00:00,0.4096492244860043,0.0
2023-02-01 00:00:00,0.4123053042457639,0.0
2023-02-01 01:00:00,0.41067079362437336,0.0
2023-02-01 02:00:00,0.40760608620926614,0.0
2023-02-01 03:00:00,0.40985353831367816,0.0
2023-02-01 04:00:00,0.4102621659690257,0.0
2023-02-01 05:00:00,0.40883196917530906,0.0
2023-02-01 06:00:00,0.40801471386461374,0.0
2023-02-01 07:00:00,0.4094449106583305,0.0
2023-02-01 08:00:00,0.40658451707089704,0.008288819303739179
2023-02-01 09:00:00,0.4190476605589999,0.10775465094860931
2023-02-01 10:00:00,0.4102621659690257,0.18051206483698654
2023-02-01 11:00:00,1.4590050434187314,0.6704733836802358
2023-02-01 12:00:00,2.4243878791775195,1.6319764229139806
2023-02-01 13:00:00,2.1109704675258834,1.8051206483698656
2023-02-01 14:00:00,1.7556687212011148,2.1468041996684475
2023-02-01 15:00:00,1.4083352141556247,1.2488487750967028
2023-02-01 16:00:00,1.4242716927141825,0.37944372812672683
2023-02-01 17:00:00,1.4267234586462683,0.2468226192669
2023-02-01 18:00:00,1.260003375264433,0.08473015288266716
2023-02-01 19:00:00,0.6969144661953919,0.0
2023-02-01 20:00:00,0.5867893130792041,0.0
2023-02-01 21:00:00,0.47850298441208083,0.0
2023-02-01 22:00:00,0.37328136316006477,0.0
2023-02-01 23:00:00,0.403315495828116,0.0
2023-02-02 00:00:00,0.40372412348346354,0.0
2023-02-02 01:00:00,0.40454137879415886,0.0
2023-02-02 02:00:00,0.4022939266897469,0.0
2023-02-02 03:00:00,0.4022939266897469,0.0
2023-02-02 04:00:00,0.40392843731113737,0.0
2023-02-02 05:00:00,0.4047456926218327,0.0
2023-02-02 06:00:00,0.39984216075766105,0.0
2023-02-02 07:00:00,0.40311118200044216,0.0
2023-02-02 08:00:00,0.4441782613628795,0.008288819303739179
2023-02-02 09:00:00,0.4795245535504499,0.10959661079388469
2023-02-02 10:00:00,0.7287874233125075,0.18235402468226192
2023-02-02 11:00:00,1.3795269644536166,0.6907349419782649
2023-02-02 12:00:00,1.8016393324277236,1.6292134831460676
2023-02-02 13:00:00,1.5505376382166018,1.798673788911402
2023-02-02 14:00:00,1.2338512053221846,2.1615398784306503
2023-02-02 15:00:00,1.0248381596118692,1.286608951924848
2023-02-02 16:00:00,1.0693785740447614,0.40246822619266903
2023-02-02 17:00:00,1.1911496153383565,0.2634002578743783
2023-02-02 18:00:00,0.832374533943133,0.09486093203168171
2023-02-02 19:00:00,0.6096724617786717,0.0
2023-02-02 20:00:00,0.4748253355139521,0.0
2023-02-02 21:00:00,0.41884334673132606,0.0
2023-02-02 22:00:00,0.40556294793252795,0.0
2023-02-02 23:00:00,0.404337064966485,0.0
2023-02-03 00:00:00,0.40454137879415886,0.0
2023-02-03 01:00:00,0.40392843731113737,0.0
2023-02-03 02:00:00,0.3996378469299872,0.0
2023-02-03 03:00:00,0.4035198096557898,0.0
2023-02-03 04:00:00,0.40188529903439923,0.0
2023-02-03 05:00:00,0.39677745334255377,0.0
2023-02-03 06:00:00,0.39064803851233926,0.0
2023-02-03 07:00:00,0.3933041182720989,0.0
2023-02-03 08:00:00,0.410057852141352,0.011051759071652238
2023-02-03 09:00:00,0.433553942323841,0.11696445017498619
2023-02-03 10:00:00,0.7214321255162499,0.19708970344446491
2023-02-03 11:00:00,1.475145835804963,0.7238902191932216
2023-02-03 12:00:00,1.7579161733055266,1.632897402836618
2023-02-03 13:00:00,1.6862020197920167,1.7876220298397494
2023-02-03 14:00:00,1.1423186105243142,2.1679867378891142
2023-02-03 15:00:00,1.1766433335735156,1.289371891692761
2023-02-03 16:00:00,1.0172785479879378,0.4254927242586112
2023-02-03 17:00:00,0.979071862212934,0.27076809725547984
2023-02-03 18:00:00,0.6789348493600958,0.09854485172223246
2023-02-03 19:00:00,0.43845747418801256,0.0
2023-02-03 20:00:00,0.41271393190111155,0.0
2023-02-03 21:00:00,0.38533587899282,0.0
2023-02-03 22:00:00,0.3593880228782452,0.0
2023-02-03 23:00:00,0.38799195875257964,0.0
2023-02-04 00:00:00,0.38656176195886294,0.0
2023-02-04 01:00:00,0.3888092140632749,0.0
2023-02-04 02:00:00,0.39003509702931777,0.0
2023-02-04 03:00:00,0.3873790172695582,0.0
2023-02-04 04:00:00,0.3877876449249058,0.0
2023-02-04 05:00:00,0.3867660757865367,0.0
2023-02-04 06:00:00,0.38390568219910326,0.0
2023-02-04 07:00:00,0.38717470344188437,0.0
2023-02-04 08:00:00,0.3886049002356011,0.011051759071652238
2023-02-04 09:00:00,0.3877876449249058,0.11696445017498619
2023-02-04 10:00:00,0.3884005864079273,0.19524774359918953
2023-02-04 11:00:00,0.3908523523400131,0.7395468778780623
2023-02-04 12:00:00,0.3935084320997727,1.6605268005157487
2023-02-04 13:00:00,0.40392843731113737,1.8410388653527354
2023-02-04 14:00:00,0.40781040003693997,2.2370602320869404
2023-02-04 15:00:00,0.40658451707089704,1.3685761650396022
2023-02-04 16:00:00,0.41271393190111155,0.4153619451095966
2023-02-04 17:00:00,0.40290686817276833,0.26432123779701605
2023-02-04 18:00:00,0.4000464745853349,0.10499171118069626
2023-02-04 19:00:00,0.3908523523400131,0.0
2023-02-04 20:00:00,0.38901352789094873,0.0
2023-02-04 21:00:00,0.3851315651651462,0.0
2023-02-04 22:00:00,0.3845186236821247,0.0
2023-02-04 23:00:00,0.3841099960267771,0.0
2023-02-05 00:00:00,0.3818625439223651,0.0
2023-02-05 01:00:00,0.38104528861166986,0.0
2023-02-05 02:00:00,0.38104528861166986,0.0
2023-02-05 03:00:00,0.3802280333009746,0.0
2023-02-05 04:00:00,0.37981940564562694,0.0
2023-02-05 05:00:00,0.38145391626701747,0.0
2023-02-05 06:00:00,0.38206685775003896,0.0
2023-02-05 07:00:00,0.3812496024393437,0.0
2023-02-05 08:00:00,0.3832927407160818,0.011051759071652238
2023-02-05 09:00:00,0.3816582300946913,0.11143857063916006
2023-02-05 10:00:00,0.3841099960267771,0.1841959845275373
2023-02-05 11:00:00,0.38717470344188437,0.7791490145514828
2023-02-05 12:00:00,0.3894221555462964,1.7001289371891692
2023-02-05 13:00:00,0.35816213991220225,1.8926137410204458
2023-02-05 14:00:00,0.3634742994317215,2.3623135015656658
2023-02-05 15:00:00,0.3644958685700906,1.483698655369313
2023-02-05 16:00:00,0.3708295972279789,0.4190458648001474
2023-02-05 17:00:00,0.36796920364054553,0.24866457911217538
2023-02-05 18:00:00,0.36204410263800485,0.10499171118069626
2023-02-05 19:00:00,0.36020527818894044,0.0
2023-02-05 20:00:00,0.3565276292908117,0.0
2023-02-05 21:00:00,0.35468880484174736,0.0
2023-02-05 22:00:00,0.3538715495310521,0.0
2023-02-05 23:00:00,0.3873790172695582,0.0
2023-02-06 00:00:00,0.39003509702931777,0.0
2023-02-06 01:00:00,0.38656176195886294,0.0
2023-02-06 02:00:00,0.38554019282049384,0.0
2023-02-06 03:00:00,0.3843143098544509,0.0
2023-02-06 04:00:00,0.3843143098544509,0.0
2023-02-06 05:00:00,0.3841099960267771,0.0
2023-02-06 06:00:00,0.3845186236821247,0.0
2023-02-06 07:00:00,0.3816582300946913,0.0
2023-02-06 08:00:00,0.38594882047584145,0.011972738994289925
2023-02-06 09:00:00,0.4441782613628795,0.10959661079388469
2023-02-06 10:00:00,1.0299460053037146,0.18235402468226192
2023-02-06 11:00:00,1.6573937700900085,0.7588874562534537
2023-02-06 12:00:00,1.330900273467248,1.6798673788911402
2023-02-06 13:00:00,1.4122171768814273,1.871431202799779
2023-02-06 14:00:00,1.4859744686716754,2.347577822803463
2023-02-06 15:00:00,1.1970747163408972,1.477251795910849
2023-02-06 16:00:00,1.1590723443935673,0.4107570454964082
2023-02-06 17:00:00,1.0417962073087959,0.26247927795174064
2023-02-06 18:00:00,0.8309443371494162,0.108675630871247
2023-02-06 19:00:00,0.6325556104781392,0.0
2023-02-06 20:00:00,0.489535931106467,0.0
2023-02-06 21:00:00,0.4053586341048541,0.0
2023-02-06 22:00:00,0.4027025543450945,0.0
2023-02-06 23:00:00,0.3935084320997727,0.0
2023-02-07 00:00:00,0.39493862889348946,0.0
2023-02-07 01:00:00,0.3928954906167513,0.0
2023-02-07 02:00:00,0.39003509702931777,0.0
2023-02-07 03:00:00,0.39003509702931777,0.0
2023-02-07 04:00:00,0.3904437246846654,0.0
2023-02-07 05:00:00,0.3902394108569916,0.0
2023-02-07 06:00:00,0.39003509702931777,0.0
2023-02-07 07:00:00,0.3904437246846654,0.0
2023-02-07 08:00:00,0.3896264693739702,0.014735678762202983
2023-02-07 09:00:00,0.38901352789094873,0.11972738994289925
2023-02-07 10:00:00,0.6002740257056762,0.1980106833671026
2023-02-07 11:00:00,0.5540991006513933,0.8150672315343526
2023-02-07 12:00:00,0.5571638080665006,1.7148646159513723
2023-02-07 13:00:00,0.5790253876275991,1.9128752993184748
2023-02-07 14:00:00,0.5418402709909643,2.4129673973107386
2023-02-07 15:00:00,0.5440877230953763,1.595137226008473
2023-02-07 16:00:00,0.5193657499468444,0.4337815435623504
2023-02-07 17:00:00,0.5465394890274621,0.2818198563271321
2023-02-07 18:00:00,0.4617492505428278,0.1160434702523485
2023-02-07 19:00:00,0.3896264693739702,0.0
2023-02-07 20:00:00,0.3896264693739702,0.0
2023-02-07 21:00:00,0.39003509702931777,0.0
2023-02-07 22:00:00,0.3902394108569916,0.0
2023-02-07 23:00:00,0.38983078320164405,0.0
2023-02-08 00:00:00,0.3902394108569916,0.0
2023-02-08 01:00:00,0.3902394108569916,0.0
2023-02-08 02:00:00,0.39064803851233926,0.0
2023-02-08 03:00:00,0.3908523523400131,0.0
2023-02-08 04:00:00,0.3908523523400131,0.0
2023-02-08 05:00:00,0.3902394108569916,0.0
2023-02-08 06:00:00,0.3904437246846654,0.0
2023-02-08 07:00:00,0.39064803851233926,0.0
2023-02-08 08:00:00,0.38983078320164405,0.011972738994289925
2023-02-08 09:00:00,0.4084233415199614,0.16853932584269662
2023-02-08 10:00:00,0.5543034144790672,0.4089150856511328
2023-02-08 11:00:00,0.5373453667821403,0.6852090624424388
2023-02-08 12:00:00,0.5884238237005947,0.8730889666605268
2023-02-08 13:00:00,0.5146665319103465,1.119911585927427
2023-02-08 14:00:00,0.5189571222914967,0.6511328053048443
2023-02-08 15:00:00,0.6372548285146371,1.5039602136673422
2023-02-08 16:00:00,0.6086508926403026,0.4945662184564376
2023-02-08 17:00:00,0.5681967547608867,0.26155829802910296
2023-02-08 18:00:00,0.4676743515453685,0.11512249032971081
2023-02-08 19:00:00,0.38921784171862256,0.0
2023-02-08 20:00:00,0.38921784171862256,0.0
2023-02-08 21:00:00,0.3896264693739702,0.0
2023-02-08 22:00:00,0.38983078320164405,0.0
2023-02-08 23:00:00,0.3894221555462964,0.0
2023-02-09 00:00:00,0.3896264693739702,0.0
2023-02-09 01:00:00,0.39003509702931777,0.0
2023-02-09 02:00:00,0.39003509702931777,0.0
2023-02-09 03:00:00,0.39003509702931777,0.0
2023-02-09 04:00:00,0.3902394108569916,0.0
2023-02-09 05:00:00,0.3896264693739702,0.0
2023-02-09 06:00:00,0.3896264693739702,0.0
2023-02-09 07:00:00,0.3894221555462964,0.0
2023-02-09 08:00:00,0.40985353831367816,0.01841959845275373
2023-02-09 09:00:00,0.3888092140632749,0.11880641002026156
2023-02-09 10:00:00,0.4819763194825357,0.185116964450175
2023-02-09 11:00:00,0.5590026325155649,0.861116227666237
2023-02-09 12:00:00,0.47748141527371174,1.7130226561060968
2023-02-09 13:00:00,0.4719649419265186,1.9662921348314608
2023-02-09 14:00:00,0.4623621920258492,2.493092650580217
2023-02-09 15:00:00,0.4725778834095401,1.6669736599742124
2023-02-09 16:00:00,0.47237356958186627,0.45035918216982873
2023-02-09 17:00:00,0.47135200044349723,0.2578743783385522
2023-02-09 18:00:00,0.42047785735271664,0.1224903297108123
2023-02-09 19:00:00,0.38901352789094873,0.0009209799226376865
2023-02-09 20:00:00,0.3894221555462964,0.0
2023-02-09 21:00:00,0.38983078320164405,0.0
2023-02-09 22:00:00,0.3896264693739702,0.0
2023-02-09 23:00:00,0.39003509702931777,0.0
2023-02-10 00:00:00,0.3894221555462964,0.0
2023-02-10 01:00:00,0.38983078320164405,0.0
2023-02-10 02:00:00,0.39003509702931777,0.0
2023-02-10 03:00:00,0.3904437246846654,0.0
2023-02-10 04:00:00,0.3902394108569916,0.0
2023-02-10 05:00:00,0.39003509702931777,0.0
2023-02-10 06:00:00,0.39003509702931777,0.0
2023-02-10 07:00:00,0.38983078320164405,0.0
2023-02-10 08:00:00,0.38921784171862256,0.019340578375391416
2023-02-10 09:00:00,0.3912609799953607,0.12709522932400072
2023-02-10 10:00:00,0.4061758894155494,0.20722048259347947
2023-02-10 11:00:00,0.43232805935779806,0.9126911033339473
2023-02-10 12:00:00,0.43130649021942896,1.7609136120832567
2023-02-10 13:00:00,0.41741314993760936,2.0197089703444466
2023-02-10 14:00:00,0.38921784171862256,2.5234849880272607
2023-02-10 15:00:00,0.3896264693739702,1.7102597163381839
2023-02-10 16:00:00,0.3894221555462964,0.48719837907533614
2023-02-10 17:00:00,0.3888092140632749,0.2864247559403205
2023-02-10 18:00:00,0.40454137879415886,0.13446306870510222
2023-02-10 19:00:00,0.38921784171862256,0.0
2023-02-10 20:00:00,0.40883196917530906,0.0
2023-02-10 21:00:00,0.422316681801781,0.0
2023-02-10 22:00:00,0.39596019803185856,0.0
2023-02-10 23:00:00,0.3904437246846654,0.0
2023-02-11 00:00:00,0.39003509702931777,0.0
2023-02-11 01:00:00,0.39003509702931777,0.0
2023-02-11 02:00:00,0.38983078320164405,0.0
2023-02-11 03:00:00,0.38983078320164405,0.0
2023-02-11 04:00:00,0.38983078320164405,0.0
2023-02-11 05:00:00,0.3902394108569916,0.0
2023-02-11 06:00:00,0.3896264693739702,0.0
2023-02-11 07:00:00,0.38983078320164405,0.0
2023-02-11 08:00:00,0.38983078320164405,0.022103518143304475
2023-02-11 09:00:00,0.3896264693739702,0.1363050285503776
2023-02-11 10:00:00,0.39003509702931777,0.22195616135568247
2023-02-11 11:00:00,0.38983078320164405,0.9393995210904402
2023-02-11 12:00:00,0.3896264693739702,1.7968318290661265
2023-02-11 13:00:00,0.38983078320164405,2.0777307054706204
2023-02-11 14:00:00,0.38983078320164405,2.545588506170566
2023-02-11 15:00:00,0.38983078320164405,1.542641370418125
2023-02-11 16:00:00,0.39003509702931777,0.5000920979922638
2023-02-11 17:00:00,0.3904437246846654,0.2901086756308712
2023-02-11 18:00:00,0.38983078320164405,0.14090992816356604
2023-02-11 19:00:00,0.3896264693739702,0.0
2023-02-11 20:00:00,0.3902394108569916,0.0
2023-02-11 21:00:00,0.3902394108569916,0.0
2023-02-11 22:00:00,0.3902394108569916,0.0
2023-02-11 23:00:00,0.3896264693739702,0.0
2023-02-12 00:00:00,0.3896264693739702,0.0
2023-02-12 01:00:00,0.38921784171862256,0.0
2023-02-12 02:00:00,0.3888092140632749,0.0
2023-02-12 03:00:00,0.3884005864079273,0.0
2023-02-12 04:00:00,0.3888092140632749,0.0
2023-02-12 05:00:00,0.3888092140632749,0.0
2023-02-12 06:00:00,0.3886049002356011,0.0
2023-02-12 07:00:00,0.3888092140632749,0.0
2023-02-12 08:00:00,0.38901352789094873,0.04236507644133358
2023-02-12 09:00:00,0.3894221555462964,0.2864247559403205
2023-02-12 10:00:00,0.3896264693739702,0.6824461226745258
2023-02-12 11:00:00,0.3888092140632749,1.1816172407441519
2023-02-12 12:00:00,0.3886049002356011,1.9957634923558667
2023-02-12 13:00:00,0.38901352789094873,2.349419782648738
2023-02-12 14:00:00,0.3896264693739702,2.7389942899244795
2023-02-12 15:00:00,0.3894221555462964,1.3206852090624424
2023-02-12 16:00:00,0.3896264693739702,0.7938846933136857
2023-02-12 17:00:00,0.38983078320164405,0.37299686866826304
2023-02-12 18:00:00,0.3894221555462964,0.11235955056179775
2023-02-12 19:00:00,0.3896264693739702,0.0
2023-02-12 20:00:00,0.38983078320164405,0.0
2023-02-12 21:00:00,0.39003509702931777,0.0
2023-02-12 22:00:00,0.39003509702931777,0.0
2023-02-12 23:00:00,0.3896264693739702,0.0
2023-02-13 00:00:00,0.3894221555462964,0.0
2023-02-13 01:00:00,0.3896264693739702,0.0
2023-02-13 02:00:00,0.38983078320164405,0.0
2023-02-13 03:00:00,0.3894221555462964,0.0
2023-02-13 04:00:00,0.3896264693739702,0.0
2023-02-13 05:00:00,0.3896264693739702,0.0
2023-02-13 06:00:00,0.3894221555462964,0.0
2023-02-13 07:00:00,0.38983078320164405,0.0
2023-02-13 08:00:00,0.3896264693739702,0.022103518143304475
2023-02-13 09:00:00,0.39779902248092286,0.22195616135568247
2023-02-13 10:00:00,0.40556294793252795,0.37575980843617607
2023-02-13 11:00:00,0.47543827699697355,1.1226745256953399
2023-02-13 12:00:00,0.4905575002448361,1.9349788174617792
2023-02-13 13:00:00,0.48544965455299066,2.220482593479462
2023-02-13 14:00:00,0.49443946297063857,1.8134094676736048
2023-02-13 15:00:00,0.5289684998475138,1.6890771781175171
2023-02-13 16:00:00,0.5138492765996513,0.7496776570270768
2023-02-13 17:00:00,0.5218175158789302,0.3932584269662921
2023-02-13 18:00:00,0.49995593631783164,0.13538404862773992
2023-02-13 19:00:00,0.4280374689766479,0.001841959845275373
2023-02-13 20:00:00,0.38901352789094873,0.0
2023-02-13 21:00:00,0.3904437246846654,0.0
2023-02-13 22:00:00,0.38983078320164405,0.0
2023-02-13 23:00:00,0.3894221555462964,0.0
2023-02-14 00:00:00,0.38921784171862256,0.0
2023-02-14 01:00:00,0.38983078320164405,0.0
2023-02-14 02:00:00,0.3896264693739702,0.0
2023-02-14 03:00:00,0.3896264693739702,0.0
2023-02-14 04:00:00,0.3896264693739702,0.0
2023-02-14 05:00:00,0.39003509702931777,0.0
2023-02-14 06:00:00,0.38983078320164405,0.0
2023-02-14 07:00:00,0.3896264693739702,0.0
2023-02-14 08:00:00,0.3886049002356011,0.035918216982869774
2023-02-14 09:00:00,0.3888092140632749,0.37852274820408915
2023-02-14 10:00:00,0.4022939266897469,0.36655000920979924
2023-02-14 11:00:00,0.4321237455301242,0.9532142199300054
2023-02-14 12:00:00,0.4321237455301242,1.801436728679315
2023-02-14 13:00:00,0.41537001166087123,2.102597163381838
2023-02-14 14:00:00,0.43661864973894826,2.476515011972739
2023-02-14 15:00:00,0.5091500585631535,1.5509301897218641
2023-02-14 16:00:00,0.5218175158789302,0.664026524221772
2023-02-14 17:00:00,0.5236563403279946,0.4227297844906981
2023-02-14 18:00:00,0.5105802553568701,0.1436728679314791
2023-02-14 19:00:00,0.473803766375583,0.0009209799226376865
2023-02-14 20:00:00,0.44519983050124856,0.0
2023-02-14 21:00:00,0.3886049002356011,0.0
2023-02-14 22:00:00,0.38901352789094873,0.0
2023-02-14 23:00:00,0.38901352789094873,0.0
2023-02-15 00:00:00,0.38921784171862256,0.0
2023-02-15 01:00:00,0.38921784171862256,0.0
2023-02-15 02:00:00,0.3896264693739702,0.0
2023-02-15 03:00:00,0.3896264693739702,0.0
2023-02-15 04:00:00,0.3896264693739702,0.0
2023-02-15 05:00:00,0.3894221555462964,0.0
2023-02-15 06:00:00,0.38921784171862256,0.0
2023-02-15 07:00:00,0.38921784171862256,0.0
2023-02-15 08:00:00,0.38921784171862256,0.04328605636397127
2023-02-15 09:00:00,0.3996378469299872,0.21643028181985632
2023-02-15 10:00:00,0.3894221555462964,0.3831276478172776
2023-02-15 11:00:00,0.41537001166087123,1.0922821882482963
2023-02-15 12:00:00,0.46052336757678486,1.8493276846564746
2023-02-15 13:00:00,0.47748141527371174,2.1523300792042734
2023-02-15 14:00:00,0.47543827699697355,2.5372996868668265
2023-02-15 15:00:00,0.5116018244952393,1.656842880825198
2023-02-15 16:00:00,0.5097630000461749,0.6069257690182354
2023-02-15 17:00:00,0.5160967287040633,0.3831276478172776
2023-02-15 18:00:00,0.5861763715961827,0.18235402468226192
2023-02-15 19:00:00,0.49035318641716225,0.003683919690550746
2023-02-15 20:00:00,0.3884005864079273,0.0
2023-02-15 21:00:00,0.3888092140632749,0.0
2023-02-15 22:00:00,0.38921784171862256,0.0
2023-02-15 23:00:00,0.3896264693739702,0.0
2023-02-16 00:00:00,0.38921784171862256,0.0
2023-02-16 01:00:00,0.3894221555462964,0.0
2023-02-16 02:00:00,0.3896264693739702,0.0
2023-02-16 03:00:00,0.3896264693739702,0.0
2023-02-16 04:00:00,0.39003509702931777,0.0
2023-02-16 05:00:00,0.3896264693739702,0.0
2023-02-16 06:00:00,0.38921784171862256,0.0
2023-02-16 07:00:00,0.3888092140632749,0.0
2023-02-16 08:00:00,0.3888092140632749,0.03683919690550746
2023-02-16 09:00:00,0.40290686817276833,0.19340578375391415
2023-02-16 10:00:00,0.47605121847999504,0.3416835512985817
2023-02-16 11:00:00,0.4719649419265186,1.0729416098729048
2023-02-16 12:00:00,0.47319082489256153,1.8318290661263583
2023-02-16 13:00:00,0.4691045483390852,2.153251059126911
2023-02-16 14:00:00,0.4552112080572656,2.5133542088782463
2023-02-16 15:00:00,0.5005688778008531,1.647633081598821
2023-02-16 16:00:00,0.5344849731947069,0.622582427703076
2023-02-16 17:00:00,0.5324418349179687,0.40983606557377045
2023-02-16 18:00:00,0.516505356359411,0.19340578375391415
2023-02-16 19:00:00,0.42435982007851913,0.005525879535826119
2023-02-16 20:00:00,0.46930886216675904,0.0
2023-02-16 21:00:00,0.38799195875257964,0.0
2023-02-16 22:00:00,0.3888092140632749,0.0
2023-02-16 23:00:00,0.3832927407160818,0.0
2023-02-17 00:00:00,0.38390568219910326,0.0
2023-02-17 01:00:00,0.3824754854053865,0.0
2023-02-17 02:00:00,0.3812496024393437,0.0
2023-02-17 03:00:00,0.3843143098544509,0.0
2023-02-17 04:00:00,0.3818625439223651,0.0
2023-02-17 05:00:00,0.3794107779902793,0.0
2023-02-17 06:00:00,0.3816582300946913,0.0
2023-02-17 07:00:00,0.37879783650725785,0.0
2023-02-17 08:00:00,0.37614175674749817,0.0340762571375944
2023-02-17 09:00:00,0.41373550103948065,0.14919874746730521
2023-02-17 10:00:00,0.7410462529729365,0.2523484988027261
2023-02-17 11:00:00,0.9484247880618613,1.0747835697181802
2023-02-17 12:00:00,1.6255208129728929,1.8668263031865906
2023-02-17 13:00:00,0.9815236281450198,2.259163750230245
2023-02-17 14:00:00,1.242228072256811,2.6570270768097255
2023-02-17 15:00:00,1.013805212917483,1.7489408730889666
2023-02-17 16:00:00,0.7565741038761467,0.5341683551298582
2023-02-17 17:00:00,0.7853823535781549,0.30208141462516114
2023-02-17 18:00:00,0.7169372213074259,0.1924848038312765
2023-02-17 19:00:00,0.5451092922337454,0.007367839381101492
2023-02-17 20:00:00,0.44050061246475075,0.0
2023-02-17 21:00:00,0.4396833571540555,0.0
2023-02-17 22:00:00,0.43375825615151475,0.0
2023-02-17 23:00:00,0.4302849210810599,0.0
2023-02-18 00:00:00,0.42558570304456206,0.0
2023-02-18 01:00:00,0.42456413390619296,0.0
2023-02-18 02:00:00,0.42272530945712866,0.0
2023-02-18 03:00:00,0.4084233415199614,0.0
2023-02-18 04:00:00,0.3851315651651462,0.0
2023-02-18 05:00:00,0.3822711715777128,0.0
2023-02-18 06:00:00,0.3843143098544509,0.0
2023-02-18 07:00:00,0.3816582300946913,0.0
2023-02-18 08:00:00,0.3818625439223651,0.039602136673420524
2023-02-18 09:00:00,0.3822711715777128,0.18603794437281268
2023-02-18 10:00:00,0.3845186236821247,0.311291213851538
2023-02-18 11:00:00,0.39105666616768686,1.2322711364892245
2023-02-18 12:00:00,0.3928954906167513,1.9285319580033156
2023-02-18 13:00:00,0.3933041182720989,2.1514090992816355
2023-02-18 14:00:00,0.4002507884130087,1.7038128568797202
2023-02-18 15:00:00,0.3990249054469658,1.4459384785411677
2023-02-18 16:00:00,0.3980033363085967,0.96334499907902
2023-02-18 17:00:00,0.3945300012381418,0.5185116964450175
2023-02-18 18:00:00,0.3945300012381418,0.185116964450175
2023-02-18 19:00:00,0.3886049002356011,0.006446859458463806
2023-02-18 20:00:00,0.3955515703765109,0.0
2023-02-18 21:00:00,0.3884005864079273,0.0
2023-02-18 22:00:00,0.3863574481311891,0.0
2023-02-18 23:00:00,0.3867660757865367,0.0
2023-02-19 00:00:00,0.3841099960267771,0.0
2023-02-19 01:00:00,0.38145391626701747,0.0
2023-02-19 02:00:00,0.38390568219910326,0.0
2023-02-19 03:00:00,0.38084097478399603,0.0
2023-02-19 04:00:00,0.38288411306073417,0.0
2023-02-19 05:00:00,0.3802280333009746,0.0
2023-02-19 06:00:00,0.38104528861166986,0.0
2023-02-19 07:00:00,0.3816582300946913,0.0
2023-02-19 08:00:00,0.37920646416260545,0.029471357524405967
2023-02-19 09:00:00,0.3816582300946913,0.3076072941609873
2023-02-19 10:00:00,0.38492725133747235,0.7027076809725548
2023-02-19 11:00:00,0.3904437246846654,1.1991158592742677
2023-02-19 12:00:00,0.39166960765070835,1.3529195063547614
2023-02-19 13:00:00,0.3955515703765109,2.2094308344078097
2023-02-19 14:00:00,0.40147667137905163,2.4507275741388836
2023-02-19 15:00:00,0.4000464745853349,1.5730337078651684
2023-02-19 16:00:00,0.40086372989603014,0.8169091913796279
2023-02-19 17:00:00,0.4000464745853349,0.525879535826119
2023-02-19 18:00:00,0.39657313951487994,0.3269478725363787
2023-02-19 19:00:00,0.39473431506581563,0.01565665868484067
2023-02-19 20:00:00,0.3945300012381418,0.0
2023-02-19 21:00:00,0.39003509702931777,0.0
2023-02-19 22:00:00,0.3914652938230345,0.0
2023-02-19 23:00:00,0.38554019282049384,0.0
2023-02-20 00:00:00,0.3904437246846654,0.0
2023-02-20 01:00:00,0.3908523523400131,0.0
2023-02-20 02:00:00,0.38717470344188437,0.0
2023-02-20 03:00:00,0.38921784171862256,0.0
2023-02-20 04:00:00,0.3886049002356011,0.0
2023-02-20 05:00:00,0.39003509702931777,0.0
2023-02-20 06:00:00,0.39207823530605596,0.0
2023-02-20 07:00:00,0.3888092140632749,0.0
2023-02-20 08:00:00,0.3886049002356011,0.025787437833855224
2023-02-20 09:00:00,0.3908523523400131,0.22932400073678394
2023-02-20 10:00:00,0.39473431506581563,0.8288819303739179
2023-02-20 11:00:00,0.40106804372370397,1.5546141094124146
2023-02-20 12:00:00,0.3984119639639443,1.7065757966476331
2023-02-20 13:00:00,0.40086372989603014,2.0022103518143304
2023-02-20 14:00:00,0.40454137879415886,1.674341499355314
2023-02-20 15:00:00,0.4053586341048541,1.4164671210167619
2023-02-20 16:00:00,0.4057672617602018,1.219377417572297
2023-02-20 17:00:00,0.4041327511388112,0.352735310370234
2023-02-20 18:00:00,0.4022939266897469,0.029471357524405967
2023-02-20 19:00:00,0.3963688256872061,0.0
2023-02-20 20:00:00,0.3894221555462964,0.0
2023-02-20 21:00:00,0.3894221555462964,0.0
2023-02-20 22:00:00,0.3928954906167513,0.0
2023-02-20 23:00:00,0.38921784171862256,0.0
2023-02-21 00:00:00,0.39105666616768686,0.0
2023-02-21 01:00:00,0.3863574481311891,0.0
2023-02-21 02:00:00,0.38656176195886294,0.0
2023-02-21 03:00:00,0.39105666616768686,0.0
2023-02-21 04:00:00,0.38594882047584145,0.0
2023-02-21 05:00:00,0.3861531343035153,0.0
2023-02-21 06:00:00,0.38717470344188437,0.0
2023-02-21 07:00:00,0.38554019282049384,0.0
2023-02-21 08:00:00,0.3843143098544509,0.03683919690550746
2023-02-21 09:00:00,0.38656176195886294,0.33155277214956713
2023-02-21 10:00:00,0.3896264693739702,0.664026524221772
2023-02-21 11:00:00,0.39473431506581563,1.257137594400442
2023-02-21 12:00:00,0.39493862889348946,1.6227666236876037
2023-02-21 13:00:00,0.3951429427211633,1.768281451464358
2023-02-21 14:00:00,0.39984216075766105,1.4413335789279793
2023-02-21 15:00:00,0.3963688256872061,1.030576533431571
2023-02-21 16:00:00,0.39657313951487994,0.279056916559219
2023-02-21 17:00:00,0.39391705975512037,0.28274083624976976
2023-02-21 18:00:00,0.3971860809979014,0.07275741388837723
2023-02-21 19:00:00,0.3904437246846654,0.0027629397679130594
2023-02-21 20:00:00,0.39391705975512037,0.0
2023-02-21 21:00:00,0.3886049002356011,0.0
2023-02-21 22:00:00,0.38697038961421054,0.0
2023-02-21 23:00:00,0.3922825491337298,0.0
2023-02-22 00:00:00,0.38697038961421054,0.0
2023-02-22 01:00:00,0.38656176195886294,0.0
2023-02-22 02:00:00,0.38758333109723203,0.0
2023-02-22 03:00:00,0.3918739214783822,0.0
2023-02-22 04:00:00,0.3857445066481676,0.0
2023-02-22 05:00:00,0.3877876449249058,0.0
2023-02-22 06:00:00,0.38594882047584145,0.0
2023-02-22 07:00:00,0.3873790172695582,0.0
2023-02-22 08:00:00,0.40045510224068254,0.02118253822066679
2023-02-22 09:00:00,0.47421239403093063,0.33063179222692946
2023-02-22 10:00:00,0.7330780136936575,0.6925769018235404
2023-02-22 11:00:00,0.9990946173249682,0.9992632160618898
2023-02-22 12:00:00,1.2687888698544072,1.6356603426045313
2023-02-22 13:00:00,1.3000488854885015,0.7505986369497144
2023-02-22 14:00:00,1.0883797600184264,2.8900349972370605
2023-02-22 15:00:00,1.4577791604526886,2.1661447780438388
2023-02-22 16:00:00,1.5151913460290314,0.8049364523853381
2023-02-22 17:00:00,1.148243711526855,0.5746914717259164
2023-02-22 18:00:00,0.9637483251373977,0.27629397679130596
2023-02-22 19:00:00,0.7708760718133139,0.011051759071652238
2023-02-22 20:00:00,0.5918971587710496,0.0
2023-02-22 21:00:00,0.6260175679925772,0.0
2023-02-22 22:00:00,0.4897402449341408,0.0
2023-02-22 23:00:00,0.38901352789094873,0.0
2023-02-23 00:00:00,0.3951429427211633,0.0
2023-02-23 01:00:00,0.38799195875257964,0.0
2023-02-23 02:00:00,0.38145391626701747,0.0
2023-02-23 03:00:00,0.38206685775003896,0.0
2023-02-23 04:00:00,0.37879783650725785,0.0
2023-02-23 05:00:00,0.3779805811965626,0.0
2023-02-23 06:00:00,0.3796150918179531,0.0
2023-02-23 07:00:00,0.37777626736888875,0.0
2023-02-23 08:00:00,0.5383669359205093,0.049732915822435074
2023-02-23 09:00:00,0.6460403231046112,0.16025050653895745
2023-02-23 10:00:00,1.0748950473919545,0.26892613741020444
2023-02-23 11:00:00,0.9615008730329856,1.4643580769939215
2023-02-23 12:00:00,1.0420005211364698,2.303370786516854
2023-02-23 13:00:00,1.307199869457085,2.732547430466016
2023-02-23 14:00:00,1.154781754012417,2.8006999447412047
2023-02-23 15:00:00,1.1521256742526576,1.9368207773070547
2023-02-23 16:00:00,1.011353446985397,0.6723153435255111
2023-02-23 17:00:00,0.9772330377638696,0.3858905875851906
2023-02-23 18:00:00,0.7833392153014167,0.2578743783385522
2023-02-23 19:00:00,0.5849504886301398,0.011972738994289925
2023-02-23 20:00:00,0.4558241495402871,0.0
2023-02-23 21:00:00,0.39759470865324903,0.0
2023-02-23 22:00:00,0.37777626736888875,0.0
2023-02-23 23:00:00,0.3773676397135411,0.0
2023-02-24 00:00:00,0.3773676397135411,0.0
2023-02-24 01:00:00,0.37266842167704334,0.0
2023-02-24 02:00:00,0.37164685253867424,0.0
2023-02-24 03:00:00,0.37001234191728366,0.0
2023-02-24 04:00:00,0.3708295972279789,0.0
2023-02-24 05:00:00,0.36980802808960983,0.0
2023-02-24 06:00:00,0.3708295972279789,0.0
2023-02-24 07:00:00,0.3691950866065884,0.0
2023-02-24 08:00:00,0.4280374689766479,0.05157487566771045
2023-02-24 09:00:00,0.6372548285146371,0.15472462700313133
2023-02-24 10:00:00,1.1680621528112152,0.2661631976422914
2023-02-24 11:00:00,1.4062920758788866,1.4523853379996314
2023-02-24 12:00:00,1.1899237323723137,2.2610057100755205
2023-02-24 13:00:00,1.1300597808638853,2.818198563271321
2023-02-24 14:00:00,1.2185276682466482,3.1037023392890033
2023-02-24 15:00:00,0.516505356359411,1.9018235402468227
2023-02-24 16:00:00,0.4756425908246474,0.6235034076257138
2023-02-24 17:00:00,0.4697174898221067,0.3333947319948425
2023-02-24 18:00:00,0.47870729823975466,0.23300792042733467
2023-02-24 19:00:00,0.44949042088239877,0.013814698839565296
2023-02-24 20:00:00,0.3886049002356011,0.0
2023-02-24 21:00:00,0.40985353831367816,0.0
2023-02-24 22:00:00,0.3904437246846654,0.0
2023-02-24 23:00:00,0.3841099960267771,0.0
2023-02-25 00:00:00,0.3841099960267771,0.0
2023-02-25 01:00:00,0.3822711715777128,0.0
2023-02-25 02:00:00,0.38390568219910326,0.0
2023-02-25 03:00:00,0.3790021503349317,0.0
2023-02-25 04:00:00,0.37716332588586726,0.0
2023-02-25 05:00:00,0.3773676397135411,0.0
2023-02-25 06:00:00,0.643997184827873,0.0
2023-02-25 07:00:00,0.9204337936705483,0.0
2023-02-25 08:00:00,0.9281977191221533,0.02394547798857985
2023-02-25 09:00:00,0.8472894433633216,0.07644133357892798
2023-02-25 10:00:00,0.5355065423330759,0.8574323079756861
2023-02-25 11:00:00,0.5271296753984495,0.7588874562534537
2023-02-25 12:00:00,0.5312159519519257,2.0197089703444466
2023-02-25 13:00:00,0.5177312393254538,1.718548535641923
2023-02-25 14:00:00,0.49995593631783164,0.9670289187695708
2023-02-25 15:00:00,0.3841099960267771,0.5083809172960029
2023-02-25 16:00:00,0.35039821446059716,0.5341683551298582
2023-02-25 17:00:00,0.35039821446059716,0.4899613188432492
2023-02-25 18:00:00,0.3794107779902793,0.11420151040707313
2023-02-25 19:00:00,0.3812496024393437,0.007367839381101492
2023-02-25 20:00:00,0.38206685775003896,0.0
2023-02-25 21:00:00,0.3804323471286484,0.0
2023-02-25 22:00:00,0.37920646416260545,0.0
2023-02-25 23:00:00,0.3812496024393437,0.0
2023-02-26 00:00:00,0.38145391626701747,0.0
2023-02-26 01:00:00,0.3790021503349317,0.0
2023-02-26 02:00:00,0.3806366609563222,0.0
2023-02-26 03:00:00,0.4002507884130087,0.0
2023-02-26 04:00:00,0.3806366609563222,0.0
2023-02-26 05:00:00,0.5996610842226546,0.0
2023-02-26 06:00:00,0.7917160822360432,0.0
2023-02-26 07:00:00,0.8740545547885917,0.0
2023-02-26 08:00:00,0.8685380814413985,0.07736231350156567
2023-02-26 09:00:00,0.694462700263306,0.27537299686866823
2023-02-26 10:00:00,0.5306030104689043,0.5194326763676551
2023-02-26 11:00:00,0.5212045743959087,1.71578559587401
2023-02-26 12:00:00,0.6515567964518043,2.565850064468594
2023-02-26 13:00:00,0.4997516224901578,2.841223061337263
2023-02-26 14:00:00,0.46031905374911103,3.1248848775096705
2023-02-26 15:00:00,0.40290686817276833,1.8999815804015472
2023-02-26 16:00:00,0.3824754854053865,0.558113833118438
2023-02-26 17:00:00,0.3783892088519102,0.3472094308344078
2023-02-26 18:00:00,0.38002371947330077,0.29747651501197275
2023-02-26 19:00:00,0.38002371947330077,0.019340578375391416
2023-02-26 20:00:00,0.3796150918179531,0.0
2023-02-26 21:00:00,0.37655038440284583,0.0
2023-02-26 22:00:00,0.38002371947330077,0.0
2023-02-26 23:00:00,0.3804323471286484,0.0
2023-02-27 00:00:00,0.3806366609563222,0.0
2023-02-27 01:00:00,0.3775719535412149,0.0
2023-02-27 02:00:00,0.3802280333009746,0.0
2023-02-27 03:00:00,0.3914652938230345,0.0
2023-02-27 04:00:00,0.38206685775003896,0.0
2023-02-27 05:00:00,0.6401152221020705,0.0
2023-02-27 06:00:00,0.8818184802401968,0.0
2023-02-27 07:00:00,0.8820227940678707,0.0
2023-02-27 08:00:00,0.882635735550892,0.07091545404310186
2023-02-27 09:00:00,0.5355065423330759,0.2062995026708418
2023-02-27 10:00:00,0.5641104782074104,0.34997237060232084
2023-02-27 11:00:00,0.5884238237005947,1.6973659974212563
2023-02-27 12:00:00,0.7306262477615717,2.517038128568797
2023-02-27 13:00:00,0.6000697118780023,3.0355498250138147
2023-02-27 14:00:00,0.7347125243150482,3.2234297292319027
2023-02-27 15:00:00,0.6664717058719931,1.9110333394731995
2023-02-27 16:00:00,0.5896497066666376,0.5958740099465832
2023-02-27 17:00:00,0.6164148180919078,0.39694234665684286
2023-02-27 18:00:00,0.5218175158789302,0.26247927795174064
2023-02-27 19:00:00,0.545517919889093,0.011051759071652238
2023-02-27 20:00:00,0.5402057603695738,0.0
2023-02-27 21:00:00,0.4071974585539185,0.0
2023-02-27 22:00:00,0.378593522679584,0.0
2023-02-27 23:00:00,0.37920646416260545,0.0
2023-02-28 00:00:00,0.378593522679584,0.0
2023-02-28 01:00:00,0.37777626736888875,0.0
2023-02-28 02:00:00,0.3796150918179531,0.0
2023-02-28 03:00:00,0.37920646416260545,0.0
2023-02-28 04:00:00,0.3779805811965626,0.0
2023-02-28 05:00:00,0.37675469823051966,0.0
2023-02-28 06:00:00,0.37655038440284583,0.0
2023-02-28 07:00:00,0.37430293229843387,0.0
2023-02-28 08:00:00,0.376346070575172,0.06999447412046418
2023-02-28 09:00:00,0.3775719535412149,0.18051206483698654
2023-02-28 10:00:00,0.4051543202771803,0.35181433044759625
2023-02-28 11:00:00,0.8252235499745494,1.783938110149199
2023-02-28 12:00:00,0.904088687456643,2.6238717995947685
2023-02-28 13:00:00,0.733690955176679,3.1635660342604535
2023-02-28 14:00:00,0.764950970810773,3.2676367655185117
2023-02-28 15:00:00,0.6760744557726626,1.8972186406336342
2023-02-28 16:00:00,0.681182301464508,0.5608767728863511
2023-02-28 17:00:00,0.6568689559713237,0.38220666789463986
2023-02-28 18:00:00,0.7882427471655883,0.31773807331000187
2023-02-28 19:00:00,0.6576862112820189,0.024866457911217537
2023-02-28 20:00:00,0.49219201086622666,0.0
2023-02-28 21:00:00,0.48218063331020955,0.0
2023-02-28 22:00:00,0.4807504365164928,0.0
2023-02-28 23:00:00,0.47809435675673323,0.0
2023-03-01 00:00:00,0.4084233415199614,0.0
2023-03-01 01:00:00,0.3728727355047171,0.0
2023-03-01 02:00:00,0.37307704933239094,0.0
2023-03-01 03:00:00,0.3724641078493695,0.0
2023-03-01 04:00:00,0.37205548019402185,0.0
2023-03-01 05:00:00,0.371851166366348,0.0
2023-03-01 06:00:00,0.3722597940216957,0.0
2023-03-01 07:00:00,0.371851166366348,0.0
2023-03-01 08:00:00,0.340591150732254,0.07459937373365261
2023-03-01 09:00:00,0.34181703369829686,0.19340578375391415
2023-03-01 10:00:00,0.37001234191728366,0.40523116596058206
2023-03-01 11:00:00,0.642975615689504,1.8318290661263583
2023-03-01 12:00:00,0.655234445349933,2.681893534720943
2023-03-01 13:00:00,0.48442808541462157,3.2685577454411496
2023-03-01 14:00:00,0.6102854032616931,3.2473752072204825
2023-03-01 15:00:00,0.4956653459366815,1.8631423834960397
2023-03-01 16:00:00,0.5688096962439082,0.5866642107202062
2023-03-01 17:00:00,0.5009775054562008,0.39694234665684286
2023-03-01 18:00:00,0.5181398669808014,0.3168170933873642
2023-03-01 19:00:00,0.37368999081541243,0.019340578375391416
2023-03-01 20:00:00,0.3724641078493695,0.0
2023-03-01 21:00:00,0.37205548019402185,0.0
2023-03-01 22:00:00,0.371851166366348,0.0
2023-03-01 23:00:00,0.3724641078493695,0.0
2023-03-02 00:00:00,0.37266842167704334,0.0
2023-03-02 01:00:00,0.37266842167704334,0.0
2023-03-02 02:00:00,0.3724641078493695,0.0
2023-03-02 03:00:00,0.37655038440284583,0.0
2023-03-02 04:00:00,0.41782177759295697,0.0
2023-03-02 05:00:00,0.6392979667913753,0.0
2023-03-02 06:00:00,0.8969377034880593,0.0
2023-03-02 07:00:00,0.6554387591776069,0.0
2023-03-02 08:00:00,0.5710571483483202,0.08104623319211642
2023-03-02 09:00:00,0.8250192361468754,0.2394547798857985
2023-03-02 10:00:00,0.6815909291198555,0.4420703628660895
2023-03-02 11:00:00,0.8364608104966093,1.898139620556272
2023-03-02 12:00:00,0.7340995828320266,2.7666236876036105
2023-03-02 13:00:00,0.6965058385400442,3.354208878246454
2023-03-02 14:00:00,0.7308305615892456,3.3182906612635845
2023-03-02 15:00:00,0.6599336633864309,1.7599926321606187
2023-03-02 16:00:00,0.6186622701963197,0.5286424755940321
2023-03-02 17:00:00,0.5547120421344147,0.3748388285135384
2023-03-02 18:00:00,0.6660630782166455,0.34536747098913245
2023-03-02 19:00:00,0.4151656978331974,0.024866457911217537
2023-03-02 20:00:00,0.3738943046430862,0.0
2023-03-02 21:00:00,0.3812496024393437,0.0
2023-03-02 22:00:00,0.37368999081541243,0.0
2023-03-02 23:00:00,0.3738943046430862,0.0
2023-03-03 00:00:00,0.37409861847076004,0.0
2023-03-03 01:00:00,0.3745072461261077,0.0
2023-03-03 02:00:00,0.3745072461261077,0.0
2023-03-03 03:00:00,0.3745072461261077,0.0
2023-03-03 04:00:00,0.3745072461261077,0.0
2023-03-03 05:00:00,0.3745072461261077,0.0
2023-03-03 06:00:00,0.37430293229843387,0.0
2023-03-03 07:00:00,0.37430293229843387,0.0
2023-03-03 08:00:00,0.3734856769877386,0.16209246638423283
2023-03-03 09:00:00,0.3794107779902793,0.3831276478172776
2023-03-03 10:00:00,0.4096492244860043,0.6032418493276847
2023-03-03 11:00:00,0.44622139963961766,1.8603794437281267
2023-03-03 12:00:00,0.45439395274657035,2.7997789648185667
2023-03-03 13:00:00,0.46338376116421837,2.878983238165408
2023-03-03 14:00:00,0.49546103210900766,3.206852090624424
2023-03-03 15:00:00,0.6188665840239935,2.0491803278688527
2023-03-03 16:00:00,0.5506257655809385,1.3123963897587032
2023-03-03 17:00:00,0.552260276202329,0.763492355866642
2023-03-03 18:00:00,0.6466532645876327,0.36562902928716157
2023-03-03 19:00:00,0.5681967547608867,0.024866457911217537
2023-03-03 20:00:00,0.49341789383226947,0.0
2023-03-03 21:00:00,0.3896264693739702,0.0
2023-03-03 22:00:00,0.37307704933239094,0.0
2023-03-03 23:00:00,0.37328136316006477,0.0
2023-03-04 00:00:00,0.37368999081541243,0.0
2023-03-04 01:00:00,0.3734856769877386,0.0
2023-03-04 02:00:00,0.37368999081541243,0.0
2023-03-04 03:00:00,0.3738943046430862,0.0
2023-03-04 04:00:00,0.37368999081541243,0.0
2023-03-04 05:00:00,0.37409861847076004,0.0
2023-03-04 06:00:00,0.37368999081541243,0.0
2023-03-04 07:00:00,0.37328136316006477,0.0
2023-03-04 08:00:00,0.3728727355047171,0.08380917296002947
2023-03-04 09:00:00,0.3728727355047171,0.1915638239086388
2023-03-04 10:00:00,0.37368999081541243,0.5203536562902928
2023-03-04 11:00:00,0.3738943046430862,1.9616872352182724
2023-03-04 12:00:00,0.37409861847076004,2.8310922821882483
2023-03-04 13:00:00,0.3738943046430862,3.465647448885614
2023-03-04 14:00:00,0.3738943046430862,3.2621108859826857
2023-03-04 15:00:00,0.37409861847076004,1.6844722785043287
2023-03-04 16:00:00,0.37430293229843387,0.5857432307975686
2023-03-04 17:00:00,0.37409861847076004,0.43193958371707497
2023-03-04 18:00:00,0.3734856769877386,0.30300239454779887
2023-03-04 19:00:00,0.37328136316006477,0.01841959845275373
2023-03-04 20:00:00,0.37368999081541243,0.0
2023-03-04 21:00:00,0.3734856769877386,0.0
2023-03-04 22:00:00,0.3734856769877386,0.0
2023-03-04 23:00:00,0.3738943046430862,0.0
2023-03-05 00:00:00,0.3738943046430862,0.0
2023-03-05 01:00:00,0.3738943046430862,0.0
2023-03-05 02:00:00,0.3738943046430862,0.0
2023-03-05 03:00:00,0.3738943046430862,0.0
2023-03-05 04:00:00,0.37409861847076004,0.0
2023-03-05 05:00:00,0.37409861847076004,0.0
2023-03-05 06:00:00,0.3738943046430862,0.0
2023-03-05 07:00:00,0.37409861847076004,0.0
2023-03-05 08:00:00,0.3738943046430862,0.04420703628660895
2023-03-05 09:00:00,0.3734856769877386,0.41444096518695894
2023-03-05 10:00:00,0.3738943046430862,0.8565113280530484
2023-03-05 11:00:00,0.37368999081541243,0.807699392153251
2023-03-05 12:00:00,0.37368999081541243,0.5175907165223799
2023-03-05 13:00:00,0.3738943046430862,0.9697918585374838
2023-03-05 14:00:00,0.3734856769877386,0.587585190642844
2023-03-05 15:00:00,0.37368999081541243,0.6354761466200037
2023-03-05 16:00:00,0.37368999081541243,0.4153619451095966
2023-03-05 17:00:00,0.3734856769877386,0.16853932584269662
2023-03-05 18:00:00,0.37368999081541243,0.06723153435255111
2023-03-05 19:00:00,0.37368999081541243,0.016577638607478358
2023-03-05 20:00:00,0.37430293229843387,0.0
2023-03-05 21:00:00,0.37409861847076004,0.0
2023-03-05 22:00:00,0.37430293229843387,0.0
2023-03-05 23:00:00,0.37409861847076004,0.0
2023-03-06 00:00:00,0.37409861847076004,0.0
2023-03-06 01:00:00,0.37368999081541243,0.0
2023-03-06 02:00:00,0.37368999081541243,0.0
2023-03-06 03:00:00,0.37368999081541243,0.0
2023-03-06 04:00:00,0.37368999081541243,0.0
2023-03-06 05:00:00,0.3734856769877386,0.0
2023-03-06 06:00:00,0.37368999081541243,0.0
2023-03-06 07:00:00,0.3738943046430862,0.0
2023-03-06 08:00:00,0.3724641078493695,0.06354761466200036
2023-03-06 09:00:00,0.376346070575172,0.5231165960582059
2023-03-06 10:00:00,0.37205548019402185,0.9430834407809909
2023-03-06 11:00:00,0.42047785735271664,1.1963529195063547
2023-03-06 12:00:00,0.4441782613628795,1.395284582796095
2023-03-06 13:00:00,0.5371410529544665,1.4846196352919505
2023-03-06 14:00:00,0.4617492505428278,1.3437097071283846
2023-03-06 15:00:00,0.44581277198427,1.0324184932768465
2023-03-06 16:00:00,0.4206821711803905,0.8030944925400627
2023-03-06 17:00:00,0.44560845815659617,0.33155277214956713
2023-03-06 18:00:00,0.3851315651651462,0.12801620924663842
2023-03-06 19:00:00,0.3724641078493695,0.009209799226376865
2023-03-06 20:00:00,0.37205548019402185,0.0
2023-03-06 21:00:00,0.37266842167704334,0.0
2023-03-06 22:00:00,0.37328136316006477,0.0
2023-03-06 23:00:00,0.37328136316006477,0.0
2023-03-07 00:00:00,0.37266842167704334,0.0
2023-03-07 01:00:00,0.37266842167704334,0.0
2023-03-07 02:00:00,0.3728727355047171,0.0
2023-03-07 03:00:00,0.37266842167704334,0.0
2023-03-07 04:00:00,0.3728727355047171,0.0
2023-03-07 05:00:00,0.3728727355047171,0.0
2023-03-07 06:00:00,0.3728727355047171,0.0
2023-03-07 07:00:00,0.37266842167704334,0.0
2023-03-07 08:00:00,0.37164685253867424,0.10959661079388469
2023-03-07 09:00:00,0.371851166366348,0.4356235034076257
2023-03-07 10:00:00,0.38819627258025347,0.8979554245717443
2023-03-07 11:00:00,0.43477982528988385,1.7673604715417204
2023-03-07 12:00:00,0.518548494636149,2.080493645238534
2023-03-07 13:00:00,0.5250865371217113,1.868668263031866
2023-03-07 14:00:00,0.538775563575857,1.4477804383864432
2023-03-07 15:00:00,0.5563465527558054,1.0121569349788175
2023-03-07 16:00:00,0.7163242798244045,0.9688708786148461
2023-03-07 17:00:00,0.7195933010671857,0.7542825566402653
2023-03-07 18:00:00,0.6877203439500701,0.2449806594216246
2023-03-07 19:00:00,0.4966869150750506,0.025787437833855224
2023-03-07 20:00:00,0.38084097478399603,0.0
2023-03-07 21:00:00,0.37205548019402185,0.0
2023-03-07 22:00:00,0.3722597940216957,0.0
2023-03-07 23:00:00,0.37205548019402185,0.0
2023-03-08 00:00:00,0.3724641078493695,0.0
2023-03-08 01:00:00,0.3728727355047171,0.0
2023-03-08 02:00:00,0.3728727355047171,0.0
2023-03-08 03:00:00,0.3728727355047171,0.0
2023-03-08 04:00:00,0.3728727355047171,0.0
2023-03-08 05:00:00,0.3724641078493695,0.0
2023-03-08 06:00:00,0.3728727355047171,0.0
2023-03-08 07:00:00,0.37266842167704334,0.0
2023-03-08 08:00:00,0.3722597940216957,0.001841959845275373
2023-03-08 09:00:00,0.3724641078493695,0.06907349419782649
2023-03-08 10:00:00,0.38799195875257964,0.12801620924663842
2023-03-08 11:00:00,0.6301038445460535,0.18880088414072574
2023-03-08 12:00:00,0.6252003126818819,0.20814146251611715
2023-03-08 13:00:00,0.5718744036590154,0.25050653895745073
2023-03-08 14:00:00,0.5224304573619516,0.29471357524405967
2023-03-08 15:00:00,0.5970050044628951,0.37575980843617607
2023-03-08 16:00:00,0.5418402709909643,0.217351261742494
2023-03-08 17:00:00,0.7514662581843012,0.14551482777675445
2023-03-08 18:00:00,0.6064034405358907,0.12709522932400072
2023-03-08 19:00:00,0.5034292713882865,0.016577638607478358
2023-03-08 20:00:00,0.46317944733654454,0.0
2023-03-08 21:00:00,0.39473431506581563,0.0
2023-03-08 22:00:00,0.37266842167704334,0.0
2023-03-08 23:00:00,0.3724641078493695,0.0
2023-03-09 00:00:00,0.37266842167704334,0.0
2023-03-09 01:00:00,0.37266842167704334,0.0
2023-03-09 02:00:00,0.37307704933239094,0.0
2023-03-09 03:00:00,0.3734856769877386,0.0
2023-03-09 04:00:00,0.3728727355047171,0.0
2023-03-09 05:00:00,0.37368999081541243,0.0
2023-03-09 06:00:00,0.37266842167704334,0.0
2023-03-09 07:00:00,0.3728727355047171,0.0
2023-03-09 08:00:00,0.37205548019402185,0.09209799226376865
2023-03-09 09:00:00,0.3755288152644768,0.15196168723521827
2023-03-09 10:00:00,0.3822711715777128,0.308528274083625
2023-03-09 11:00:00,0.3722597940216957,0.3960213667342052
2023-03-09 12:00:00,0.3747115599537815,0.7137594400442071
2023-03-09 13:00:00,0.376346070575172,1.5932952661631976
2023-03-09 14:00:00,0.37409861847076004,1.1521458832197458
2023-03-09 15:00:00,0.39473431506581563,1.2773991526984712
2023-03-09 16:00:00,0.3861531343035153,1.227666236876036
2023-03-09 17:00:00,0.4272202136659526,0.5995579296371338
2023-03-09 18:00:00,0.4272202136659526,0.33615767176275557
2023-03-09 19:00:00,0.3728727355047171,0.028550377601768283
2023-03-09 20:00:00,0.37614175674749817,0.0
2023-03-09 21:00:00,0.37266842167704334,0.0
2023-03-09 22:00:00,0.3724641078493695,0.0
2023-03-09 23:00:00,0.3728727355047171,0.0
2023-03-10 00:00:00,0.37266842167704334,0.0
2023-03-10 01:00:00,0.37266842167704334,0.0
2023-03-10 02:00:00,0.37266842167704334,0.0
2023-03-10 03:00:00,0.3728727355047171,0.0
2023-03-10 04:00:00,0.37328136316006477,0.0
2023-03-10 05:00:00,0.37307704933239094,0.0
2023-03-10 06:00:00,0.3728727355047171,0.0
2023-03-10 07:00:00,0.37266842167704334,0.0
2023-03-10 08:00:00,0.37164685253867424,0.07644133357892798
2023-03-10 09:00:00,0.3804323471286484,0.31037023392890034
2023-03-10 10:00:00,0.4306935487364075,0.6769202431386996
2023-03-10 11:00:00,0.44315669222451043,1.2792411125437466
2023-03-10 12:00:00,0.4439739475352057,1.6973659974212563
2023-03-10 13:00:00,0.448060224088682,1.6669736599742124
2023-03-10 14:00:00,0.42967197959803843,1.3759440044207036
2023-03-10 15:00:00,0.45643709102330854,1.4938294345183276
2023-03-10 16:00:00,0.38390568219910326,0.7773070547062073
2023-03-10 17:00:00,0.3779805811965626,0.5111438570639161
2023-03-10 18:00:00,0.37818489502423636,0.17590716522379812
2023-03-10 19:00:00,0.37879783650725785,0.012893718916927612
2023-03-10 20:00:00,0.378593522679584,0.0
2023-03-10 21:00:00,0.37879783650725785,0.0
2023-03-10 22:00:00,0.37879783650725785,0.0
2023-03-10 23:00:00,0.37879783650725785,0.0
2023-03-11 00:00:00,0.37920646416260545,0.0
2023-03-11 01:00:00,0.37920646416260545,0.0
2023-03-11 02:00:00,0.37920646416260545,0.0
2023-03-11 03:00:00,0.37879783650725785,0.0
2023-03-11 04:00:00,0.37920646416260545,0.0
2023-03-11 05:00:00,0.3790021503349317,0.0
2023-03-11 06:00:00,0.3790021503349317,0.0
2023-03-11 07:00:00,0.37879783650725785,0.0
2023-03-11 08:00:00,0.37879783650725785,0.057100755203536566
2023-03-11 09:00:00,0.37879783650725785,0.29563455516669734
2023-03-11 10:00:00,0.3790021503349317,1.0241296739731074
2023-03-11 11:00:00,0.37920646416260545,0.8399336894455701
2023-03-11 12:00:00,0.37981940564562694,0.8040154724627003
2023-03-11 13:00:00,0.3796150918179531,0.866642107202063
2023-03-11 14:00:00,0.3794107779902793,1.0628108307238902
2023-03-11 15:00:00,0.3796150918179531,0.7717811751703813
2023-03-11 16:00:00,0.38002371947330077,0.5553508933505249
2023-03-11 17:00:00,0.37920646416260545,0.2928716153987843
2023-03-11 18:00:00,0.37920646416260545,0.2053785227482041
2023-03-11 19:00:00,0.37716332588586726,0.024866457911217537
2023-03-11 20:00:00,0.37593744291982445,0.0
2023-03-11 21:00:00,0.3757331290921506,0.0
2023-03-11 22:00:00,0.37593744291982445,0.0
2023-03-11 23:00:00,0.37614175674749817,0.0
2023-03-12 00:00:00,0.37614175674749817,0.0
2023-03-12 01:00:00,0.376346070575172,0.0
2023-03-12 02:00:00,0.37614175674749817,0.0
2023-03-12 03:00:00,0.376346070575172,0.0
2023-03-12 04:00:00,0.37614175674749817,0.0
2023-03-12 05:00:00,0.37614175674749817,0.0
2023-03-12 06:00:00,0.37614175674749817,0.0
2023-03-12 07:00:00,0.37614175674749817,0.003683919690550746
2023-03-12 08:00:00,0.37614175674749817,0.30300239454779887
2023-03-12 09:00:00,0.37614175674749817,0.6354761466200037
2023-03-12 10:00:00,0.376346070575172,1.351077546509486
2023-03-12 11:00:00,0.3757331290921506,2.172591637502302
2023-03-12 12:00:00,0.37593744291982445,2.7426782096150304
2023-03-12 13:00:00,0.37614175674749817,3.181985632713207
2023-03-12 14:00:00,0.3861531343035153,2.312580585743231
2023-03-12 15:00:00,0.3992292192746396,1.7618345920058942
2023-03-12 16:00:00,0.37409861847076004,0.9992632160618898
2023-03-12 17:00:00,0.37368999081541243,0.7994105728495118
2023-03-12 18:00:00,0.37307704933239094,0.46048996131884323
2023-03-12 19:00:00,0.3728727355047171,0.060784674894087315
2023-03-12 20:00:00,0.3722597940216957,0.0
2023-03-12 21:00:00,0.37205548019402185,0.0
2023-03-12 22:00:00,0.3724641078493695,0.0
2023-03-12 23:00:00,0.37266842167704334,0.0
2023-03-13 00:00:00,0.371851166366348,0.0
2023-03-13 01:00:00,0.371851166366348,0.0
2023-03-13 02:00:00,0.37164685253867424,0.0
2023-03-13 03:00:00,0.3714425387110004,0.0
2023-03-13 04:00:00,0.3796150918179531,0.0
2023-03-13 05:00:00,0.6464489507599589,0.0
2023-03-13 06:00:00,0.6239744297158389,0.0
2023-03-13 07:00:00,0.9198208521875268,0.0
2023-03-13 08:00:00,0.7289917371401812,0.07736231350156567
2023-03-13 09:00:00,0.9047016289396643,0.30392337447043655
2023-03-13 10:00:00,0.5596155739985864,0.9559771596979185
2023-03-13 11:00:00,0.5878108822175733,1.6531589611346473
2023-03-13 12:00:00,0.7110121203048853,2.5234849880272607
2023-03-13 13:00:00,0.6292865892353582,1.436728679314791
2023-03-13 14:00:00,0.5369367391267927,3.204089150856511
2023-03-13 15:00:00,0.46542689944095655,1.8659053232639526
2023-03-13 16:00:00,0.6681062164933836,1.334499907902008
2023-03-13 17:00:00,0.6897634822268083,0.7202062995026709
2023-03-13 18:00:00,0.5044508405266557,0.5360103149751336
2023-03-13 19:00:00,0.3973903948255752,0.07736231350156567
2023-03-13 20:00:00,0.37920646416260545,0.0
2023-03-13 21:00:00,0.4529637559528536,0.0
2023-03-13 22:00:00,0.4562327771956347,0.0
2023-03-13 23:00:00,0.5970050044628951,0.0
2023-03-14 00:00:00,0.4024982405174207,0.0
2023-03-14 01:00:00,0.3757331290921506,0.0
2023-03-14 02:00:00,0.3757331290921506,0.0
2023-03-14 03:00:00,0.3747115599537815,0.0
2023-03-14 04:00:00,0.37409861847076004,0.0
2023-03-14 05:00:00,0.3734856769877386,0.0
2023-03-14 06:00:00,0.37368999081541243,0.0
2023-03-14 07:00:00,0.37409861847076004,0.003683919690550746
2023-03-14 08:00:00,0.3728727355047171,0.1961687235218272
2023-03-14 09:00:00,0.3734856769877386,0.4153619451095966
2023-03-14 10:00:00,0.46726572389002086,1.242401915638239
2023-03-14 11:00:00,0.5285598721921662,2.65518511696445
2023-03-14 12:00:00,0.5132363351166298,3.974949346104255
2023-03-14 13:00:00,0.46256650585352305,3.7824645422729786
2023-03-14 14:00:00,0.5109888830122178,3.466568428808252
2023-03-14 15:00:00,0.5616587122753246,1.718548535641923
2023-03-14 16:00:00,0.5518516485469813,0.9237428624055997
2023-03-14 17:00:00,0.6155975627812125,0.7340209983422362
2023-03-14 18:00:00,0.5865849992515304,0.5525879535826119
2023-03-14 19:00:00,0.39657313951487994,0.061705654816725
2023-03-14 20:00:00,0.37430293229843387,0.0
2023-03-14 21:00:00,0.3757331290921506,0.0
2023-03-14 22:00:00,0.37716332588586726,0.0
2023-03-14 23:00:00,0.37532450143680296,0.0
2023-03-15 00:00:00,0.3755288152644768,0.0
2023-03-15 01:00:00,0.3747115599537815,0.0
2023-03-15 02:00:00,0.3747115599537815,0.0
2023-03-15 03:00:00,0.3747115599537815,0.0
2023-03-15 04:00:00,0.3745072461261077,0.0
2023-03-15 05:00:00,0.37430293229843387,0.0
2023-03-15 06:00:00,0.3745072461261077,0.0
2023-03-15 07:00:00,0.37409861847076004,0.008288819303739179
2023-03-15 08:00:00,0.3734856769877386,0.13998894824092836
2023-03-15 09:00:00,0.38533587899282,0.2385337999631608
2023-03-15 10:00:00,0.5163010425317371,1.1613556824461226
2023-03-15 11:00:00,0.5171182978424324,2.80254190458648
2023-03-15 12:00:00,0.529785755158209,3.918769570823356
2023-03-15 13:00:00,0.4756425908246474,4.203352366918401
2023-03-15 14:00:00,0.49219201086622666,3.4803831276478174
2023-03-15 15:00:00,0.5079241755971106,1.4892245349051392
2023-03-15 16:00:00,0.5534861591683718,0.525879535826119
2023-03-15 17:00:00,0.5463351751997882,0.47154172039049547
2023-03-15 18:00:00,0.42313393711247627,0.5083809172960029
2023-03-15 19:00:00,0.37409861847076004,0.06262663473936268
2023-03-15 20:00:00,0.37532450143680296,0.0
2023-03-15 21:00:00,0.3757331290921506,0.0
2023-03-15 22:00:00,0.3745072461261077,0.0
2023-03-15 23:00:00,0.37512018760912913,0.0
2023-03-16 00:00:00,0.37512018760912913,0.0
2023-03-16 01:00:00,0.3745072461261077,0.0
2023-03-16 02:00:00,0.37593744291982445,0.0
2023-03-16 03:00:00,0.37532450143680296,0.0
2023-03-16 04:00:00,0.37512018760912913,0.0
2023-03-16 05:00:00,0.3745072461261077,0.0
2023-03-16 06:00:00,0.37430293229843387,0.0
2023-03-16 07:00:00,0.3747115599537815,0.005525879535826119
2023-03-16 08:00:00,0.3745072461261077,0.27537299686866823
2023-03-16 09:00:00,0.4016809852067254,0.8390127095229325
2023-03-16 10:00:00,0.4002507884130087,1.2322711364892245
2023-03-16 11:00:00,0.4572543463340038,2.681893534720943
2023-03-16 12:00:00,0.4539853250912227,2.7435991895376683
2023-03-16 13:00:00,0.4421351230861413,1.6255295634555167
2023-03-16 14:00:00,0.4321237455301242,0.8261189906060049
2023-03-16 15:00:00,0.4423394369138151,0.8758519064284398
2023-03-16 16:00:00,0.4421351230861413,0.9762387179959476
2023-03-16 17:00:00,0.4421351230861413,0.5617977528089888
2023-03-16 18:00:00,0.38901352789094873,0.07275741388837723
2023-03-16 19:00:00,0.3745072461261077,0.025787437833855224
2023-03-16 20:00:00,0.37409861847076004,0.0
2023-03-16 21:00:00,0.37409861847076004,0.0
2023-03-16 22:00:00,0.3745072461261077,0.0
2023-03-16 23:00:00,0.3745072461261077,0.0
2023-03-17 00:00:00,0.37512018760912913,0.0
2023-03-17 01:00:00,0.3749158737814553,0.0
2023-03-17 02:00:00,0.3747115599537815,0.0
2023-03-17 03:00:00,0.3738943046430862,0.0
2023-03-17 04:00:00,0.37409861847076004,0.0
2023-03-17 05:00:00,0.37409861847076004,0.0
2023-03-17 06:00:00,0.3738943046430862,0.0
2023-03-17 07:00:00,0.37512018760912913,0.003683919690550746
2023-03-17 08:00:00,0.37409861847076004,0.28274083624976976
2023-03-17 09:00:00,0.38084097478399603,0.6032418493276847
2023-03-17 10:00:00,0.38390568219910326,1.7959108491434885
2023-03-17 11:00:00,0.41741314993760936,1.867747283109228
2023-03-17 12:00:00,0.43151080404710274,2.907533615767176
2023-03-17 13:00:00,0.41680020845458793,2.721495671394364
2023-03-17 14:00:00,0.41782177759295697,1.9377417572296922
2023-03-17 15:00:00,0.4047456926218327,1.1088598268557746
2023-03-17 16:00:00,0.4180260914206308,1.2239823171854853
2023-03-17 17:00:00,0.4182304052483046,0.6483698655369313
2023-03-17 18:00:00,0.39493862889348946,0.6216614477804384
2023-03-17 19:00:00,0.3757331290921506,0.09117701234113096
2023-03-17 20:00:00,0.3749158737814553,0.0
2023-03-17 21:00:00,0.3749158737814553,0.0
2023-03-17 22:00:00,0.37512018760912913,0.0
2023-03-17 23:00:00,0.3747115599537815,0.0
2023-03-18 00:00:00,0.3745072461261077,0.0
2023-03-18 01:00:00,0.3747115599537815,0.0
2023-03-18 02:00:00,0.3745072461261077,0.0
2023-03-18 03:00:00,0.3806366609563222,0.0
2023-03-18 04:00:00,0.4206821711803905,0.0
2023-03-18 05:00:00,0.44540414432892234,0.0
2023-03-18 06:00:00,0.49341789383226947,0.0
2023-03-18 07:00:00,0.8256321776298969,0.010130779149014552
2023-03-18 08:00:00,0.7704674441579662,0.1630134463068705
2023-03-18 09:00:00,0.5549163559620887,0.4918032786885246
2023-03-18 10:00:00,0.5704442068652988,1.1226745256953399
2023-03-18 11:00:00,0.5761649940401656,1.527905691655922
2023-03-18 12:00:00,0.5430661539570072,2.0381285687972004
2023-03-18 13:00:00,0.5369367391267927,2.239823171854854
2023-03-18 14:00:00,0.5375496806098141,1.6172407441517775
2023-03-18 15:00:00,0.43375825615151475,1.5757966476330814
2023-03-18 16:00:00,0.3749158737814553,1.3704181248848777
2023-03-18 17:00:00,0.3734856769877386,1.1797752808988764
2023-03-18 18:00:00,0.37062528340030515,0.3803647080493645
2023-03-18 19:00:00,0.37164685253867424,0.08565113280530486
2023-03-18 20:00:00,0.37103391105565275,0.0
2023-03-18 21:00:00,0.3708295972279789,0.0
2023-03-18 22:00:00,0.3702166557449575,0.0
2023-03-18 23:00:00,0.37062528340030515,0.0
2023-03-19 00:00:00,0.3702166557449575,0.0
2023-03-19 01:00:00,0.37062528340030515,0.0
2023-03-19 02:00:00,0.3693994004342622,0.0
2023-03-19 03:00:00,0.43539276677290534,0.0
2023-03-19 04:00:00,0.3685821451235669,0.0
2023-03-19 05:00:00,0.46603984092397793,0.0
2023-03-19 06:00:00,0.6905807375375035,0.0
2023-03-19 07:00:00,0.7222493808269452,0.026708417756492908
2023-03-19 08:00:00,0.7602517527742753,0.30944925400626266
2023-03-19 09:00:00,0.7745537207114425,0.7478356971818014
2023-03-19 10:00:00,0.7635207740170564,1.794068889298213
2023-03-19 11:00:00,0.5970050044628951,3.052127463621293
2023-03-19 12:00:00,0.5632932228967151,3.503407625713759
2023-03-19 13:00:00,0.47053474513280197,3.462884509117701
2023-03-19 14:00:00,0.4901488725894884,3.1423834960397863
2023-03-19 15:00:00,0.3980033363085967,1.5813225271689078
2023-03-19 16:00:00,0.3724641078493695,0.7202062995026709
2023-03-19 17:00:00,0.369603714261936,0.7238902191932216
2023-03-19 18:00:00,0.37001234191728366,0.6382390863879167
2023-03-19 19:00:00,0.3704209695726313,0.08380917296002947
2023-03-19 20:00:00,0.3702166557449575,0.0
2023-03-19 21:00:00,0.3702166557449575,0.0
2023-03-19 22:00:00,0.3704209695726313,0.0
2023-03-19 23:00:00,0.3712382248833266,0.0
2023-03-20 00:00:00,0.3708295972279789,0.0
2023-03-20 01:00:00,0.3704209695726313,0.0
2023-03-20 02:00:00,0.369603714261936,0.0
2023-03-20 03:00:00,0.3834970545437556,0.0
2023-03-20 04:00:00,0.4946437767983124,0.0
2023-03-20 05:00:00,0.743702332732696,0.0
2023-03-20 06:00:00,0.8593439591960769,0.0
2023-03-20 07:00:00,0.8015231459643865,0.02118253822066679
2023-03-20 08:00:00,0.8501498369507551,0.19064284398600112
2023-03-20 09:00:00,0.5269253615707756,0.36562902928716157
2023-03-20 10:00:00,0.575756366384818,1.5140909928163566
2023-03-20 11:00:00,0.9956212822545132,3.0033155277214956
2023-03-20 12:00:00,1.132307232968297,3.9298213298950087
2023-03-20 13:00:00,1.0276985531993026,4.2613741020445755
2023-03-20 14:00:00,1.186450397301859,3.531958003315528
2023-03-20 15:00:00,1.119026834169499,1.5675078283293424
2023-03-20 16:00:00,1.1633629347747174,0.5839012709522933
2023-03-20 17:00:00,1.0906272121228384,0.5185116964450175
2023-03-20 18:00:00,0.8711941612011583,0.5977159697918586
2023-03-20 19:00:00,0.6243830573711866,0.07828329342420336
2023-03-20 20:00:00,0.5191614361191705,0.0
2023-03-20 21:00:00,0.5017947607668961,0.0
2023-03-20 22:00:00,0.3841099960267771,0.0
2023-03-20 23:00:00,0.3912609799953607,0.0
2023-03-21 00:00:00,0.42252099562945483,0.0
2023-03-21 01:00:00,0.4123053042457639,0.0
2023-03-21 02:00:00,0.3969817671702276,0.0
2023-03-21 03:00:00,0.42374687859549776,0.0
2023-03-21 04:00:00,0.4129182457287854,0.0
2023-03-21 05:00:00,0.3994335331023134,0.0
2023-03-21 06:00:00,0.39596019803185856,0.0
2023-03-21 07:00:00,0.41577863931621883,0.005525879535826119
2023-03-21 08:00:00,0.3677648898128717,0.308528274083625
2023-03-21 09:00:00,0.40924059683065667,0.802173512617425
2023-03-21 10:00:00,0.4819763194825357,1.5002762939767913
2023-03-21 11:00:00,0.6683105303210574,3.110149198747467
2023-03-21 12:00:00,0.9435212561976898,4.145330631792227
2023-03-21 13:00:00,0.7859952950611763,4.467673604715417
2023-03-21 14:00:00,0.7183674181011427,3.4794621477251795
2023-03-21 15:00:00,0.7553482209101037,1.6301344630687051
2023-03-21 16:00:00,0.7898772577869789,0.6419230060784675
2023-03-21 17:00:00,0.7514662581843012,0.587585190642844
2023-03-21 18:00:00,0.7144854553753403,0.5590348130410757
2023-03-21 19:00:00,0.6168234457472553,0.061705654816725
2023-03-21 20:00:00,0.4817720056548619,0.0
2023-03-21 21:00:00,0.38492725133747235,0.0
2023-03-21 22:00:00,0.36102253349963576,0.0
2023-03-21 23:00:00,0.3534629218757045,0.0
2023-03-22 00:00:00,0.3514197835989663,0.0
2023-03-22 01:00:00,0.33425742207436565,0.0
2023-03-22 02:00:00,0.34386017197503504,0.0
2023-03-22 03:00:00,0.34488174111340414,0.0
2023-03-22 04:00:00,0.34488174111340414,0.0
2023-03-22 05:00:00,0.34488174111340414,0.0
2023-03-22 06:00:00,0.3446774272857303,0.0
2023-03-22 07:00:00,0.3446774272857303,0.01841959845275373
2023-03-22 08:00:00,0.3444731134580565,0.23300792042733467
2023-03-22 09:00:00,0.35428017718639976,0.769939215325106
2023-03-22 10:00:00,0.47441670785860446,1.539878430650212
2023-03-22 11:00:00,0.5079241755971106,2.1228587216798673
2023-03-22 12:00:00,0.6219312914391008,1.7553877325474305
2023-03-22 13:00:00,0.5383669359205093,1.7130226561060968
2023-03-22 14:00:00,0.4617492505428278,1.7406520537852275
2023-03-22 15:00:00,0.5824987226980539,1.9230060784674894
2023-03-22 16:00:00,0.5816814673873587,1.4551482777675449
2023-03-22 17:00:00,0.5747347972464489,1.1410941241480936
2023-03-22 18:00:00,0.48687985134670736,0.49088229876588685
2023-03-22 19:00:00,0.35673194311848555,0.13077914901455148
2023-03-22 20:00:00,0.3444731134580565,0.0
2023-03-22 21:00:00,0.34488174111340414,0.0
2023-03-22 22:00:00,0.3446774272857303,0.0
2023-03-22 23:00:00,0.3446774272857303,0.0
2023-03-23 00:00:00,0.3446774272857303,0.0
2023-03-23 01:00:00,0.34488174111340414,0.0
2023-03-23 02:00:00,0.3450860549410779,0.0
2023-03-23 03:00:00,0.34488174111340414,0.0
2023-03-23 04:00:00,0.34712919321781616,0.0
2023-03-23 05:00:00,0.3454946825964256,0.0
2023-03-23 06:00:00,0.34631193790712084,0.0
2023-03-23 07:00:00,0.3446774272857303,0.009209799226376865
2023-03-23 08:00:00,0.346107624079447,0.22656106096887088
2023-03-23 09:00:00,0.39166960765070835,0.5802173512617425
2023-03-23 10:00:00,0.361839788810331,0.8951924848038313
2023-03-23 11:00:00,0.38697038961421054,0.7570454964081783
2023-03-23 12:00:00,0.4182304052483046,1.060968870878615
2023-03-23 13:00:00,0.41537001166087123,0.8786148461963529
2023-03-23 14:00:00,0.4876971066574026,1.3833118438018053
2023-03-23 15:00:00,0.4932135800045957,1.5205378522748203
2023-03-23 16:00:00,0.49198769703855283,0.7100755203536563
2023-03-23 17:00:00,0.49811711186876734,0.28366181617240743
2023-03-23 18:00:00,0.44765159643333435,0.10775465094860931
2023-03-23 19:00:00,0.41761746376528314,0.039602136673420524
2023-03-23 20:00:00,0.3585707675675499,0.0
2023-03-23 21:00:00,0.3450860549410779,0.0
2023-03-23 22:00:00,0.34712919321781616,0.0
2023-03-23 23:00:00,0.34488174111340414,0.0
2023-03-24 00:00:00,0.34651625173479467,0.0
2023-03-24 01:00:00,0.34590331025177323,0.0
2023-03-24 02:00:00,0.34529036876875174,0.0
2023-03-24 03:00:00,0.34488174111340414,0.0
2023-03-24 04:00:00,0.34488174111340414,0.0
2023-03-24 05:00:00,0.3450860549410779,0.0
2023-03-24 06:00:00,0.34488174111340414,0.0
2023-03-24 07:00:00,0.3446774272857303,0.028550377601768283
2023-03-24 08:00:00,0.3444731134580565,0.17867010499171115
2023-03-24 09:00:00,0.3734856769877386,0.6437649659237428
2023-03-24 10:00:00,0.4206821711803905,1.2810830723890219
2023-03-24 11:00:00,0.4251770753892144,2.966476330815988
2023-03-24 12:00:00,0.4251770753892144,4.595689813962055
2023-03-24 13:00:00,0.8170509968675965,4.3304475962424025
2023-03-24 14:00:00,0.7420678221113055,2.7389942899244795
2023-03-24 15:00:00,1.3098559492168447,1.8999815804015472
2023-03-24 16:00:00,0.5737132281080798,0.9965002762939767
2023-03-24 17:00:00,0.5375496806098141,0.7266531589611347
2023-03-24 18:00:00,0.537753994437488,0.6032418493276847
2023-03-24 19:00:00,0.5036335852159604,0.10683367102597163
2023-03-24 20:00:00,0.48892298962344555,0.0
2023-03-24 21:00:00,0.42558570304456206,0.0
2023-03-24 22:00:00,0.3863574481311891,0.0
2023-03-24 23:00:00,0.4118966765904163,0.0
2023-03-25 00:00:00,0.3779805811965626,0.0
2023-03-25 01:00:00,0.34018252307690633,0.0
2023-03-25 02:00:00,0.33609624652342995,0.0
2023-03-25 03:00:00,0.32547192748439147,0.0
2023-03-25 04:00:00,0.31648211906674345,0.0
2023-03-25 05:00:00,0.3076966244767693,0.0
2023-03-25 06:00:00,0.3107613318918766,0.0
2023-03-25 07:00:00,0.3269021242781082,0.049732915822435074
2023-03-25 08:00:00,0.3373221294894729,0.3545772702155093
2023-03-25 09:00:00,0.3414084060429492,0.4558850617056548
2023-03-25 10:00:00,0.3377307571448205,1.7406520537852275
2023-03-25 11:00:00,0.3330315391083227,3.059495303002395
2023-03-25 12:00:00,0.3305797731762369,3.3624976975501935
2023-03-25 13:00:00,0.33446173590203937,2.5391416467121015
2023-03-25 14:00:00,0.35325860804803066,1.4468594584638055
2023-03-25 15:00:00,0.35039821446059716,1.3354208878246454
2023-03-25 16:00:00,0.34651625173479467,0.8970344446491065
2023-03-25 17:00:00,0.3385480124555158,0.6253453674709891
2023-03-25 18:00:00,0.3240417306906747,0.3776017682814515
2023-03-25 19:00:00,0.3238374168630009,0.045128016209246634
2023-03-25 20:00:00,0.34283860283666595,0.0
2023-03-25 21:00:00,0.34733350704548993,0.0
2023-03-25 22:00:00,0.3495809591499019,0.0
2023-03-25 23:00:00,0.34815076235618525,0.0
2023-03-26 00:00:00,0.327106438105782,0.0
2023-03-26 01:00:00,0.3199554541371984,0.0
2023-03-26 02:00:00,0.294620539505645,0.0
2023-03-26 03:00:00,0.3230201615523056,0.0
2023-03-26 04:00:00,0.3444731134580565,0.0
2023-03-26 05:00:00,0.34181703369829686,0.0
2023-03-26 06:00:00,0.3469248793901423,0.0
2023-03-26 07:00:00,0.3346660497297132,0.0
2023-03-26 08:00:00,0.31954682648185073,0.03868115675078283
2023-03-26 09:00:00,0.31137427337489804,0.30392337447043655
2023-03-26 10:00:00,0.3467205655624685,0.5811383311843802
2023-03-26 11:00:00,0.3485593900115328,1.7747283109228218
2023-03-26 12:00:00,0.34712919321781616,3.0180512064836984
2023-03-26 13:00:00,0.34222566135364446,3.890219193221588
2023-03-26 14:00:00,0.33037545934856305,4.380180512064837
2023-03-26 15:00:00,0.3285366348994987,3.7778596426597897
2023-03-26 16:00:00,0.3230201615523056,1.678025419045865
2023-03-26 17:00:00,0.34712919321781616,0.7128384601215694
2023-03-26 18:00:00,0.35468880484174736,0.6916559219009026
2023-03-26 19:00:00,0.35591468780779023,0.646527905691656
2023-03-26 20:00:00,0.34631193790712084,0.10130779149014552
2023-03-26 21:00:00,0.3269021242781082,0.0
2023-03-26 22:00:00,0.32322447537997945,0.0
2023-03-26 23:00:00,0.3269021242781082,0.0
2023-03-27 00:00:00,0.33916095393853724,0.0
2023-03-27 01:00:00,0.34079546455992776,0.0
2023-03-27 02:00:00,0.3369135018341252,0.0
2023-03-27 03:00:00,0.32097702327556743,0.0
2023-03-27 04:00:00,0.31239584251326713,0.0
2023-03-27 05:00:00,0.30585780002770496,0.0
2023-03-27 06:00:00,0.32056839562021977,0.0
2023-03-27 07:00:00,0.33364448059134416,0.0
2023-03-27 08:00:00,0.33507467738506086,0.05249585559034813
2023-03-27 09:00:00,0.36817351746821936,0.2044575428255664
2023-03-27 10:00:00,0.41271393190111155,0.3168170933873642
2023-03-27 11:00:00,0.626221881820251,1.9533984159145332
2023-03-27 12:00:00,0.9702863676229598,3.504328605636397
2023-03-27 13:00:00,0.874871810099287,4.455700865721127
2023-03-27 14:00:00,0.9974601067035775,4.424387548351446
2023-03-27 15:00:00,0.907357708699424,3.578006999447412
2023-03-27 16:00:00,0.8313529648047638,1.680788358813778
2023-03-27 17:00:00,0.8229760978701373,0.7478356971818014
2023-03-27 18:00:00,0.8370737519796307,0.7045496408178302
2023-03-27 19:00:00,0.8041792257241461,0.6142936083993369
2023-03-27 20:00:00,0.7457454710094342,0.10407073125805857
2023-03-27 21:00:00,0.7575956730145157,0.0
2023-03-27 22:00:00,0.7716933271240092,0.0
2023-03-27 23:00:00,0.725927029725074,0.0
2023-03-28 00:00:00,0.680977987636834,0.0
2023-03-28 01:00:00,0.6803650461538127,0.0
2023-03-28 02:00:00,0.6805693599814864,0.0
2023-03-28 03:00:00,0.6805693599814864,0.0
2023-03-28 04:00:00,0.6805693599814864,0.0
2023-03-28 05:00:00,0.6805693599814864,0.0
2023-03-28 06:00:00,0.6805693599814864,0.0
2023-03-28 07:00:00,0.6803650461538127,0.0
2023-03-28 08:00:00,0.6801607323261388,0.04696997605452201
2023-03-28 09:00:00,0.6848599503626366,0.2993184748572481
2023-03-28 10:00:00,0.8084698161052962,0.5590348130410757
2023-03-28 11:00:00,0.8997980970754927,1.9533984159145332
2023-03-28 12:00:00,0.8930557407622568,3.269478725363787
2023-03-28 13:00:00,0.8460635603972787,3.6636581322527166
2023-03-28 14:00:00,0.8237933531808326,3.951003868115675
2023-03-28 15:00:00,0.8595482730237507,2.843986001105176
2023-03-28 16:00:00,0.9061318257333811,1.7268373549456624
2023-03-28 17:00:00,0.928606346777501,0.9983422361392522
2023-03-28 18:00:00,0.7902858854423266,1.0213667342051944
2023-03-28 19:00:00,0.5857677439408351,0.8261189906060049
2023-03-28 20:00:00,0.5489912549595479,0.16577638607478357
2023-03-28 21:00:00,0.5395928188865523,0.0
2023-03-28 22:00:00,0.4421351230861413,0.0
2023-03-28 23:00:00,0.3841099960267771,0.0
2023-03-29 00:00:00,0.37593744291982445,0.0
2023-03-29 01:00:00,0.3704209695726313,0.0
2023-03-29 02:00:00,0.371851166366348,0.0
2023-03-29 03:00:00,0.37205548019402185,0.0
2023-03-29 04:00:00,0.3683778312958932,0.0
2023-03-29 05:00:00,0.37409861847076004,0.0
2023-03-29 06:00:00,0.3667433206745026,0.0
2023-03-29 07:00:00,0.36756057598519787,0.0
2023-03-29 08:00:00,0.3657217515361335,0.07552035365629028
2023-03-29 09:00:00,0.4108751074520472,0.37852274820408915
2023-03-29 10:00:00,0.4658355270963041,0.7736231350156566
2023-03-29 11:00:00,0.7902858854423266,1.603426045312212
2023-03-29 12:00:00,0.8111258958650559,3.313685761650396
2023-03-29 13:00:00,0.7620905772233397,3.9067968318290665
2023-03-29 14:00:00,0.8213415872487467,3.7087861484619635
2023-03-29 15:00:00,0.8575051347470125,3.0263400257874378
2023-03-29 16:00:00,0.8252235499745494,1.7056548167249954
2023-03-29 17:00:00,0.8634302357495531,0.9854485172223246
2023-03-29 18:00:00,0.730421933933898,0.7616503960213667
2023-03-29 19:00:00,0.5804555844213157,0.2044575428255664
2023-03-29 20:00:00,0.4789116120674285,0.04236507644133358
2023-03-29 21:00:00,0.38288411306073417,0.0
2023-03-29 22:00:00,0.32771937958880343,0.0
2023-03-29 23:00:00,0.32812800724415103,0.0
2023-03-30 00:00:00,0.3260848689674129,0.0
2023-03-30 01:00:00,0.32792369341647726,0.0
2023-03-30 02:00:00,0.32220290624161035,0.0
2023-03-30 03:00:00,0.3250632998290438,0.0
2023-03-30 04:00:00,0.3217942785862627,0.0
2023-03-30 05:00:00,0.32220290624161035,0.0
2023-03-30 06:00:00,0.32547192748439147,0.0
2023-03-30 07:00:00,0.3189338849988293,0.0
2023-03-30 08:00:00,0.32649349662276056,0.023024498065942162
2023-03-30 09:00:00,0.3516240974266401,0.3048443543930742
2023-03-30 10:00:00,0.3986162777916181,0.7496776570270768
2023-03-30 11:00:00,0.4578672878170253,2.0445754282556643
2023-03-30 12:00:00,0.6247916850265343,2.6487382575059866
2023-03-30 13:00:00,0.6064034405358907,2.0537852274820407
2023-03-30 14:00:00,0.5694226377269297,2.2352182722416654
2023-03-30 15:00:00,0.5837246056640969,2.004052311659606
2023-03-30 16:00:00,0.6699450409424479,1.794989869220851
2023-03-30 17:00:00,0.679956418498465,1.3777859642659789
2023-03-30 18:00:00,0.6478791475536757,0.8767728863510775
2023-03-30 19:00:00,0.4766641599630165,0.3195800331552772
2023-03-30 20:00:00,0.41577863931621883,0.06538957450727574
2023-03-30 21:00:00,0.38288411306073417,0.0
2023-03-30 22:00:00,0.3168907467220911,0.0
2023-03-30 23:00:00,0.31403035313465766,0.0
2023-03-31 00:00:00,0.3152562361007005,0.0
2023-03-31 01:00:00,0.31239584251326713,0.0
2023-03-31 02:00:00,0.31648211906674345,0.0
2023-03-31 03:00:00,0.3109656457195504,0.0
2023-03-31 04:00:00,0.31546054992837436,0.0
2023-03-31 05:00:00,0.31055701806420277,0.0
2023-03-31 06:00:00,0.3099440765811813,0.0
2023-03-31 07:00:00,0.3162778052390696,0.0
2023-03-31 08:00:00,0.3081052521321169,0.0543378154356235
2023-03-31 09:00:00,0.3644958685700906,0.496408178301713
2023-03-31 10:00:00,0.4952567182813339,0.8804568060416283
2023-03-31 11:00:00,0.6417497327234611,1.1742494013630502
2023-03-31 12:00:00,0.6715795515638385,1.945109596610794
2023-03-31 13:00:00,0.8807969111018278,2.6192668999815805
2023-03-31 14:00:00,0.7150983968583616,2.652422177196537
2023-03-31 15:00:00,0.7864039227165239,2.4894087308896666
2023-03-31 16:00:00,0.6480834613813494,1.6356603426045313
2023-03-31 17:00:00,0.6775046525663792,1.0885982685577453
2023-03-31 18:00:00,0.467061410062347,0.8399336894455701
2023-03-31 19:00:00,0.43151080404710274,0.44483330263400256
2023-03-31 20:00:00,0.3757331290921506,0.1372260084730153
2023-03-31 21:00:00,0.35489311866942114,0.0
2023-03-31 22:00:00,0.40495000644950646,0.0
2023-03-31 23:00:00,0.4051543202771803,0.0
2023-04-01 00:00:00,0.3775719535412149,0.0
2023-04-01 01:00:00,0.32526761365671764,0.0
2023-04-01 02:00:00,0.327106438105782,0.0
2023-04-01 03:00:00,0.3291495763825201,0.0
2023-04-01 04:00:00,0.3256762413120653,0.0
2023-04-01 05:00:00,0.3256762413120653,0.0
2023-04-01 06:00:00,0.32649349662276056,0.0
2023-04-01 07:00:00,0.32628918279508673,0.0
2023-04-01 08:00:00,0.32322447537997945,0.04052311659605821
2023-04-01 09:00:00,0.32526761365671764,0.3868115675078283
2023-04-01 10:00:00,0.3224072200692842,0.6713943636028735
2023-04-01 11:00:00,0.32424604451834854,0.7588874562534537
2023-04-01 12:00:00,0.32588055513973907,0.9099281635660343
2023-04-01 13:00:00,0.3260848689674129,1.8640633634186774
2023-04-01 14:00:00,0.3260848689674129,1.4735678762202984
2023-04-01 15:00:00,0.3311927146592583,0.6953398415914533
2023-04-01 16:00:00,0.32649349662276056,1.4873825750598637
2023-04-01 17:00:00,0.3269021242781082,0.6787622029839748
2023-04-01 18:00:00,0.3330315391083227,0.6363971265426415
2023-04-01 19:00:00,0.327106438105782,0.6557377049180328
2023-04-01 20:00:00,0.32894526255484635,0.1584085466936821
2023-04-01 21:00:00,0.32322447537997945,0.0
2023-04-01 22:00:00,0.32424604451834854,0.0
2023-04-01 23:00:00,0.32158996475858886,0.0
2023-04-02 00:00:00,0.32036408179254605,0.0
2023-04-02 01:00:00,0.3146432946176791,0.0
2023-04-02 02:00:00,0.3179123158604602,0.0
2023-04-02 03:00:00,0.31505192227302675,0.0
2023-04-02 04:00:00,0.31362172547931005,0.0
2023-04-02 05:00:00,0.31157858720257187,0.0
2023-04-02 06:00:00,0.3109656457195504,0.0
2023-04-02 07:00:00,0.3111699595472242,0.0
2023-04-02 08:00:00,0.3097397627535075,0.06999447412046418
2023-04-02 09:00:00,0.31157858720257187,0.17867010499171115
2023-04-02 10:00:00,0.31403035313465766,0.2882667157855959
2023-04-02 11:00:00,0.32056839562021977,2.359550561797753
2023-04-02 12:00:00,0.3240417306906747,3.7235218272241664
2023-04-02 13:00:00,0.3291495763825201,4.69331368576165
2023-04-02 14:00:00,0.3352789912127347,4.601215693497881
2023-04-02 15:00:00,0.33098840083158454,3.7529931847485725
2023-04-02 16:00:00,0.3311927146592583,1.8336710259716338
2023-04-02 17:00:00,0.3367091880064514,1.128200405231166
2023-04-02 18:00:00,0.3356876188680823,0.8905875851906428
2023-04-02 19:00:00,0.33425742207436565,0.7625713759440045
2023-04-02 20:00:00,0.33200996996995363,0.1630134463068705
2023-04-02 21:00:00,0.32547192748439147,0.0
2023-04-02 22:00:00,0.32220290624161035,0.0
2023-04-02 23:00:00,0.322611533896958,0.0
2023-04-03 00:00:00,0.3156648637560482,0.0
2023-04-03 01:00:00,0.3179123158604602,0.0
2023-04-03 02:00:00,0.3128044701686148,0.0
2023-04-03 03:00:00,0.315869177583722,0.0
2023-04-03 04:00:00,0.31546054992837436,0.0
2023-04-03 05:00:00,0.31198721485791947,0.0
2023-04-03 06:00:00,0.31198721485791947,0.0
2023-04-03 07:00:00,0.3132130978239624,0.0
2023-04-03 08:00:00,0.31403035313465766,0.08933505249585558
2023-04-03 09:00:00,0.4121009904180901,0.49088229876588685
2023-04-03 10:00:00,0.5205916329128872,1.004789095597716
2023-04-03 11:00:00,0.667697588838036,2.0574691471725917
2023-04-03 12:00:00,0.9868357876645389,2.258242770307607
2023-04-03 13:00:00,1.0187087447816545,2.57966476330816
2023-04-03 14:00:00,1.0397530690320578,3.568797200221035
2023-04-03 15:00:00,0.9216596766365912,2.4350709154540433
2023-04-03 16:00:00,0.8011145183090388,1.765518511696445
2023-04-03 17:00:00,1.1237260522059969,0.8648001473567877
2023-04-03 18:00:00,0.7046783916469969,0.4291766439491619
2023-04-03 19:00:00,0.5481739996488526,0.1436728679314791
2023-04-03 20:00:00,0.3589793952228975,0.024866457911217537
2023-04-03 21:00:00,0.33098840083158454,0.0
2023-04-03 22:00:00,0.3256762413120653,0.0
2023-04-03 23:00:00,0.32526761365671764,0.0
2023-04-04 00:00:00,0.3273107519334558,0.0
2023-04-04 01:00:00,0.32485898600137,0.0
2023-04-04 02:00:00,0.32322447537997945,0.0
2023-04-04 03:00:00,0.32056839562021977,0.0
2023-04-04 04:00:00,0.3256762413120653,0.0
2023-04-04 05:00:00,0.32322447537997945,0.0
2023-04-04 06:00:00,0.3179123158604602,0.0
2023-04-04 07:00:00,0.32118133710324126,0.0
2023-04-04 08:00:00,0.31811662968813403,0.09393995210904402
2023-04-04 09:00:00,0.39759470865324903,0.27537299686866823
2023-04-04 10:00:00,0.4300806072533861,0.5673236323448149
2023-04-04 11:00:00,0.5886281375282686,2.265610609688709
2023-04-04 12:00:00,0.6783219078770745,3.6037944372812674
2023-04-04 13:00:00,0.7657682261214683,3.3855221956161357
2023-04-04 14:00:00,0.6770960249110316,2.249953951003868
2023-04-04 15:00:00,1.0056326598105303,2.9885798489592927
2023-04-04 16:00:00,0.6366418870316157,1.9220850985448519
2023-04-04 17:00:00,0.6817952429475294,0.7653343157119175
2023-04-04 18:00:00,0.6225442329221222,0.7653343157119175
2023-04-04 19:00:00,0.5022033884222437,0.6981027813593664
2023-04-04 20:00:00,0.4545982665742442,0.16577638607478357
2023-04-04 21:00:00,0.4118966765904163,0.0009209799226376865
2023-04-04 22:00:00,0.33200996996995363,0.0
2023-04-04 23:00:00,0.32628918279508673,0.0
2023-04-05 00:00:00,0.3269021242781082,0.0
2023-04-05 01:00:00,0.3189338849988293,0.0
2023-04-05 02:00:00,0.3213856509309151,0.0
2023-04-05 03:00:00,0.32445035834602237,0.0
2023-04-05 04:00:00,0.3240417306906747,0.0
2023-04-05 05:00:00,0.3246546721736962,0.0
2023-04-05 06:00:00,0.32097702327556743,0.0
2023-04-05 07:00:00,0.32097702327556743,0.0
2023-04-05 08:00:00,0.32588055513973907,0.08657211272794255
2023-04-05 09:00:00,0.4259943306999097,0.23024498065942162
2023-04-05 10:00:00,0.5978222597735904,0.39417940688892983
2023-04-05 11:00:00,0.7283787956571598,2.4313869957634924
2023-04-05 12:00:00,0.795393731134172,3.5706391600663108
2023-04-05 13:00:00,0.6462446369322852,4.491619082703997
2023-04-05 14:00:00,0.7465627263201295,4.4160987290477065
2023-04-05 15:00:00,0.8282882573896566,3.6710259716338185
2023-04-05 16:00:00,0.8205243319380514,1.935899797384417
2023-04-05 17:00:00,0.8239976670085064,1.207404678578007
2023-04-05 18:00:00,0.7114207479602328,0.9449254006262664
2023-04-05 19:00:00,0.518548494636149,0.7828329342420336
2023-04-05 20:00:00,0.369603714261936,0.155645606925769
2023-04-05 21:00:00,0.34038683690458016,0.001841959845275373
2023-04-05 22:00:00,0.3399782092492325,0.0
2023-04-05 23:00:00,0.33200996996995363,0.0
2023-04-06 00:00:00,0.33425742207436565,0.0
2023-04-06 01:00:00,0.33446173590203937,0.0
2023-04-06 02:00:00,0.32628918279508673,0.0
2023-04-06 03:00:00,0.3311927146592583,0.0
2023-04-06 04:00:00,0.3295582040378678,0.0
2023-04-06 05:00:00,0.32547192748439147,0.0
2023-04-06 06:00:00,0.3256762413120653,0.0
2023-04-06 07:00:00,0.31975114030952456,0.0
2023-04-06 08:00:00,0.3207727094478936,0.09117701234113096
2023-04-06 09:00:00,0.4067888308985709,0.2127463621293056
2023-04-06 10:00:00,0.37777626736888875,0.3472094308344078
2023-04-06 11:00:00,0.4411135539477722,2.4378338552219563
2023-04-06 12:00:00,0.5097630000461749,3.5384048627739917
2023-04-06 13:00:00,0.5005688778008531,4.519248480383128
2023-04-06 14:00:00,0.4545982665742442,4.4953030023945475
2023-04-06 15:00:00,0.3747115599537815,3.707865168539326
2023-04-06 16:00:00,0.3636786132593953,1.7351261742494015
2023-04-06 17:00:00,0.3565276292908117,0.6631055442991343
2023-04-06 18:00:00,0.36020527818894044,0.705470620740468
2023-04-06 19:00:00,0.37001234191728366,0.755203536562903
2023-04-06 20:00:00,0.3516240974266401,0.16577638607478357
2023-04-06 21:00:00,0.3434515443196874,0.001841959845275373
2023-04-06 22:00:00,0.3414084060429492,0.0
2023-04-06 23:00:00,0.33916095393853724,0.0
2023-04-07 00:00:00,0.33609624652342995,0.0
2023-04-07 01:00:00,0.3363005603511038,0.0
2023-04-07 02:00:00,0.33548330504040846,0.0
2023-04-07 03:00:00,0.33200996996995363,0.0
2023-04-07 04:00:00,0.33323585293599656,0.0
2023-04-07 05:00:00,0.33323585293599656,0.0
2023-04-07 06:00:00,0.32792369341647726,0.0
2023-04-07 07:00:00,0.32833232107182486,0.0
2023-04-07 08:00:00,0.3256762413120653,0.09209799226376865
2023-04-07 09:00:00,0.32996683169321545,0.23577086019524773
2023-04-07 10:00:00,0.33487036355738703,0.4227297844906981
2023-04-07 11:00:00,0.3440644858027088,2.4755940320501013
2023-04-07 12:00:00,0.341612719870623,3.3744704365444833
2023-04-07 13:00:00,0.3479464485285114,4.440044207036287
2023-04-07 14:00:00,0.3491723314945543,4.461226745256953
2023-04-07 15:00:00,0.3524413527373354,3.682998710628108
2023-04-07 16:00:00,0.35428017718639976,1.7167065757966475
2023-04-07 17:00:00,0.3555060601524426,0.6686314238349604
2023-04-07 18:00:00,0.35428017718639976,0.7588874562534537
2023-04-07 19:00:00,0.3508068421159448,0.7119174801989316
2023-04-07 20:00:00,0.34998958680524955,0.16209246638423283
2023-04-07 21:00:00,0.34386017197503504,0.001841959845275373
2023-04-07 22:00:00,0.34324723049201356,0.0
2023-04-07 23:00:00,0.340591150732254,0.0
2023-04-08 00:00:00,0.33650487417877756,0.0
2023-04-08 01:00:00,0.3395695815938849,0.0
2023-04-08 02:00:00,0.33221428379762746,0.0
2023-04-08 03:00:00,0.33344016676367033,0.0
2023-04-08 04:00:00,0.33241859762530124,0.0
2023-04-08 05:00:00,0.32996683169321545,0.0
2023-04-08 06:00:00,0.3291495763825201,0.0
2023-04-08 07:00:00,0.3287409487271725,0.0
2023-04-08 08:00:00,0.32547192748439147,0.12617424940136304
2023-04-08 09:00:00,0.32935389021019396,0.3131331736968134
2023-04-08 10:00:00,0.33650487417877756,0.5525879535826119
2023-04-08 11:00:00,0.3414084060429492,2.419414256769202
2023-04-08 12:00:00,0.34426879963038265,3.352366918401179
2023-04-08 13:00:00,0.3485593900115328,4.254006262663474
2023-04-08 14:00:00,0.3440644858027088,4.315711917480199
2023-04-08 15:00:00,0.3497852729775757,3.6351077546509485
2023-04-08 16:00:00,0.3501939006329234,1.7664394916190826
2023-04-08 17:00:00,0.3534629218757045,0.9522932400073679
2023-04-08 18:00:00,0.35305429422035683,0.8905875851906428
2023-04-08 19:00:00,0.352849980392683,0.7653343157119175
2023-04-08 20:00:00,0.3497852729775757,0.22932400073678394
2023-04-08 21:00:00,0.34529036876875174,0.007367839381101492
2023-04-08 22:00:00,0.340591150732254,0.0
2023-04-08 23:00:00,0.33813938480016814,0.0
2023-04-09 00:00:00,0.3352789912127347,0.0
2023-04-09 01:00:00,0.33916095393853724,0.0
2023-04-09 02:00:00,0.33262291145297507,0.0
2023-04-09 03:00:00,0.331601342314606,0.0
2023-04-09 04:00:00,0.3375264433171467,0.0
2023-04-09 05:00:00,0.3311927146592583,0.0
2023-04-09 06:00:00,0.33037545934856305,0.0
2023-04-09 07:00:00,0.33241859762530124,0.0
2023-04-09 08:00:00,0.3295582040378678,0.14183090808620372
2023-04-09 09:00:00,0.3307840870039107,0.5111438570639161
2023-04-09 10:00:00,0.3375264433171467,0.8905875851906428
2023-04-09 11:00:00,0.3369135018341252,2.417572296923927
2023-04-09 12:00:00,0.33813938480016814,3.3440780990974392
2023-04-09 13:00:00,0.3430429166643397,4.16006631055443
2023-04-09 14:00:00,0.34120409221527537,4.155461410941241
2023-04-09 15:00:00,0.34815076235618525,3.5559034813041075
2023-04-09 16:00:00,0.34835507618385897,1.7995947688340395
2023-04-09 17:00:00,0.34631193790712084,0.9311107017867011
2023-04-09 18:00:00,0.34815076235618525,0.933873641554614
2023-04-09 19:00:00,0.346107624079447,0.7809909743967581
2023-04-09 20:00:00,0.3456989964240994,0.1777491250690735
2023-04-09 21:00:00,0.3385480124555158,0.001841959845275373
2023-04-09 22:00:00,0.33977389542155867,0.0
2023-04-09 23:00:00,0.33507467738506086,0.0
2023-04-10 00:00:00,0.33711781566179905,0.0
2023-04-10 01:00:00,0.3346660497297132,0.0
2023-04-10 02:00:00,0.331601342314606,0.0
2023-04-10 03:00:00,0.33548330504040846,0.0
2023-04-10 04:00:00,0.3379350709724943,0.0
2023-04-10 05:00:00,0.333848794419018,0.0
2023-04-10 06:00:00,0.32792369341647726,0.0
2023-04-10 07:00:00,0.33037545934856305,0.0
2023-04-10 08:00:00,0.3269021242781082,0.12801620924663842
2023-04-10 09:00:00,0.33139702848693214,0.4420703628660895
2023-04-10 10:00:00,0.33916095393853724,1.048996131884325
2023-04-10 11:00:00,0.33487036355738703,1.3409467673604716
2023-04-10 12:00:00,0.3369135018341252,2.423098176459753
2023-04-10 13:00:00,0.3367091880064514,1.5969791858537483
2023-04-10 14:00:00,0.3311927146592583,2.494013630502855
2023-04-10 15:00:00,0.33650487417877756,3.4647264689629766
2023-04-10 16:00:00,0.3377307571448205,1.7931479093755756
2023-04-10 17:00:00,0.33936526776621107,0.837170749677657
2023-04-10 18:00:00,0.3385480124555158,0.7395468778780623
2023-04-10 19:00:00,0.33813938480016814,0.8030944925400627
2023-04-10 20:00:00,0.3387523262831896,0.17222324553324736
2023-04-10 21:00:00,0.33323585293599656,0.001841959845275373
2023-04-10 22:00:00,0.3291495763825201,0.0
2023-04-10 23:00:00,0.33241859762530124,0.0
2023-04-11 00:00:00,0.32792369341647726,0.0
2023-04-11 01:00:00,0.3318056561422798,0.0
2023-04-11 02:00:00,0.32649349662276056,0.0
2023-04-11 03:00:00,0.3238374168630009,0.0
2023-04-11 04:00:00,0.3295582040378678,0.0
2023-04-11 05:00:00,0.32894526255484635,0.0
2023-04-11 06:00:00,0.3238374168630009,0.0
2023-04-11 07:00:00,0.32526761365671764,0.0
2023-04-11 08:00:00,0.35203272508198774,0.10591269110333396
2023-04-11 09:00:00,0.3538715495310521,0.46048996131884323
2023-04-11 10:00:00,0.5230433988449731,1.2000368391969054
2023-04-11 11:00:00,0.5547120421344147,2.042733468410389
2023-04-11 12:00:00,0.7028395671979326,2.578743783385522
2023-04-11 13:00:00,0.6797521046707912,3.478541167802542
2023-04-11 14:00:00,0.7224536946546191,2.57966476330816
2023-04-11 15:00:00,0.7955980449618457,3.4610425492724257
2023-04-11 16:00:00,0.9664044048971573,1.918401178854301
2023-04-11 17:00:00,0.7990713800323007,1.3022656106096886
2023-04-11 18:00:00,0.7765968589881806,1.1963529195063547
2023-04-11 19:00:00,0.5655406750011271,0.8436176091361208
2023-04-11 20:00:00,0.41782177759295697,0.22748204089150859
2023-04-11 21:00:00,0.3702166557449575,0.004604899613188432
2023-04-11 22:00:00,0.36265704412102623,0.0
2023-04-11 23:00:00,0.3600009643612666,0.0
2023-04-12 00:00:00,0.3514197835989663,0.0
2023-04-12 01:00:00,0.3512154697712925,0.0
2023-04-12 02:00:00,0.3579578260845284,0.0
2023-04-12 03:00:00,0.3477421347008376,0.0
2023-04-12 04:00:00,0.3444731134580565,0.0
2023-04-12 05:00:00,0.34998958680524955,0.0
2023-04-12 06:00:00,0.34038683690458016,0.0
2023-04-12 07:00:00,0.34018252307690633,0.0
2023-04-12 08:00:00,0.34222566135364446,0.05249585559034813
2023-04-12 09:00:00,0.3928954906167513,0.13446306870510222
2023-04-12 10:00:00,0.510784569184544,0.24221771965371153
2023-04-12 11:00:00,0.5968006906352212,0.8758519064284398
2023-04-12 12:00:00,0.7657682261214683,1.7793332105360102
2023-04-12 13:00:00,0.8570965070916648,2.4921716706575796
2023-04-12 14:00:00,1.0614103347654824,2.840302081414625
2023-04-12 15:00:00,0.9868357876645389,3.5089335052495856
2023-04-12 16:00:00,0.9643612666204191,2.1550930189721864
2023-04-12 17:00:00,0.7870168641995454,1.0839933689445571
2023-04-12 18:00:00,0.7161199659967308,0.9845275372996869
2023-04-12 19:00:00,0.43273668701314566,0.8767728863510775
2023-04-12 20:00:00,0.3851315651651462,0.1795910849143489
2023-04-12 21:00:00,0.37205548019402185,0.003683919690550746
2023-04-12 22:00:00,0.3749158737814553,0.0
2023-04-12 23:00:00,0.37532450143680296,0.0
2023-04-13 00:00:00,0.36286135794870006,0.0
2023-04-13 01:00:00,0.36388292708706915,0.0
2023-04-13 02:00:00,0.3636786132593953,0.0
2023-04-13 03:00:00,0.35489311866942114,0.0
2023-04-13 04:00:00,0.3434515443196874,0.0
2023-04-13 05:00:00,0.34426879963038265,0.0
2023-04-13 06:00:00,0.34529036876875174,0.0
2023-04-13 07:00:00,0.34386017197503504,0.0
2023-04-13 08:00:00,0.3424299751813183,0.11972738994289925
2023-04-13 09:00:00,0.38983078320164405,0.4881193589979738
2023-04-13 10:00:00,0.44826453791635584,0.8657211272794253
2023-04-13 11:00:00,0.45929748461074194,2.1329895008288817
2023-04-13 12:00:00,0.48994455876181464,3.082519801068337
2023-04-13 13:00:00,0.5248822232940374,2.0279977896481856
2023-04-13 14:00:00,0.537753994437488,2.9876588690366552
2023-04-13 15:00:00,0.5980265736012641,3.167249953951004
2023-04-13 16:00:00,0.6374591423423109,1.7563087124700683
2023-04-13 17:00:00,0.6533956209008688,1.116227666236876
2023-04-13 18:00:00,0.5483783134765264,1.0443912322711364
2023-04-13 19:00:00,0.4419308092584675,0.5921900902560324
2023-04-13 20:00:00,0.3651088100531121,0.1731442254558851
2023-04-13 21:00:00,0.3608182196719619,0.004604899613188432
2023-04-13 22:00:00,0.3583664537398761,0.0
2023-04-13 23:00:00,0.3585707675675499,0.0
2023-04-14 00:00:00,0.3624527302933524,0.0
2023-04-14 01:00:00,0.3538715495310521,0.0
2023-04-14 02:00:00,0.35428017718639976,0.0
2023-04-14 03:00:00,0.3516240974266401,0.0
2023-04-14 04:00:00,0.3538715495310521,0.0
2023-04-14 05:00:00,0.3600009643612666,0.0
2023-04-14 06:00:00,0.35366723570337827,0.0
2023-04-14 07:00:00,0.35305429422035683,0.0
2023-04-14 08:00:00,0.35407586335872593,0.025787437833855224
2023-04-14 09:00:00,0.3832927407160818,0.12156934978817463
2023-04-14 10:00:00,0.4813633779995143,0.19524774359918953
2023-04-14 11:00:00,0.5293771275028615,0.3472094308344078
2023-04-14 12:00:00,0.9134871235296385,0.9145330631792227
2023-04-14 13:00:00,0.6517611102794781,1.8189353472094307
2023-04-14 14:00:00,0.6505352273134353,1.648554061521459
2023-04-14 15:00:00,0.6924195619865678,0.8251980106833672
2023-04-14 16:00:00,0.7167329074797522,0.6529747651501197
2023-04-14 17:00:00,0.8182768798336395,0.5360103149751336
2023-04-14 18:00:00,0.6151889351258648,0.3766807883588138
2023-04-14 19:00:00,0.44458688901822707,0.23392890034997238
2023-04-14 20:00:00,0.41700452228226176,0.11143857063916006
2023-04-14 21:00:00,0.41046647979669953,0.0027629397679130594
2023-04-14 22:00:00,0.3352789912127347,0.0
2023-04-14 23:00:00,0.3434515443196874,0.0
2023-04-15 00:00:00,0.33323585293599656,0.0
2023-04-15 01:00:00,0.3318056561422798,0.0
2023-04-15 02:00:00,0.33037545934856305,0.0
2023-04-15 03:00:00,0.3236331030353271,0.0
2023-04-15 04:00:00,0.315869177583722,0.0
2023-04-15 05:00:00,0.31872957117115547,0.0
2023-04-15 06:00:00,0.31811662968813403,0.0
2023-04-15 07:00:00,0.31852525734348164,0.0
2023-04-15 08:00:00,0.31607349141139585,0.17222324553324736
2023-04-15 09:00:00,0.31975114030952456,0.649290845459569
2023-04-15 10:00:00,0.3199554541371984,0.6852090624424388
2023-04-15 11:00:00,0.32118133710324126,2.804383864431755
2023-04-15 12:00:00,0.3295582040378678,3.6424755940320503
2023-04-15 13:00:00,0.3260848689674129,4.674894087308897
2023-04-15 14:00:00,0.32649349662276056,4.721864063363419
2023-04-15 15:00:00,0.33507467738506086,3.836802357708602
2023-04-15 16:00:00,0.3352789912127347,1.8051206483698656
2023-04-15 17:00:00,0.3356876188680823,0.6612635844538589
2023-04-15 18:00:00,0.3367091880064514,0.7773070547062073
2023-04-15 19:00:00,0.33548330504040846,0.8408546693682077
2023-04-15 20:00:00,0.33221428379762746,0.19432676367655183
2023-04-15 21:00:00,0.3311927146592583,0.009209799226376865
2023-04-15 22:00:00,0.3285366348994987,0.0
2023-04-15 23:00:00,0.3201597679648722,0.0
2023-04-16 00:00:00,0.3260848689674129,0.0
2023-04-16 01:00:00,0.31934251265417696,0.0
2023-04-16 02:00:00,0.31913819882650313,0.0
2023-04-16 03:00:00,0.32158996475858886,0.0
2023-04-16 04:00:00,0.3234287892076533,0.0
2023-04-16 05:00:00,0.31709506054976494,0.0
2023-04-16 06:00:00,0.32158996475858886,0.0
2023-04-16 07:00:00,0.3219985924139365,0.0
2023-04-16 08:00:00,0.31954682648185073,0.13170012893718916
2023-04-16 09:00:00,0.32485898600137,0.32510591269110334
2023-04-16 10:00:00,0.331601342314606,0.5912691103333947
2023-04-16 11:00:00,0.3295582040378678,2.81451464358077
2023-04-16 12:00:00,0.33344016676367033,3.6295818751151225
2023-04-16 13:00:00,0.3369135018341252,4.690550745993737
2023-04-16 14:00:00,0.3377307571448205,4.608583532878983
2023-04-16 15:00:00,0.34651625173479467,3.7272057469147173
2023-04-16 16:00:00,0.3467205655624685,1.7636765518511697
2023-04-16 17:00:00,0.3469248793901423,0.6271873273162645
2023-04-16 18:00:00,0.37675469823051966,0.7413888377233377
2023-04-16 19:00:00,0.3538715495310521,0.8500644685945846
2023-04-16 20:00:00,0.33813938480016814,0.19524774359918953
2023-04-16 21:00:00,0.3363005603511038,0.010130779149014552
2023-04-16 22:00:00,0.3311927146592583,0.0
2023-04-16 23:00:00,0.32996683169321545,0.0
2023-04-17 00:00:00,0.3260848689674129,0.0
2023-04-17 01:00:00,0.3256762413120653,0.0
2023-04-17 02:00:00,0.32547192748439147,0.0
2023-04-17 03:00:00,0.32792369341647726,0.0
2023-04-17 04:00:00,0.322611533896958,0.0
2023-04-17 05:00:00,0.3250632998290438,0.0
2023-04-17 06:00:00,0.32628918279508673,0.0
2023-04-17 07:00:00,0.3236331030353271,0.001841959845275373
2023-04-17 08:00:00,0.33200996996995363,0.1372260084730153
2023-04-17 09:00:00,0.4388661018433602,0.3490513906796832
2023-04-17 10:00:00,0.5551206697897624,0.6437649659237428
2023-04-17 11:00:00,0.6775046525663792,2.719653711549088
2023-04-17 12:00:00,0.7960066726171934,3.4803831276478174
2023-04-17 13:00:00,0.7735321515730734,4.480567323632345
2023-04-17 14:00:00,0.8170509968675965,4.320316817093388
2023-04-17 15:00:00,0.8340090445645235,3.44354393074231
2023-04-17 16:00:00,0.8773235760313728,1.780254190458648
2023-04-17 17:00:00,0.9412738040932777,0.7294160987290477
2023-04-17 18:00:00,0.8732372994778965,0.8740099465831646
2023-04-17 19:00:00,0.656460328315976,0.8565113280530484
2023-04-17 20:00:00,0.5017947607668961,0.1584085466936821
2023-04-17 21:00:00,0.5064939788033939,0.009209799226376865
2023-04-17 22:00:00,0.5075155479417629,0.0
2023-04-17 23:00:00,0.37164685253867424,0.0
2023-04-18 00:00:00,0.36796920364054553,0.0
2023-04-18 01:00:00,0.36040959201661427,0.0
2023-04-18 02:00:00,0.36040959201661427,0.0
2023-04-18 03:00:00,0.3608182196719619,0.0
2023-04-18 04:00:00,0.35877508139522374,0.0
2023-04-18 05:00:00,0.36429155474241676,0.0
2023-04-18 06:00:00,0.3636786132593953,0.0
2023-04-18 07:00:00,0.36040959201661427,0.001841959845275373
2023-04-18 08:00:00,0.3624527302933524,0.13354208878246454
2023-04-18 09:00:00,0.36204410263800485,0.37023392890035
2023-04-18 10:00:00,0.5551206697897624,0.7045496408178302
2023-04-18 11:00:00,0.6119199138830838,2.7389942899244795
2023-04-18 12:00:00,0.7434980189050223,3.501565665868484
2023-04-18 13:00:00,0.7271529126911169,4.614109412414809
2023-04-18 14:00:00,0.7596388112912539,4.522932400073678
2023-04-18 15:00:00,0.8605698421621198,3.588137778596426
2023-04-18 16:00:00,0.8724200441672012,1.7286793147909376
2023-04-18 17:00:00,0.8491282678123859,0.7377049180327868
2023-04-18 18:00:00,0.7052913331300183,0.9007183643396575
2023-04-18 19:00:00,0.5109888830122178,0.7929637133910481
2023-04-18 20:00:00,0.44928610705472494,0.2661631976422914
2023-04-18 21:00:00,0.37879783650725785,0.019340578375391416
2023-04-18 22:00:00,0.36613037919148117,0.0
2023-04-18 23:00:00,0.3563233154631379,0.0
2023-04-19 00:00:00,0.3524413527373354,0.0
2023-04-19 01:00:00,0.35101115594361865,0.0
2023-04-19 02:00:00,0.34651625173479467,0.0
2023-04-19 03:00:00,0.34529036876875174,0.0
2023-04-19 04:00:00,0.34753782087316376,0.0
2023-04-19 05:00:00,0.34426879963038265,0.0
2023-04-19 06:00:00,0.34079546455992776,0.0
2023-04-19 07:00:00,0.34283860283666595,0.0027629397679130594
2023-04-19 08:00:00,0.34651625173479467,0.15196168723521827
2023-04-19 09:00:00,0.4396833571540555,0.3858905875851906
2023-04-19 10:00:00,0.5788210737999253,0.7156013998894823
2023-04-19 11:00:00,0.701205056576542,2.7675446675262476
2023-04-19 12:00:00,0.9275847776391319,3.586295818751151
2023-04-19 13:00:00,0.8440204221205405,4.764229139804752
2023-04-19 14:00:00,0.9435212561976898,4.731994842512433
2023-04-19 15:00:00,1.011557760813071,3.8165407994105727
2023-04-19 16:00:00,0.9927608886670797,1.8180143672867932
2023-04-19 17:00:00,0.8644518048879223,0.6152145883219746
2023-04-19 18:00:00,0.8264494329405923,0.7321790384969608
2023-04-19 19:00:00,0.614984621298191,0.7773070547062073
2023-04-19 20:00:00,0.5761649940401656,0.16117148646159513
2023-04-19 21:00:00,0.5649277335181058,0.019340578375391416
2023-04-19 22:00:00,0.5355065423330759,0.0
2023-04-19 23:00:00,0.4300806072533861,0.0
2023-04-20 00:00:00,0.40658451707089704,0.0
2023-04-20 01:00:00,0.40801471386461374,0.0
2023-04-20 02:00:00,0.40699314472624465,0.0
2023-04-20 03:00:00,0.40903628300298284,0.0
2023-04-20 04:00:00,0.4041327511388112,0.0
2023-04-20 05:00:00,0.40556294793252795,0.0
2023-04-20 06:00:00,0.40699314472624465,0.0
2023-04-20 07:00:00,0.4002507884130087,0.001841959845275373
2023-04-20 08:00:00,0.4061758894155494,0.2053785227482041
2023-04-20 09:00:00,0.45051199002076786,0.6612635844538589
2023-04-20 10:00:00,0.5232477126726469,1.128200405231166
2023-04-20 11:00:00,0.598230887428938,2.9066126358445388
2023-04-20 12:00:00,0.6609552325248,2.963713391048075
2023-04-20 13:00:00,0.6486964028643708,4.6537115490882295
2023-04-20 14:00:00,0.6538042485562164,4.7356787622029834
2023-04-20 15:00:00,0.7138725138923186,3.776938662737152
2023-04-20 16:00:00,0.7804788217139832,1.8226192668999817
2023-04-20 17:00:00,0.8056094225178628,0.8758519064284398
2023-04-20 18:00:00,0.7784356834372451,0.9440044207036287
2023-04-20 19:00:00,0.6123285415384313,0.8196721311475409
2023-04-20 20:00:00,0.5052680958373509,0.2680051574875668
2023-04-20 21:00:00,0.48320220244857864,0.017498618530116045
2023-04-20 22:00:00,0.413326873384133,0.0
2023-04-20 23:00:00,0.40760608620926614,0.0
2023-04-21 00:00:00,0.3986162777916181,0.0
2023-04-21 01:00:00,0.40208961286207306,0.0
2023-04-21 02:00:00,0.40045510224068254,0.0
2023-04-21 03:00:00,0.3973903948255752,0.0
2023-04-21 04:00:00,0.4002507884130087,0.0
2023-04-21 05:00:00,0.4016809852067254,0.0
2023-04-21 06:00:00,0.3908523523400131,0.0
2023-04-21 07:00:00,0.3933041182720989,0.012893718916927612
2023-04-21 08:00:00,0.3992292192746396,0.232086940504697
2023-04-21 09:00:00,0.47339513872023536,0.6585006446859458
2023-04-21 10:00:00,0.5024077022499175,1.4597531773807333
2023-04-21 11:00:00,0.7032481948532802,1.0830723890219194
2023-04-21 12:00:00,0.7943721619958029,0.5341683551298582
2023-04-21 13:00:00,0.7306262477615717,0.5885061705654817
2023-04-21 14:00:00,0.7859952950611763,0.5682446122674525
2023-04-21 15:00:00,0.7723062686070306,0.30300239454779887
2023-04-21 16:00:00,0.8056094225178628,0.311291213851538
2023-04-21 17:00:00,0.7163242798244045,0.9458463805489041
2023-04-21 18:00:00,0.6444058124832207,0.6087677288635108
2023-04-21 19:00:00,0.5391841912312046,0.8970344446491065
2023-04-21 20:00:00,0.4907618140725099,0.33892061153066866
2023-04-21 21:00:00,0.40188529903439923,0.022103518143304475
2023-04-21 22:00:00,0.44826453791635584,0.0
2023-04-21 23:00:00,0.4396833571540555,0.0
2023-04-22 00:00:00,0.41537001166087123,0.0
2023-04-22 01:00:00,0.3757331290921506,0.0
2023-04-22 02:00:00,0.369603714261936,0.0
2023-04-22 03:00:00,0.3636786132593953,0.0
2023-04-22 04:00:00,0.3665390068468288,0.0
2023-04-22 05:00:00,0.3665390068468288,0.0
2023-04-22 06:00:00,0.36715194832985026,0.0
2023-04-22 07:00:00,0.36715194832985026,0.009209799226376865
2023-04-22 08:00:00,0.36326998560404766,0.2044575428255664
2023-04-22 09:00:00,0.3685821451235669,0.49732915822435075
2023-04-22 10:00:00,0.371851166366348,0.9651869589242955
2023-04-22 11:00:00,0.3886049002356011,2.652422177196537
2023-04-22 12:00:00,0.42558570304456206,3.3892061153066866
2023-04-22 13:00:00,0.4274245274936264,3.835881377785964
2023-04-22 14:00:00,0.4027025543450945,3.6737889114017315
2023-04-22 15:00:00,0.404337064966485,3.5485356419230065
2023-04-22 16:00:00,0.433553942323841,1.7959108491434885
2023-04-22 17:00:00,0.43110217639175513,1.269110333394732
2023-04-22 18:00:00,0.4261986445275835,1.1171486461595137
2023-04-22 19:00:00,0.3802280333009746,1.0876772886351076
2023-04-22 20:00:00,0.38002371947330077,0.2449806594216246
2023-04-22 21:00:00,0.3802280333009746,0.01565665868484067
2023-04-22 22:00:00,0.37675469823051966,0.0
2023-04-22 23:00:00,0.37920646416260545,0.0
2023-04-23 00:00:00,0.3804323471286484,0.0
2023-04-23 01:00:00,0.3724641078493695,0.0
2023-04-23 02:00:00,0.37818489502423636,0.0
2023-04-23 03:00:00,0.37409861847076004,0.0
2023-04-23 04:00:00,0.3769590120581935,0.0
2023-04-23 05:00:00,0.3749158737814553,0.0
2023-04-23 06:00:00,0.3779805811965626,0.0
2023-04-23 07:00:00,0.3745072461261077,0.0
2023-04-23 08:00:00,0.376346070575172,0.10775465094860931
2023-04-23 09:00:00,0.3734856769877386,0.4982501381469884
2023-04-23 10:00:00,0.3757331290921506,0.45956898139620556
2023-04-23 11:00:00,0.3790021503349317,1.0757045496408177
2023-04-23 12:00:00,0.3794107779902793,1.5997421256216615
2023-04-23 13:00:00,0.38002371947330077,1.5490882298765887
2023-04-23 14:00:00,0.37879783650725785,2.3245533247375207
2023-04-23 15:00:00,0.38145391626701747,2.8541167802541905
2023-04-23 16:00:00,0.38002371947330077,1.9174801989316634
2023-04-23 17:00:00,0.37818489502423636,1.2580585743230799
2023-04-23 18:00:00,0.3804323471286484,0.8325658500644686
2023-04-23 19:00:00,0.3804323471286484,0.3057653343157119
2023-04-23 20:00:00,0.38084097478399603,0.08012525326947872
2023-04-23 21:00:00,0.38002371947330077,0.012893718916927612
2023-04-23 22:00:00,0.3790021503349317,0.0
2023-04-23 23:00:00,0.38206685775003896,0.0
2023-04-24 00:00:00,0.37879783650725785,0.0
2023-04-24 01:00:00,0.3775719535412149,0.0
2023-04-24 02:00:00,0.3769590120581935,0.0
2023-04-24 03:00:00,0.3779805811965626,0.0
2023-04-24 04:00:00,0.37879783650725785,0.0
2023-04-24 05:00:00,0.3749158737814553,0.0
2023-04-24 06:00:00,0.3769590120581935,0.0
2023-04-24 07:00:00,0.37307704933239094,0.005525879535826119
2023-04-24 08:00:00,0.3775719535412149,0.15380364708049366
2023-04-24 09:00:00,0.454802580401918,0.33155277214956713
2023-04-24 10:00:00,0.6027257916377619,0.8067784122306133
2023-04-24 11:00:00,0.7733278377453996,1.2700313133173697
2023-04-24 12:00:00,0.8450419912589097,2.0058942715048813
2023-04-24 13:00:00,0.7690372473642494,2.5078283293424204
2023-04-24 14:00:00,0.7806831355416571,2.411125437465463
2023-04-24 15:00:00,0.7690372473642494,2.957266531589611
2023-04-24 16:00:00,0.8955075066943426,1.783938110149199
2023-04-24 17:00:00,0.9171647724277673,0.7644133357892797
2023-04-24 18:00:00,0.7815003908523523,0.7773070547062073
2023-04-24 19:00:00,0.6213183499560793,0.8574323079756861
2023-04-24 20:00:00,0.45214650064215833,0.2044575428255664
2023-04-24 21:00:00,0.38288411306073417,0.014735678762202983
2023-04-24 22:00:00,0.38554019282049384,0.0
2023-04-24 23:00:00,0.38554019282049384,0.0
2023-04-25 00:00:00,0.3775719535412149,0.0
2023-04-25 01:00:00,0.37879783650725785,0.0
2023-04-25 02:00:00,0.378593522679584,0.0
2023-04-25 03:00:00,0.3769590120581935,0.0
2023-04-25 04:00:00,0.37879783650725785,0.0
2023-04-25 05:00:00,0.3745072461261077,0.0
2023-04-25 06:00:00,0.3769590120581935,0.0
2023-04-25 07:00:00,0.37307704933239094,0.005525879535826119
2023-04-25 08:00:00,0.3745072461261077,0.2182722416651317
2023-04-25 09:00:00,0.37512018760912913,0.7865168539325842
2023-04-25 10:00:00,0.3802280333009746,1.1972738994289924
2023-04-25 11:00:00,0.38145391626701747,1.3722600847301527
2023-04-25 12:00:00,0.38390568219910326,2.4415177749125068
2023-04-25 13:00:00,0.3818625439223651,3.774175722969239
2023-04-25 14:00:00,0.37879783650725785,4.68134094676736
2023-04-25 15:00:00,0.38697038961421054,3.6728679314790935
2023-04-25 16:00:00,0.38554019282049384,1.8345920058942715
2023-04-25 17:00:00,0.38819627258025347,0.5498250138146988
2023-04-25 18:00:00,0.38717470344188437,0.7349419782648737
2023-04-25 19:00:00,0.38492725133747235,0.9099281635660343
2023-04-25 20:00:00,0.3822711715777128,0.2127463621293056
2023-04-25 21:00:00,0.38206685775003896,0.01565665868484067
2023-04-25 22:00:00,0.38554019282049384,0.0
2023-04-25 23:00:00,0.38206685775003896,0.0
2023-04-26 00:00:00,0.3796150918179531,0.0
2023-04-26 01:00:00,0.3769590120581935,0.0
2023-04-26 02:00:00,0.37655038440284583,0.0
2023-04-26 03:00:00,0.3794107779902793,0.0
2023-04-26 04:00:00,0.3773676397135411,0.0
2023-04-26 05:00:00,0.37716332588586726,0.0
2023-04-26 06:00:00,0.3773676397135411,0.0
2023-04-26 07:00:00,0.37103391105565275,0.010130779149014552
2023-04-26 08:00:00,0.37777626736888875,0.22840302081414626
2023-04-26 09:00:00,0.4304892349087337,0.8187511512249034
2023-04-26 10:00:00,0.6834297535689199,1.4818566955240375
2023-04-26 11:00:00,0.8440204221205405,2.575980843617609
2023-04-26 12:00:00,0.9155302618063766,3.048443543930742
2023-04-26 13:00:00,0.7990713800323007,4.441886166881562
2023-04-26 14:00:00,0.8942816237282997,4.553324737520722
2023-04-26 15:00:00,0.953328319926033,3.369865536931295
2023-04-26 16:00:00,0.9886746121136034,1.8723521827224165
2023-04-26 17:00:00,1.021569138369088,0.6566586848406706
2023-04-26 18:00:00,0.8969377034880593,0.8869036655000921
2023-04-26 19:00:00,0.8047921672071675,0.5129858169091914
2023-04-26 20:00:00,0.4586845431277205,0.2468226192669
2023-04-26 21:00:00,0.41986491586969515,0.017498618530116045
2023-04-26 22:00:00,0.42211236797410717,0.0
2023-04-26 23:00:00,0.42292962328480244,0.0
2023-04-27 00:00:00,0.4196606020420214,0.0
2023-04-27 01:00:00,0.41945628821434755,0.0
2023-04-27 02:00:00,0.420069229697369,0.0
2023-04-27 03:00:00,0.40903628300298284,0.0
2023-04-27 04:00:00,0.3935084320997727,0.0
2023-04-27 05:00:00,0.3982076501362705,0.0
2023-04-27 06:00:00,0.3971860809979014,0.0
2023-04-27 07:00:00,0.39391705975512037,0.016577638607478358
2023-04-27 08:00:00,0.39309980444442505,0.2201142015104071
2023-04-27 09:00:00,0.45030767619309403,0.4835144593847854
2023-04-27 10:00:00,0.5796383291106205,0.9062442438754835
2023-04-27 11:00:00,0.6881289716054176,2.5216430281819857
2023-04-27 12:00:00,0.856892193263991,3.3882851353840486
2023-04-27 13:00:00,0.6856772056733319,4.345183275004604
2023-04-27 14:00:00,0.7635207740170564,4.405967949898692
2023-04-27 15:00:00,0.9204337936705483,3.4122306133726283
2023-04-27 16:00:00,0.8583223900577077,1.8290661263584453
2023-04-27 17:00:00,0.8801839696188062,0.666789463989685
2023-04-27 18:00:00,0.7835435291290905,0.9080862037207589
2023-04-27 19:00:00,0.5618630261029984,0.9154540431018604
2023-04-27 20:00:00,0.43661864973894826,0.296555535089335
2023-04-27 21:00:00,0.422316681801781,0.024866457911217537
2023-04-27 22:00:00,0.41720883610993553,0.0
2023-04-27 23:00:00,0.40924059683065667,0.0
2023-04-28 00:00:00,0.403315495828116,0.0
2023-04-28 01:00:00,0.40208961286207306,0.0
2023-04-28 02:00:00,0.40147667137905163,0.0
2023-04-28 03:00:00,0.39105666616768686,0.0
2023-04-28 04:00:00,0.39207823530605596,0.0
2023-04-28 05:00:00,0.3914652938230345,0.0
2023-04-28 06:00:00,0.3896264693739702,0.0
2023-04-28 07:00:00,0.38901352789094873,0.02118253822066679
2023-04-28 08:00:00,0.3896264693739702,0.279056916559219
2023-04-28 09:00:00,0.5044508405266557,0.6806041628292503
2023-04-28 10:00:00,0.5733046004527321,1.3787069441886166
2023-04-28 11:00:00,0.7204105563778809,2.5271689077178117
2023-04-28 12:00:00,0.8630216080942055,3.0917296002947134
2023-04-28 13:00:00,0.7629078325340349,3.3127647817277586
2023-04-28 14:00:00,0.7410462529729365,4.075336157671763
2023-04-28 15:00:00,0.7502403752182583,3.195800331552772
2023-04-28 16:00:00,0.7643380293277516,1.8309080862037208
2023-04-28 17:00:00,0.7514662581843012,1.4477804383864432
2023-04-28 18:00:00,0.6625897431461905,1.1585927426782097
2023-04-28 19:00:00,0.7122380032709281,0.6852090624424388
2023-04-28 20:00:00,0.6010912810163713,0.28918769570823355
2023-04-28 21:00:00,0.4529637559528536,0.03683919690550746
2023-04-28 22:00:00,0.4607276814044587,0.0
2023-04-28 23:00:00,0.46052336757678486,0.0
2023-04-29 00:00:00,0.4423394369138151,0.0
2023-04-29 01:00:00,0.39269117678907745,0.0
2023-04-29 02:00:00,0.3955515703765109,0.0
2023-04-29 03:00:00,0.3928954906167513,0.0
2023-04-29 04:00:00,0.39269117678907745,0.0
2023-04-29 05:00:00,0.39596019803185856,0.0
2023-04-29 06:00:00,0.3951429427211633,0.0
2023-04-29 07:00:00,0.38370136837142943,0.011972738994289925
2023-04-29 08:00:00,0.38492725133747235,0.16117148646159513
2023-04-29 09:00:00,0.38758333109723203,0.7119174801989316
2023-04-29 10:00:00,0.38799195875257964,1.2322711364892245
2023-04-29 11:00:00,0.3847229375097985,0.8832197458095413
2023-04-29 12:00:00,0.3857445066481676,1.545404310186038
2023-04-29 13:00:00,0.38717470344188437,2.267452569533984
2023-04-29 14:00:00,0.3877876449249058,2.3641554614109412
2023-04-29 15:00:00,0.38983078320164405,2.172591637502302
2023-04-29 16:00:00,0.39064803851233926,1.9580033155277214
2023-04-29 17:00:00,0.39657313951487994,1.8170933873641553
2023-04-29 18:00:00,0.404337064966485,1.2488487750967028
2023-04-29 19:00:00,0.39371274592744654,1.0766255295634555
2023-04-29 20:00:00,0.3902394108569916,0.19985264321237795
2023-04-29 21:00:00,0.3924868629614036,0.009209799226376865
2023-04-29 22:00:00,0.3935084320997727,0.0
2023-04-29 23:00:00,0.3924868629614036,0.0
2023-04-30 00:00:00,0.39534725654883707,0.0
2023-04-30 01:00:00,0.3928954906167513,0.0
2023-04-30 02:00:00,0.39309980444442505,0.0
2023-04-30 03:00:00,0.3933041182720989,0.0
2023-04-30 04:00:00,0.394325687410468,0.0
2023-04-30 05:00:00,0.3877876449249058,0.0
2023-04-30 06:00:00,0.383088426888408,0.0
2023-04-30 07:00:00,0.3822711715777128,0.02118253822066679
2023-04-30 08:00:00,0.38206685775003896,0.18603794437281268
2023-04-30 09:00:00,0.38267979923306034,0.43930742309817644
2023-04-30 10:00:00,0.3863574481311891,1.3501565665868485
2023-04-30 11:00:00,0.3841099960267771,2.0436544483330263
2023-04-30 12:00:00,0.3857445066481676,2.9204273346841036
2023-04-30 13:00:00,0.39003509702931777,3.7594400442070364
2023-04-30 14:00:00,0.39166960765070835,4.137962792411126
2023-04-30 15:00:00,0.3992292192746396,3.4214404125990057
2023-04-30 16:00:00,0.40699314472624465,1.915638239086388
2023-04-30 17:00:00,0.410057852141352,0.6207404678578007
2023-04-30 18:00:00,0.40985353831367816,0.8786148461963529
2023-04-30 19:00:00,0.404337064966485,0.9596610793884695
2023-04-30 20:00:00,0.3992292192746396,0.2569533984159145
2023-04-30 21:00:00,0.39064803851233926,0.024866457911217537
2023-04-30 22:00:00,0.3912609799953607,0.0
2023-04-30 23:00:00,0.3945300012381418,0.0
2023-05-01 00:00:00,0.39371274592744654,0.0
2023-05-01 01:00:00,0.39003509702931777,0.0
2023-05-01 02:00:00,0.3908523523400131,0.0
2023-05-01 03:00:00,0.3812496024393437,0.0
2023-05-01 04:00:00,0.3796150918179531,0.0
2023-05-01 05:00:00,0.3834970545437556,0.0
2023-05-01 06:00:00,0.38002371947330077,0.0
2023-05-01 07:00:00,0.3794107779902793,0.025787437833855224
2023-05-01 08:00:00,0.3790021503349317,0.311291213851538
2023-05-01 09:00:00,0.38206685775003896,0.7027076809725548
2023-05-01 10:00:00,0.38267979923306034,0.9780806778412231
2023-05-01 11:00:00,0.3834970545437556,2.6395284582796097
2023-05-01 12:00:00,0.3863574481311891,3.6360287345735864
2023-05-01 13:00:00,0.38758333109723203,4.600294713575244
2023-05-01 14:00:00,0.39207823530605596,4.27150488119359
2023-05-01 15:00:00,0.3961645118595324,3.56695524037576
2023-05-01 16:00:00,0.39677745334255377,1.921164118622214
2023-05-01 17:00:00,0.42211236797410717,0.8334868299871062
2023-05-01 18:00:00,0.4041327511388112,1.1429360839933689
2023-05-01 19:00:00,0.4053586341048541,0.957819119543194
2023-05-01 20:00:00,0.3971860809979014,0.24774359918953767
2023-05-01 21:00:00,0.39105666616768686,0.026708417756492908
2023-05-01 22:00:00,0.39309980444442505,0.0
2023-05-01 23:00:00,0.3945300012381418,0.0
2023-05-02 00:00:00,0.39269117678907745,0.0
2023-05-02 01:00:00,0.3847229375097985,0.0
2023-05-02 02:00:00,0.3824754854053865,0.0
2023-05-02 03:00:00,0.38145391626701747,0.0
2023-05-02 04:00:00,0.3818625439223651,0.0
2023-05-02 05:00:00,0.38206685775003896,0.0
2023-05-02 06:00:00,0.37675469823051966,0.0
2023-05-02 07:00:00,0.37655038440284583,0.046048996131884325
2023-05-02 08:00:00,0.3822711715777128,0.308528274083625
2023-05-02 09:00:00,0.42558570304456206,0.7533615767176276
2023-05-02 10:00:00,0.6045646160868263,1.051759071652238
2023-05-02 11:00:00,0.6903764237098297,2.335605083809173
2023-05-02 12:00:00,0.7543266517717345,3.2593479462147723
2023-05-02 13:00:00,0.7173458489627735,4.019156382390864
2023-05-02 14:00:00,0.9053145704226858,4.085466936820778
2023-05-02 15:00:00,1.1842029451974467,3.164487014183091
2023-05-02 16:00:00,1.2189362959019958,1.8622214035734022
2023-05-02 17:00:00,1.483114075084242,1.1346472646896297
2023-05-02 18:00:00,1.1382323339708378,1.0793884693313687
2023-05-02 19:00:00,0.769445875019597,0.8307238902191932
2023-05-02 20:00:00,0.5496041964425693,0.19524774359918953
2023-05-02 21:00:00,0.5600242016539341,0.019340578375391416
2023-05-02 22:00:00,0.49709554273039824,0.0
2023-05-02 23:00:00,0.42149942649108574,0.0
2023-05-03 00:00:00,0.42170374031875957,0.0
2023-05-03 01:00:00,0.41373550103948065,0.0
2023-05-03 02:00:00,0.4112837351073948,0.0
2023-05-03 03:00:00,0.410057852141352,0.0
2023-05-03 04:00:00,0.41046647979669953,0.0
2023-05-03 05:00:00,0.4112837351073948,0.0
2023-05-03 06:00:00,0.40903628300298284,0.0
2023-05-03 07:00:00,0.4121009904180901,0.0478909559771597
2023-05-03 08:00:00,0.40454137879415886,0.19985264321237795
2023-05-03 09:00:00,0.508537117080132,0.6585006446859458
2023-05-03 10:00:00,0.8389125764286951,0.9743967581506723
2023-05-03 11:00:00,0.8483110125016906,2.378891140173144
2023-05-03 12:00:00,1.0836805419819286,1.9460305765334316
2023-05-03 13:00:00,1.0812287760498427,3.3053969423466567
2023-05-03 14:00:00,0.8991851555924713,2.23337631239639
2023-05-03 15:00:00,0.9872444153198866,1.8649843433413151
2023-05-03 16:00:00,1.0894013291567954,0.44483330263400256
2023-05-03 17:00:00,1.0804115207391476,0.2901086756308712
2023-05-03 18:00:00,1.0838848558096024,0.3131331736968134
2023-05-03 19:00:00,0.9020455491799048,0.3048443543930742
2023-05-03 20:00:00,0.8374823796349784,0.20998342236139253
2023-05-03 21:00:00,0.48524534072531683,0.023024498065942162
2023-05-03 22:00:00,0.42047785735271664,0.0
2023-05-03 23:00:00,0.42088648500806425,0.0
2023-05-04 00:00:00,0.4202735435250428,0.0
2023-05-04 01:00:00,0.4202735435250428,0.0
2023-05-04 02:00:00,0.4202735435250428,0.0
2023-05-04 03:00:00,0.4202735435250428,0.0
2023-05-04 04:00:00,0.4202735435250428,0.0
2023-05-04 05:00:00,0.42088648500806425,0.0
2023-05-04 06:00:00,0.420069229697369,0.0
2023-05-04 07:00:00,0.420069229697369,0.032234297292319025
2023-05-04 08:00:00,0.420069229697369,0.29563455516669734
2023-05-04 09:00:00,0.4490817932270511,0.7579664763308159
2023-05-04 10:00:00,0.6437928710001993,1.157671762755572
2023-05-04 11:00:00,0.6546215038669116,1.6338183827592558
2023-05-04 12:00:00,0.6568689559713237,1.8962976607109967
2023-05-04 13:00:00,0.5953704938415045,1.9607662552956344
2023-05-04 14:00:00,0.6219312914391008,2.150488119358998
2023-05-04 15:00:00,0.6249959988542081,3.0419966844722786
2023-05-04 16:00:00,0.6284693339246629,1.871431202799779
2023-05-04 17:00:00,0.6311254136844227,1.4477804383864432
2023-05-04 18:00:00,0.5269253615707756,1.3133173696813412
2023-05-04 19:00:00,0.4901488725894884,0.7763860747835698
2023-05-04 20:00:00,0.42926335194269083,0.31773807331000187
2023-05-04 21:00:00,0.422316681801781,0.03683919690550746
2023-05-04 22:00:00,0.422316681801781,0.0
2023-05-04 23:00:00,0.42211236797410717,0.0
2023-05-05 00:00:00,0.422316681801781,0.0
2023-05-05 01:00:00,0.422316681801781,0.0
2023-05-05 02:00:00,0.42252099562945483,0.0
2023-05-05 03:00:00,0.42252099562945483,0.0
2023-05-05 04:00:00,0.42252099562945483,0.0
2023-05-05 05:00:00,0.42252099562945483,0.0
2023-05-05 06:00:00,0.42252099562945483,0.0
2023-05-05 07:00:00,0.42211236797410717,0.045128016209246634
2023-05-05 08:00:00,0.422316681801781,0.40154724627003135
2023-05-05 09:00:00,0.4378445327049911,0.6658684840670472
2023-05-05 10:00:00,0.5444963507507239,1.2948977712285872
2023-05-05 11:00:00,0.5792297014552729,2.182722416651317
2023-05-05 12:00:00,0.580251270593642,3.55498250138147
2023-05-05 13:00:00,0.5780038184892301,4.787253637870695
2023-05-05 14:00:00,0.519774377602192,4.70160250506539
2023-05-05 15:00:00,0.482793574793231,3.6148461963529193
2023-05-05 16:00:00,0.5336677178840116,2.071283846012157
2023-05-05 17:00:00,0.5267210477431018,0.7570454964081783
2023-05-05 18:00:00,0.45153355915913695,1.0296555535089336
2023-05-05 19:00:00,0.42170374031875957,0.9670289187695708
2023-05-05 20:00:00,0.4210907988357381,0.31037023392890034
2023-05-05 21:00:00,0.4202735435250428,0.03776017682814514
2023-05-05 22:00:00,0.4202735435250428,0.0
2023-05-05 23:00:00,0.420069229697369,0.0
2023-05-06 00:00:00,0.42047785735271664,0.0
2023-05-06 01:00:00,0.42047785735271664,0.0
2023-05-06 02:00:00,0.420069229697369,0.0
2023-05-06 03:00:00,0.420069229697369,0.0
2023-05-06 04:00:00,0.42047785735271664,0.0
2023-05-06 05:00:00,0.4202735435250428,0.0
2023-05-06 06:00:00,0.4202735435250428,0.0
2023-05-06 07:00:00,0.4202735435250428,0.032234297292319025
2023-05-06 08:00:00,0.4202735435250428,0.02118253822066679
2023-05-06 09:00:00,0.420069229697369,0.44851722232455327
2023-05-06 10:00:00,0.4202735435250428,0.540615214588322
2023-05-06 11:00:00,0.420069229697369,0.8979554245717443
2023-05-06 12:00:00,0.4202735435250428,2.223245533247375
2023-05-06 13:00:00,0.42047785735271664,4.750414440965187
2023-05-06 14:00:00,0.4202735435250428,4.7227850432860565
2023-05-06 15:00:00,0.420069229697369,3.619451095966108
2023-05-06 16:00:00,0.4202735435250428,2.080493645238534
2023-05-06 17:00:00,0.4202735435250428,0.8067784122306133
2023-05-06 18:00:00,0.4202735435250428,1.0563639712654265
2023-05-06 19:00:00,0.42047785735271664,0.7855958740099466
2023-05-06 20:00:00,0.41986491586969515,0.32418493276846566
2023-05-06 21:00:00,0.4202735435250428,0.033155277214956716
2023-05-06 22:00:00,0.4202735435250428,0.0
2023-05-06 23:00:00,0.4202735435250428,0.0
2023-05-07 00:00:00,0.4202735435250428,0.0
2023-05-07 01:00:00,0.4202735435250428,0.0
2023-05-07 02:00:00,0.4202735435250428,0.0
2023-05-07 03:00:00,0.42047785735271664,0.0
2023-05-07 04:00:00,0.420069229697369,0.0
2023-05-07 05:00:00,0.4206821711803905,0.0
2023-05-07 06:00:00,0.420069229697369,0.0
2023-05-07 07:00:00,0.4202735435250428,0.039602136673420524
2023-05-07 08:00:00,0.4202735435250428,0.36747098913243686
2023-05-07 09:00:00,0.420069229697369,0.6953398415914533
2023-05-07 10:00:00,0.420069229697369,1.1650396021366733
2023-05-07 11:00:00,0.42047785735271664,2.0123411309633448
2023-05-07 12:00:00,0.42047785735271664,3.0060784674894085
2023-05-07 13:00:00,0.42047785735271664,4.664763308159882
2023-05-07 14:00:00,0.4202735435250428,4.8019893166328975
2023-05-07 15:00:00,0.42047785735271664,3.59458463805489
2023-05-07 16:00:00,0.420069229697369,2.0639160066310556
2023-05-07 17:00:00,0.420069229697369,0.9872904770676
2023-05-07 18:00:00,0.42047785735271664,1.172407441517775
2023-05-07 19:00:00,0.420069229697369,1.0158408546693682
2023-05-07 20:00:00,0.420069229697369,0.2818198563271321
2023-05-07 21:00:00,0.4202735435250428,0.061705654816725
2023-05-07 22:00:00,0.42047785735271664,0.0
2023-05-07 23:00:00,0.4202735435250428,0.0
2023-05-08 00:00:00,0.42047785735271664,0.0
2023-05-08 01:00:00,0.4202735435250428,0.0
2023-05-08 02:00:00,0.4202735435250428,0.0
2023-05-08 03:00:00,0.4202735435250428,0.0
2023-05-08 04:00:00,0.42047785735271664,0.0
2023-05-08 05:00:00,0.4202735435250428,0.0
2023-05-08 06:00:00,0.420069229697369,0.0
2023-05-08 07:00:00,0.420069229697369,0.045128016209246634
2023-05-08 08:00:00,0.41986491586969515,0.3536562902928716
2023-05-08 09:00:00,0.44050061246475075,0.9099281635660343
2023-05-08 10:00:00,0.6229528605774698,1.272794253085283
2023-05-08 11:00:00,0.6458360092769375,2.6864984343341316
2023-05-08 12:00:00,0.668719157976405,3.748388285135384
2023-05-08 13:00:00,0.601499908671719,4.583717074967765
2023-05-08 14:00:00,0.5553249836174363,4.282556640265242
2023-05-08 15:00:00,0.667697588838036,3.5752440596794988
2023-05-08 16:00:00,0.6795477908431173,1.7719653711549088
2023-05-08 17:00:00,0.6527826794178472,1.275557192853196
2023-05-08 18:00:00,0.6360289455485941,1.0858353287898324
2023-05-08 19:00:00,0.4977084842134197,0.7680972554798305
2023-05-08 20:00:00,0.43232805935779806,0.25971633818382756
2023-05-08 21:00:00,0.42252099562945483,0.039602136673420524
2023-05-08 22:00:00,0.4235425647678239,0.0
2023-05-08 23:00:00,0.4233382509401501,0.0
2023-05-09 00:00:00,0.42252099562945483,0.0
2023-05-09 01:00:00,0.42292962328480244,0.0
2023-05-09 02:00:00,0.42292962328480244,0.0
2023-05-09 03:00:00,0.42252099562945483,0.0
2023-05-09 04:00:00,0.42272530945712866,0.0
2023-05-09 05:00:00,0.42252099562945483,0.0
2023-05-09 06:00:00,0.422316681801781,0.0
2023-05-09 07:00:00,0.422316681801781,0.022103518143304475
2023-05-09 08:00:00,0.42190805414643334,0.1482777675446675
2023-05-09 09:00:00,0.43375825615151475,0.39694234665684286
2023-05-09 10:00:00,0.6415454188957872,0.696260821514091
2023-05-09 11:00:00,0.572487345142037,2.0777307054706204
2023-05-09 12:00:00,0.5912842172880282,3.1608030944925405
2023-05-09 13:00:00,0.6178450148856244,3.5245901639344264
2023-05-09 14:00:00,0.6405238497574182,4.445570086572113
2023-05-09 15:00:00,0.6648371952506025,3.584453858905876
2023-05-09 16:00:00,0.6728054345298814,1.9322158776938663
2023-05-09 17:00:00,0.6703536685977955,1.1005710075520354
2023-05-09 18:00:00,0.5700355792099512,1.2820040523116596
2023-05-09 19:00:00,0.4247684477338668,1.0232086940504697
2023-05-09 20:00:00,0.42170374031875957,0.33155277214956713
2023-05-09 21:00:00,0.4212951126634119,0.0340762571375944
2023-05-09 22:00:00,0.42149942649108574,0.0
2023-05-09 23:00:00,0.42211236797410717,0.0
2023-05-10 00:00:00,0.422316681801781,0.0
2023-05-10 01:00:00,0.42190805414643334,0.0
2023-05-10 02:00:00,0.4206821711803905,0.0
2023-05-10 03:00:00,0.42047785735271664,0.0
2023-05-10 04:00:00,0.4206821711803905,0.0
2023-05-10 05:00:00,0.4210907988357381,0.0
2023-05-10 06:00:00,0.42190805414643334,0.0
2023-05-10 07:00:00,0.42190805414643334,0.05065389574507276
2023-05-10 08:00:00,0.4212951126634119,0.31037023392890034
2023-05-10 09:00:00,0.43171511787477657,1.007552035365629
2023-05-10 10:00:00,0.5849504886301398,1.6319764229139806
2023-05-10 11:00:00,0.6478791475536757,3.1451464358076993
2023-05-10 12:00:00,0.6578905251096927,4.0127095229324
2023-05-10 13:00:00,0.6298995307183797,4.632529010867563
2023-05-10 14:00:00,0.6726011207022076,4.507275741388837
2023-05-10 15:00:00,0.675461514289641,3.7852274820408915
2023-05-10 16:00:00,0.677708966394053,2.276662368760361
2023-05-10 17:00:00,0.6415454188957872,1.2341130963345
2023-05-10 18:00:00,0.491783383210879,1.4201510407073126
2023-05-10 19:00:00,0.42313393711247627,1.030576533431571
2023-05-10 20:00:00,0.42272530945712866,0.3205010130779149
2023-05-10 21:00:00,0.42374687859549776,0.06907349419782649
2023-05-10 22:00:00,0.4233382509401501,0.0
2023-05-10 23:00:00,0.4235425647678239,0.0
2023-05-11 00:00:00,0.42313393711247627,0.0
2023-05-11 01:00:00,0.42292962328480244,0.0
2023-05-11 02:00:00,0.42313393711247627,0.0
2023-05-11 03:00:00,0.4233382509401501,0.0
2023-05-11 04:00:00,0.4235425647678239,0.0
2023-05-11 05:00:00,0.42456413390619296,0.0
2023-05-11 06:00:00,0.4233382509401501,0.0
2023-05-11 07:00:00,0.4233382509401501,0.05802173512617425
2023-05-11 08:00:00,0.42292962328480244,0.3766807883588138
2023-05-11 09:00:00,0.4707390589604758,1.0011051759071652
2023-05-11 10:00:00,0.6129414830214529,1.6301344630687051
2023-05-11 11:00:00,0.6484920890366971,3.352366918401179
2023-05-11 12:00:00,0.6219312914391008,4.220850985448517
2023-05-11 13:00:00,0.8497412092954074,5.0
2023-05-11 14:00:00,0.9504679263385994,4.9659237428624055
2023-05-11 15:00:00,1.0044067768444873,3.7879904218088045
2023-05-11 16:00:00,1.0046110906721613,2.476515011972739
2023-05-11 17:00:00,0.9684475431738955,1.3731810646527907
2023-05-11 18:00:00,0.8262451191129184,1.3971265426413704
2023-05-11 19:00:00,0.6211140361284055,0.9836065573770492
2023-05-11 20:00:00,0.5510343932362861,0.31589611346472646
2023-05-11 21:00:00,0.4834065162762525,0.0543378154356235
2023-05-11 22:00:00,0.47993318120579753,0.0
2023-05-11 23:00:00,0.42190805414643334,0.0
2023-05-12 00:00:00,0.3922825491337298,0.0
2023-05-12 01:00:00,0.38717470344188437,0.0
2023-05-12 02:00:00,0.38594882047584145,0.0
2023-05-12 03:00:00,0.3841099960267771,0.0
2023-05-12 04:00:00,0.3806366609563222,0.0
2023-05-12 05:00:00,0.38390568219910326,0.0
2023-05-12 06:00:00,0.3747115599537815,0.0
2023-05-12 07:00:00,0.38104528861166986,0.049732915822435074
2023-05-12 08:00:00,0.37675469823051966,0.352735310370234
2023-05-12 09:00:00,0.5024077022499175,1.0066310554429914
2023-05-12 10:00:00,0.5322375210902949,1.7443359734757782
2023-05-12 11:00:00,0.6623854293185166,3.4592005894271507
2023-05-12 12:00:00,0.7857909812335026,3.6581322527168907
2023-05-12 13:00:00,0.7026352533702588,4.587400994658316
2023-05-12 14:00:00,0.7682199920535542,4.327684656474489
2023-05-12 15:00:00,0.89162554396854,3.4195984527537298
2023-05-12 16:00:00,0.9194122245321792,2.156934978817462
2023-05-12 17:00:00,0.8722157303395274,1.3538404862773992
2023-05-12 18:00:00,0.6848599503626366,1.5011972738994288
2023-05-12 19:00:00,0.43559708060057917,1.0471541720390496
2023-05-12 20:00:00,0.4257900168722359,0.323263952845828
2023-05-12 21:00:00,0.4249727615615406,0.06446859458463805
2023-05-12 22:00:00,0.4282417828043217,0.0
2023-05-12 23:00:00,0.4278331551489741,0.0
2023-05-13 00:00:00,0.4257900168722359,0.0
2023-05-13 01:00:00,0.41884334673132606,0.0
2023-05-13 02:00:00,0.41598295314389266,0.0
2023-05-13 03:00:00,0.4108751074520472,0.0
2023-05-13 04:00:00,0.3990249054469658,0.0
2023-05-13 05:00:00,0.39473431506581563,0.0
2023-05-13 06:00:00,0.4024982405174207,0.0
2023-05-13 07:00:00,0.3933041182720989,0.04696997605452201
2023-05-13 08:00:00,0.3994335331023134,0.3619451095966108
2023-05-13 09:00:00,0.38533587899282,1.0268926137410204
2023-05-13 10:00:00,0.3877876449249058,1.7038128568797202
2023-05-13 11:00:00,0.3928954906167513,3.287898323816541
2023-05-13 12:00:00,0.38983078320164405,4.18401178854301
2023-05-13 13:00:00,0.39207823530605596,4.914348867194695
2023-05-13 14:00:00,0.39759470865324903,4.874746730521275
2023-05-13 15:00:00,0.3957558842041847,3.6636581322527166
2023-05-13 16:00:00,0.4012723575513778,2.3586295818751153
2023-05-13 17:00:00,0.404337064966485,1.3473936268189355
2023-05-13 18:00:00,0.4161872669715665,1.392521643028182
2023-05-13 19:00:00,0.4180260914206308,1.0204457542825567
2023-05-13 20:00:00,0.40147667137905163,0.3057653343157119
2023-05-13 21:00:00,0.3957558842041847,0.05894271504881193
2023-05-13 22:00:00,0.39534725654883707,0.0
2023-05-13 23:00:00,0.3955515703765109,0.0
2023-05-14 00:00:00,0.39269117678907745,0.0
2023-05-14 01:00:00,0.39269117678907745,0.0
2023-05-14 02:00:00,0.3922825491337298,0.0
2023-05-14 03:00:00,0.3918739214783822,0.0
2023-05-14 04:00:00,0.39493862889348946,0.0
2023-05-14 05:00:00,0.39371274592744654,0.0
2023-05-14 06:00:00,0.39105666616768686,0.0
2023-05-14 07:00:00,0.38594882047584145,0.05894271504881193
2023-05-14 08:00:00,0.3845186236821247,0.37299686866826304
2023-05-14 09:00:00,0.3914652938230345,1.069257690182354
2023-05-14 10:00:00,0.3914652938230345,1.797752808988764
2023-05-14 11:00:00,0.39003509702931777,3.1589611346472646
2023-05-14 12:00:00,0.39473431506581563,4.155461410941241
2023-05-14 13:00:00,0.40045510224068254,4.838828513538404
2023-05-14 14:00:00,0.3951429427211633,4.796463437097071
2023-05-14 15:00:00,0.40392843731113737,3.706944188616688
2023-05-14 16:00:00,0.4041327511388112,2.2849511880641002
2023-05-14 17:00:00,0.40495000644950646,1.442254558850617
2023-05-14 18:00:00,0.42435982007851913,1.5288266715785594
2023-05-14 19:00:00,0.4053586341048541,0.9219009025603242
2023-05-14 20:00:00,0.3963688256872061,0.4190458648001474
2023-05-14 21:00:00,0.394325687410468,0.05249585559034813
2023-05-14 22:00:00,0.3982076501362705,0.0
2023-05-14 23:00:00,0.3982076501362705,0.0
2023-05-15 00:00:00,0.39596019803185856,0.0
2023-05-15 01:00:00,0.38921784171862256,0.0
2023-05-15 02:00:00,0.39064803851233926,0.0
2023-05-15 03:00:00,0.39269117678907745,0.0
2023-05-15 04:00:00,0.3922825491337298,0.0
2023-05-15 05:00:00,0.3894221555462964,0.0
2023-05-15 06:00:00,0.38288411306073417,0.0
2023-05-15 07:00:00,0.38697038961421054,0.06999447412046418
2023-05-15 08:00:00,0.3851315651651462,0.4135199852643212
2023-05-15 09:00:00,0.44274806456916277,1.0499171118069626
2023-05-15 10:00:00,0.7723062686070306,1.8410388653527354
2023-05-15 11:00:00,0.8139862894524893,3.0254190458648003
2023-05-15 12:00:00,0.9482204742341875,3.977712285872168
2023-05-15 13:00:00,0.8914212301408663,4.635291950635477
2023-05-15 14:00:00,0.9016369215245571,4.660158408546693
2023-05-15 15:00:00,0.9929652024947536,3.6461595137226013
2023-05-15 16:00:00,0.9986859896696205,2.394547798857985
2023-05-15 17:00:00,1.0671311219403494,1.4312027997789647
2023-05-15 18:00:00,1.0133965852621354,1.271873273162645
2023-05-15 19:00:00,0.7308305615892456,0.9891324369128752
2023-05-15 20:00:00,0.4249727615615406,0.323263952845828
2023-05-15 21:00:00,0.394325687410468,0.0681525142751888
2023-05-15 22:00:00,0.39493862889348946,0.0
2023-05-15 23:00:00,0.3957558842041847,0.0
2023-05-16 00:00:00,0.39371274592744654,0.0
2023-05-16 01:00:00,0.3957558842041847,0.0
2023-05-16 02:00:00,0.38983078320164405,0.0
2023-05-16 03:00:00,0.3904437246846654,0.0
2023-05-16 04:00:00,0.3908523523400131,0.0
2023-05-16 05:00:00,0.38697038961421054,0.0
2023-05-16 06:00:00,0.38819627258025347,0.0
2023-05-16 07:00:00,0.38983078320164405,0.039602136673420524
2023-05-16 08:00:00,0.3924868629614036,0.2569533984159145
2023-05-16 09:00:00,0.45030767619309403,1.0637318106465279
2023-05-16 10:00:00,0.745949784837108,1.9957634923558667
2023-05-16 11:00:00,0.8530102305381886,2.83846012156935
2023-05-16 12:00:00,0.9729424473827194,3.8064100202615583
2023-05-16 13:00:00,0.9253373255347199,4.618714312027998
2023-05-16 14:00:00,0.9390263519888657,4.595689813962055
2023-05-16 15:00:00,1.0366883616169504,3.513538404862774
2023-05-16 16:00:00,1.3360081191590933,2.3116596058205934
2023-05-16 17:00:00,1.3627732305843634,1.3381838275925584
2023-05-16 18:00:00,1.1946229504088115,1.293055811383312
2023-05-16 19:00:00,0.7026352533702588,0.9799226376864985
2023-05-16 20:00:00,0.5136449627719775,0.308528274083625
2023-05-16 21:00:00,0.4834065162762525,0.0681525142751888
2023-05-16 22:00:00,0.4139398148671545,0.0
2023-05-16 23:00:00,0.41863903290365223,0.0
2023-05-17 00:00:00,0.422316681801781,0.0
2023-05-17 01:00:00,0.41169236276274246,0.0
2023-05-17 02:00:00,0.40924059683065667,0.0
2023-05-17 03:00:00,0.4035198096557898,0.0
2023-05-17 04:00:00,0.40372412348346354,0.0
2023-05-17 05:00:00,0.40699314472624465,0.0
2023-05-17 06:00:00,0.40495000644950646,0.0
2023-05-17 07:00:00,0.403315495828116,0.0681525142751888
2023-05-17 08:00:00,0.4000464745853349,0.4291766439491619
2023-05-17 09:00:00,0.45071630384844164,1.2948977712285872
2023-05-17 10:00:00,0.707947412889778,2.1375944004420706
2023-05-17 11:00:00,0.8256321776298969,3.0364708049364526
2023-05-17 12:00:00,1.064270728352916,4.170197089703445
2023-05-17 13:00:00,1.010127564019354,4.827776754466752
2023-05-17 14:00:00,1.0336236542018433,4.791858537483883
2023-05-17 15:00:00,1.186450397301859,3.7244428071468043
2023-05-17 16:00:00,1.2434539552228538,2.4442807146804197
2023-05-17 17:00:00,1.2034084449987856,1.436728679314791
2023-05-17 18:00:00,1.1886978494062708,1.4284398600110517
2023-05-17 19:00:00,0.8730329856502226,1.0139988948240928
2023-05-17 20:00:00,0.5355065423330759,0.3186590532326395
2023-05-17 21:00:00,0.519774377602192,0.0681525142751888
2023-05-17 22:00:00,0.5052680958373509,0.0
2023-05-17 23:00:00,0.43580139442825294,0.0
2023-05-18 00:00:00,0.41598295314389266,0.0
2023-05-18 01:00:00,0.41475707017784974,0.0
2023-05-18 02:00:00,0.4163915807992403,0.0
2023-05-18 03:00:00,0.413326873384133,0.0
2023-05-18 04:00:00,0.40903628300298284,0.0
2023-05-18 05:00:00,0.4121009904180901,0.0
2023-05-18 06:00:00,0.410057852141352,0.0
2023-05-18 07:00:00,0.4131225595564592,0.07091545404310186
2023-05-18 08:00:00,0.40760608620926614,0.4227297844906981
2023-05-18 09:00:00,0.5036335852159604,1.2525326947872537
2023-05-18 10:00:00,0.7110121203048853,2.0961503039233746
2023-05-18 11:00:00,0.8215459010764206,2.968318290661264
2023-05-18 12:00:00,0.9390263519888657,3.043838644317554
2023-05-18 13:00:00,0.908583591665467,3.597347577822804
2023-05-18 14:00:00,1.0044067768444873,4.486093203168171
2023-05-18 15:00:00,1.0031808938784446,3.711549088229877
2023-05-18 16:00:00,1.2179147267636268,2.5391416467121015
2023-05-18 17:00:00,1.187267652612554,1.5177749125069073
2023-05-18 18:00:00,0.945360080646754,1.5785595874009948
2023-05-18 19:00:00,0.6967101523677179,1.1521458832197458
2023-05-18 20:00:00,0.5990481427396332,0.32142199300055263
2023-05-18 21:00:00,0.4484688517440297,0.06907349419782649
2023-05-18 22:00:00,0.42292962328480244,0.0
2023-05-18 23:00:00,0.42435982007851913,0.0
2023-05-19 00:00:00,0.422316681801781,0.0
2023-05-19 01:00:00,0.4202735435250428,0.0
2023-05-19 02:00:00,0.4196606020420214,0.0
2023-05-19 03:00:00,0.41598295314389266,0.0
2023-05-19 04:00:00,0.4141441286948283,0.0
2023-05-19 05:00:00,0.4202735435250428,0.0
2023-05-19 06:00:00,0.4180260914206308,0.0
2023-05-19 07:00:00,0.4180260914206308,0.07367839381101492
2023-05-19 08:00:00,0.41700452228226176,0.4236507644133358
2023-05-19 09:00:00,0.5019990745945698,1.2442438754835146
2023-05-19 10:00:00,0.6582991527650403,2.1468041996684475
2023-05-19 11:00:00,0.7177544766181212,3.3744704365444833
2023-05-19 12:00:00,0.8438161082928667,4.157303370786517
2023-05-19 13:00:00,0.788651374820936,4.824092834776202
2023-05-19 14:00:00,0.8452463050865834,4.750414440965187
2023-05-19 15:00:00,0.9153259479787029,3.715233007920427
2023-05-19 16:00:00,0.8981635864541022,2.5842696629213484
2023-05-19 17:00:00,0.8589353315407292,1.560139988948241
2023-05-19 18:00:00,0.8570965070916648,1.4781727758334866
2023-05-19 19:00:00,0.7457454710094342,1.0222877141278321
2023-05-19 20:00:00,0.5160967287040633,0.33155277214956713
2023-05-19 21:00:00,0.411079421279721,0.06631055442991343
2023-05-19 22:00:00,0.38758333109723203,0.0
2023-05-19 23:00:00,0.422316681801781,0.0
2023-05-20 00:00:00,0.4717606280988449,0.0
2023-05-20 01:00:00,0.3904437246846654,0.0
2023-05-20 02:00:00,0.39166960765070835,0.0
2023-05-20 03:00:00,0.3894221555462964,0.0
2023-05-20 04:00:00,0.3914652938230345,0.0
2023-05-20 05:00:00,0.38758333109723203,0.0
2023-05-20 06:00:00,0.38390568219910326,0.0
2023-05-20 07:00:00,0.38799195875257964,0.06723153435255111
2023-05-20 08:00:00,0.39064803851233926,0.45956898139620556
2023-05-20 09:00:00,0.38901352789094873,0.8334868299871062
2023-05-20 10:00:00,0.3822711715777128,1.8253822066678946
2023-05-20 11:00:00,0.38554019282049384,3.1304107570454964
2023-05-20 12:00:00,0.38697038961421054,4.1794068889298215
2023-05-20 13:00:00,0.39166960765070835,4.9585559034813045
2023-05-20 14:00:00,0.39371274592744654,4.116780254190458
2023-05-20 15:00:00,0.3992292192746396,3.6636581322527166
2023-05-20 16:00:00,0.3996378469299872,2.663473936268189
2023-05-20 17:00:00,0.39759470865324903,1.410941241480936
2023-05-20 18:00:00,0.39534725654883707,1.004789095597716
2023-05-20 19:00:00,0.40086372989603014,1.2387179959476884
2023-05-20 20:00:00,0.4063802032432232,0.29839749493461043
2023-05-20 21:00:00,0.3955515703765109,0.07736231350156567
2023-05-20 22:00:00,0.3908523523400131,0.0
2023-05-20 23:00:00,0.39064803851233926,0.0
2023-05-21 00:00:00,0.3912609799953607,0.0
2023-05-21 01:00:00,0.39371274592744654,0.0
2023-05-21 02:00:00,0.38554019282049384,0.0
2023-05-21 03:00:00,0.38697038961421054,0.0
2023-05-21 04:00:00,0.3877876449249058,0.0
2023-05-21 05:00:00,0.38697038961421054,0.0
2023-05-21 06:00:00,0.38819627258025347,0.0
2023-05-21 07:00:00,0.3863574481311891,0.07552035365629028
2023-05-21 08:00:00,0.38594882047584145,0.43286056363971265
2023-05-21 09:00:00,0.3877876449249058,1.283846012156935
2023-05-21 10:00:00,0.3863574481311891,2.2757413888377234
2023-05-21 11:00:00,0.38819627258025347,3.331184380180512
2023-05-21 12:00:00,0.38921784171862256,4.111254374654632
2023-05-21 13:00:00,0.38819627258025347,4.65739546877878
2023-05-21 14:00:00,0.3969817671702276,4.611346472646896
2023-05-21 15:00:00,0.3986162777916181,3.198563271320685
2023-05-21 16:00:00,0.4016809852067254,2.5980843617609133
2023-05-21 17:00:00,0.42170374031875957,1.7038128568797202
2023-05-21 18:00:00,0.41843471907597846,1.5923742862405599
2023-05-21 19:00:00,0.3963688256872061,1.0139988948240928
2023-05-21 20:00:00,0.394325687410468,0.30392337447043655
2023-05-21 21:00:00,0.3928954906167513,0.0884140725732179
2023-05-21 22:00:00,0.3908523523400131,0.0
2023-05-21 23:00:00,0.39064803851233926,0.0
2023-05-22 00:00:00,0.39064803851233926,0.0
2023-05-22 01:00:00,0.39207823530605596,0.0
2023-05-22 02:00:00,0.39105666616768686,0.0
2023-05-22 03:00:00,0.3957558842041847,0.0
2023-05-22 04:00:00,0.39166960765070835,0.0
2023-05-22 05:00:00,0.38554019282049384,0.0
2023-05-22 06:00:00,0.3857445066481676,0.0
2023-05-22 07:00:00,0.3867660757865367,0.0681525142751888
2023-05-22 08:00:00,0.38656176195886294,0.311291213851538
2023-05-22 09:00:00,0.46358807499189214,0.7855958740099466
2023-05-22 10:00:00,0.7334866413490052,2.02615582980291
2023-05-22 11:00:00,0.8192984489720087,1.982869773438939
2023-05-22 12:00:00,0.9549628305474235,2.2223245533247376
2023-05-22 13:00:00,0.8615914113004889,4.0237612820040525
2023-05-22 14:00:00,1.0399573828597315,3.968502486645791
2023-05-22 15:00:00,1.3660422518271444,3.5218272241665134
2023-05-22 16:00:00,1.2395719924970514,2.417572296923927
2023-05-22 17:00:00,1.1298554670362115,0.5820593111070178
2023-05-22 18:00:00,0.951080867821621,0.572849511880641
2023-05-22 19:00:00,0.7244968329313571,0.15196168723521827
2023-05-22 20:00:00,0.5303986966412305,0.23024498065942162
2023-05-22 21:00:00,0.41373550103948065,0.06907349419782649
2023-05-22 22:00:00,0.411079421279721,0.0
2023-05-22 23:00:00,0.40903628300298284,0.0
2023-05-23 00:00:00,0.4139398148671545,0.0
2023-05-23 01:00:00,0.4096492244860043,0.0
2023-05-23 02:00:00,0.4041327511388112,0.0
2023-05-23 03:00:00,0.4022939266897469,0.0
2023-05-23 04:00:00,0.4071974585539185,0.0
2023-05-23 05:00:00,0.4063802032432232,0.0
2023-05-23 06:00:00,0.40372412348346354,0.0
2023-05-23 07:00:00,0.3971860809979014,0.09393995210904402
2023-05-23 08:00:00,0.3969817671702276,0.47798857984895926
2023-05-23 09:00:00,0.47400808020325685,1.4284398600110517
2023-05-23 10:00:00,0.7222493808269452,2.3070547062074045
2023-05-23 11:00:00,0.8552576826426005,3.293424203352367
2023-05-23 12:00:00,1.0246338457841953,4.088229876588691
2023-05-23 13:00:00,0.8967333896603854,4.632529010867563
2023-05-23 14:00:00,0.9402522349549086,4.640817830171303
2023-05-23 15:00:00,0.9606836177222904,3.0419966844722786
2023-05-23 16:00:00,1.1308770361745806,2.382575059863695
2023-05-23 17:00:00,1.1837943175420993,1.6025050653895745
2023-05-23 18:00:00,1.0313762020974313,1.656842880825198
2023-05-23 19:00:00,0.719184673411838,1.0563639712654265
2023-05-23 20:00:00,0.617232073402603,0.4006262663473936
2023-05-23 21:00:00,0.6031344192931095,0.108675630871247
2023-05-23 22:00:00,0.5796383291106205,0.0
2023-05-23 23:00:00,0.5839289194917707,0.0
2023-05-24 00:00:00,0.4836108301039263,0.0
2023-05-24 01:00:00,0.4112837351073948,0.0
2023-05-24 02:00:00,0.410057852141352,0.0
2023-05-24 03:00:00,0.40903628300298284,0.0
2023-05-24 04:00:00,0.3984119639639443,0.0
2023-05-24 05:00:00,0.39657313951487994,0.0
2023-05-24 06:00:00,0.39309980444442505,0.0
2023-05-24 07:00:00,0.39371274592744654,0.09670289187695708
2023-05-24 08:00:00,0.394325687410468,0.4282556640265242
2023-05-24 09:00:00,0.44724296877798675,1.3096334499907902
2023-05-24 10:00:00,0.5681967547608867,1.7286793147909376
2023-05-24 11:00:00,0.4901488725894884,3.3302634002578744
2023-05-24 12:00:00,0.5075155479417629,4.061521458832197
2023-05-24 13:00:00,0.5653363611734532,4.3304475962424025
2023-05-24 14:00:00,0.526516733915428,1.0710996500276295
2023-05-24 15:00:00,0.6916023066758725,2.990421808804568
2023-05-24 16:00:00,0.844633363603562,2.339289003499724
2023-05-24 17:00:00,0.7839521567844382,1.2405599557929639
2023-05-24 18:00:00,0.6936454449526107,1.6559219009025603
2023-05-24 19:00:00,0.4597061122660896,1.0803094492540062
2023-05-24 20:00:00,0.43559708060057917,0.46877878062258244
2023-05-24 21:00:00,0.5089457447354797,0.10407073125805857
2023-05-24 22:00:00,0.4409092401200984,0.0
2023-05-24 23:00:00,0.4074017723815923,0.0
2023-05-25 00:00:00,0.4063802032432232,0.0
2023-05-25 01:00:00,0.3908523523400131,0.0
2023-05-25 02:00:00,0.3935084320997727,0.0
2023-05-25 03:00:00,0.3951429427211633,0.0
2023-05-25 04:00:00,0.3955515703765109,0.0
2023-05-25 05:00:00,0.39371274592744654,0.0
2023-05-25 06:00:00,0.39391705975512037,0.0
2023-05-25 07:00:00,0.39473431506581563,0.09762387179959477
2023-05-25 08:00:00,0.39657313951487994,0.42457174433597344
2023-05-25 09:00:00,0.4501033623654202,1.2820040523116596
2023-05-25 10:00:00,0.6382763976530063,2.3171854853564193
2023-05-25 11:00:00,1.2058602109308716,3.1285687972002214
2023-05-25 12:00:00,1.1974833439962451,3.871799594768834
2023-05-25 13:00:00,0.9856099046984962,4.424387548351446
2023-05-25 14:00:00,1.0779597548070616,4.551482777675447
2023-05-25 15:00:00,1.1368021371771213,3.5706391600663108
2023-05-25 16:00:00,1.1911496153383565,2.490329710812304
2023-05-25 17:00:00,1.4142603151581654,1.5757966476330814
2023-05-25 18:00:00,1.3468367520258056,1.5794805673236323
2023-05-25 19:00:00,0.8489239539847122,1.054522011420151
2023-05-25 20:00:00,0.5587983186878912,0.326026892613741
2023-05-25 21:00:00,0.49913868100713643,0.08380917296002947
2023-05-25 22:00:00,0.4952567182813339,0.0
2023-05-25 23:00:00,0.4932135800045957,0.0
2023-05-26 00:00:00,0.48831004814042406,0.0
2023-05-26 01:00:00,0.4885143619680979,0.0
2023-05-26 02:00:00,0.4840194577592739,0.0
2023-05-26 03:00:00,0.4846323992422954,0.0
2023-05-26 04:00:00,0.4836108301039263,0.0
2023-05-26 05:00:00,0.4791159258951023,0.0
2023-05-26 06:00:00,0.4791159258951023,0.0
2023-05-26 07:00:00,0.4803418088611452,0.11512249032971081
2023-05-26 08:00:00,0.4797288673781237,0.44759624240191564
2023-05-26 09:00:00,0.5091500585631535,1.037023392890035
2023-05-26 10:00:00,0.6411367912404395,1.5140909928163566
2023-05-26 11:00:00,0.7600474389466015,1.1328053048443545
2023-05-26 12:00:00,0.8268580605959399,1.8962976607109967
2023-05-26 13:00:00,0.7345082104873742,3.4002578743783385
2023-05-26 14:00:00,0.7992756938599744,3.164487014183091
2023-05-26 15:00:00,0.9047016289396643,2.5520353656290293
2023-05-26 16:00:00,0.9275847776391319,2.455332473752072
2023-05-26 17:00:00,0.9120569267359218,1.4698839565297475
2023-05-26 18:00:00,0.7721019547793568,1.6144778043838646
2023-05-26 19:00:00,0.6225442329221222,1.2488487750967028
2023-05-26 20:00:00,0.48790142048507645,0.45035918216982873
2023-05-26 21:00:00,0.5060853511480462,0.06538957450727574
2023-05-26 22:00:00,0.5295814413305352,0.0
2023-05-26 23:00:00,0.5549163559620887,0.0
2023-05-27 00:00:00,0.4656312132686303,0.0
2023-05-27 01:00:00,0.3873790172695582,0.0
2023-05-27 02:00:00,0.3861531343035153,0.0
2023-05-27 03:00:00,0.38370136837142943,0.0
2023-05-27 04:00:00,0.38901352789094873,0.0
2023-05-27 05:00:00,0.38758333109723203,0.0
2023-05-27 06:00:00,0.3894221555462964,0.0
2023-05-27 07:00:00,0.3886049002356011,0.056179775280898875
2023-05-27 08:00:00,0.38901352789094873,0.20169460305765333
2023-05-27 09:00:00,0.3845186236821247,1.2810830723890219
2023-05-27 10:00:00,0.38002371947330077,2.3779701602505066
2023-05-27 11:00:00,0.3822711715777128,3.226192668999816
2023-05-27 12:00:00,0.3886049002356011,3.3873641554614107
2023-05-27 13:00:00,0.3886049002356011,4.069810278135937
2023-05-27 14:00:00,0.3894221555462964,4.17203904954872
2023-05-27 15:00:00,0.38717470344188437,0.7892797937004974
2023-05-27 16:00:00,0.38390568219910326,0.2385337999631608
2023-05-27 17:00:00,0.3847229375097985,0.9366365813225273
2023-05-27 18:00:00,0.38554019282049384,0.8786148461963529
2023-05-27 19:00:00,0.3877876449249058,0.8740099465831646
2023-05-27 20:00:00,0.3884005864079273,0.6428439860011053
2023-05-27 21:00:00,0.38533587899282,0.11880641002026156
2023-05-27 22:00:00,0.383088426888408,0.0
2023-05-27 23:00:00,0.3863574481311891,0.0
2023-05-28 00:00:00,0.3896264693739702,0.0
2023-05-28 01:00:00,0.3902394108569916,0.0
2023-05-28 02:00:00,0.3902394108569916,0.0
2023-05-28 03:00:00,0.3904437246846654,0.0
2023-05-28 04:00:00,0.3888092140632749,0.0
2023-05-28 05:00:00,0.3928954906167513,0.0
2023-05-28 06:00:00,0.3902394108569916,0.0
2023-05-28 07:00:00,0.3857445066481676,0.017498618530116045
2023-05-28 08:00:00,0.3884005864079273,0.13354208878246454
2023-05-28 09:00:00,0.38492725133747235,0.37115490882298763
2023-05-28 10:00:00,0.38901352789094873,0.6842880825198011
2023-05-28 11:00:00,0.38554019282049384,1.4965923742862406
2023-05-28 12:00:00,0.3861531343035153,1.283846012156935
2023-05-28 13:00:00,0.38594882047584145,1.8345920058942715
2023-05-28 14:00:00,0.38533587899282,1.7673604715417204
2023-05-28 15:00:00,0.38554019282049384,1.5914533063179224
2023-05-28 16:00:00,0.38594882047584145,1.039786332657948
2023-05-28 17:00:00,0.3841099960267771,0.933873641554614
2023-05-28 18:00:00,0.38267979923306034,0.5019340578375391
2023-05-28 19:00:00,0.3824754854053865,0.232086940504697
2023-05-28 20:00:00,0.3822711715777128,0.11328053048443544
2023-05-28 21:00:00,0.3790021503349317,0.027629397679130592
2023-05-28 22:00:00,0.3841099960267771,0.0
2023-05-28 23:00:00,0.3888092140632749,0.0
2023-05-29 00:00:00,0.38656176195886294,0.0
2023-05-29 01:00:00,0.38697038961421054,0.0
2023-05-29 02:00:00,0.38554019282049384,0.0
2023-05-29 03:00:00,0.38819627258025347,0.0
2023-05-29 04:00:00,0.3888092140632749,0.0
2023-05-29 05:00:00,0.3894221555462964,0.0
2023-05-29 06:00:00,0.39003509702931777,0.0
2023-05-29 07:00:00,0.3894221555462964,0.020261558298029104
2023-05-29 08:00:00,0.3902394108569916,0.15472462700313133
2023-05-29 09:00:00,0.44274806456916277,0.22103518143304474
2023-05-29 10:00:00,0.5402057603695738,0.38220666789463986
2023-05-29 11:00:00,0.725927029725074,0.4429913427887272
2023-05-29 12:00:00,0.8227717840424635,0.6152145883219746
2023-05-29 13:00:00,0.7686286197089018,1.1972738994289924
2023-05-29 14:00:00,0.7522835134949963,1.4496223982317185
2023-05-29 15:00:00,0.8233847255254849,1.9727389942899245
2023-05-29 16:00:00,0.8448376774312357,1.5684288082519802
2023-05-29 17:00:00,0.8319659062877853,0.5203536562902928
2023-05-29 18:00:00,0.8474937571909955,0.20077362313501568
2023-05-29 19:00:00,0.6119199138830838,0.23024498065942162
2023-05-29 20:00:00,0.5022033884222437,0.16853932584269662
2023-05-29 21:00:00,0.4082190276922876,0.012893718916927612
2023-05-29 22:00:00,0.38390568219910326,0.0
2023-05-29 23:00:00,0.39371274592744654,0.0
2023-05-30 00:00:00,0.3922825491337298,0.0
2023-05-30 01:00:00,0.39207823530605596,0.0
2023-05-30 02:00:00,0.38901352789094873,0.0
2023-05-30 03:00:00,0.37920646416260545,0.0
2023-05-30 04:00:00,0.37532450143680296,0.0
2023-05-30 05:00:00,0.3824754854053865,0.0
2023-05-30 06:00:00,0.3779805811965626,0.0
2023-05-30 07:00:00,0.37532450143680296,0.07183643396573955
2023-05-30 08:00:00,0.37777626736888875,0.3472094308344078
2023-05-30 09:00:00,0.4864712236913597,0.778228034628845
2023-05-30 10:00:00,0.58924107901129,0.8178301713022657
2023-05-30 11:00:00,0.8611827836451412,0.6944188616688156
2023-05-30 12:00:00,0.881614166412523,1.1991158592742677
2023-05-30 13:00:00,0.8119431511757511,3.334868299871063
2023-05-30 14:00:00,0.8955075066943426,3.8496960766255297
2023-05-30 15:00:00,0.9508765539939471,2.656106096887088
2023-05-30 16:00:00,0.939843607299561,2.3300792042733467
2023-05-30 17:00:00,0.9424996870593206,1.2589795542457174
2023-05-30 18:00:00,0.8464721880526264,1.289371891692761
2023-05-30 19:00:00,0.6023171639824143,1.0204457542825567
2023-05-30 20:00:00,0.5232477126726469,0.2744520169460306
2023-05-30 21:00:00,0.4968912289027244,0.0681525142751888
2023-05-30 22:00:00,0.4966869150750506,0.0
2023-05-30 23:00:00,0.50628966497572,0.0
2023-05-31 00:00:00,0.43437119763453624,0.0
2023-05-31 01:00:00,0.37879783650725785,0.0
2023-05-31 02:00:00,0.37716332588586726,0.0
2023-05-31 03:00:00,0.37675469823051966,0.0
2023-05-31 04:00:00,0.37593744291982445,0.0
2023-05-31 05:00:00,0.37655038440284583,0.0
2023-05-31 06:00:00,0.37655038440284583,0.0
2023-05-31 07:00:00,0.37675469823051966,0.04144409651869589
2023-05-31 08:00:00,0.3722597940216957,0.3297108123042918
2023-05-31 09:00:00,0.4392747294987078,1.0996500276293977
2023-05-31 10:00:00,0.5784124461445777,2.808067784122306
2023-05-31 11:00:00,0.7653595984661207,1.4929084545956897
2023-05-31 12:00:00,0.799888635342996,2.6450543378154356
2023-05-31 13:00:00,0.6683105303210574,2.660710996500276
2023-05-31 14:00:00,0.8301270818387209,2.9996316080309446
2023-05-31 15:00:00,0.8740545547885917,3.436176091361208
2023-05-31 16:00:00,0.8957118205220164,2.7417572296923924
2023-05-31 17:00:00,0.8139862894524893,1.8051206483698656
2023-05-31 18:00:00,0.8736459271332441,1.7203904954871985
2023-05-31 19:00:00,0.6104897170893671,1.3777859642659789
2023-05-31 20:00:00,0.46828729302838995,0.3564192300607847
2023-05-31 21:00:00,0.41945628821434755,0.1160434702523485
2023-05-31 22:00:00,0.37655038440284583,0.0
2023-05-31 23:00:00,0.38145391626701747,0.0
2023-06-01 00:00:00,0.37777626736888875,0.0
2023-06-01 01:00:00,0.3802280333009746,0.0
2023-06-01 02:00:00,0.3806366609563222,0.0
2023-06-01 03:00:00,0.38370136837142943,0.0
2023-06-01 04:00:00,0.38370136837142943,0.0
2023-06-01 05:00:00,0.38370136837142943,0.0
2023-06-01 06:00:00,0.38206685775003896,0.0
2023-06-01 07:00:00,0.38370136837142943,0.07920427334684105
2023-06-01 08:00:00,0.3818625439223651,0.4153619451095966
2023-06-01 09:00:00,0.43702727739429587,0.9624240191563824
2023-06-01 10:00:00,0.6192752116793412,1.806962608215141
2023-06-01 11:00:00,0.7140768277199926,3.110149198747467
2023-06-01 12:00:00,0.8252235499745494,3.718916927610978
2023-06-01 13:00:00,0.8000929491706698,4.625161171486462
2023-06-01 14:00:00,0.7845650982674596,3.685761650396021
2023-06-01 15:00:00,0.8660863155093128,1.5739546877878063
2023-06-01 16:00:00,0.9318753680202821,1.165960582059311
2023-06-01 17:00:00,0.8936686822452782,0.60508380917296
2023-06-01 18:00:00,0.7763925451605069,0.6566586848406706
2023-06-01 19:00:00,0.5250865371217113,0.5857432307975686
2023-06-01 20:00:00,0.4535766974358751,0.2910296555535089
2023-06-01 21:00:00,0.40208961286207306,0.05802173512617425
2023-06-01 22:00:00,0.40311118200044216,0.0
2023-06-01 23:00:00,0.4057672617602018,0.0
2023-06-02 00:00:00,0.4035198096557898,0.0
2023-06-02 01:00:00,0.4006594160683563,0.0
2023-06-02 02:00:00,0.3986162777916181,0.0
2023-06-02 03:00:00,0.39779902248092286,0.0
2023-06-02 04:00:00,0.4024982405174207,0.0
2023-06-02 05:00:00,0.3922825491337298,0.0
2023-06-02 06:00:00,0.39207823530605596,0.0
2023-06-02 07:00:00,0.38983078320164405,0.1363050285503776
2023-06-02 08:00:00,0.3857445066481676,0.5489040338920612
2023-06-02 09:00:00,0.48606259603601204,1.0462331921164119
2023-06-02 10:00:00,0.5782081323169038,1.2820040523116596
2023-06-02 11:00:00,0.6462446369322852,2.8909559771596975
2023-06-02 12:00:00,0.7790486249202665,4.142567692024314
2023-06-02 13:00:00,0.7061085884407137,4.638975870326027
2023-06-02 14:00:00,0.723679577620662,4.638975870326027
2023-06-02 15:00:00,0.7477886092861724,3.669184011788543
2023-06-02 16:00:00,0.7608646942572967,2.660710996500276
2023-06-02 17:00:00,0.7046783916469969,1.9340578375391415
2023-06-02 18:00:00,0.5585940048602173,1.0029471357524407
2023-06-02 19:00:00,0.4887186757957717,0.41444096518695894
2023-06-02 20:00:00,0.44642571346729143,0.42457174433597344
2023-06-02 21:00:00,0.43477982528988385,0.1648554061521459
2023-06-02 22:00:00,0.429059038115017,0.0009209799226376865
2023-06-02 23:00:00,0.42885472428734317,0.0
2023-06-03 00:00:00,0.4280374689766479,0.0
2023-06-03 01:00:00,0.42252099562945483,0.0
2023-06-03 02:00:00,0.4212951126634119,0.0
2023-06-03 03:00:00,0.42538138921688823,0.0
2023-06-03 04:00:00,0.42538138921688823,0.0
2023-06-03 05:00:00,0.42292962328480244,0.0
2023-06-03 06:00:00,0.42374687859549776,0.0
2023-06-03 07:00:00,0.42374687859549776,0.10683367102597163
2023-06-03 08:00:00,0.4196606020420214,0.666789463989685
2023-06-03 09:00:00,0.420069229697369,1.2626634739362683
2023-06-03 10:00:00,0.422316681801781,2.6201878799042184
2023-06-03 11:00:00,0.42211236797410717,3.242770307607294
2023-06-03 12:00:00,0.42149942649108574,4.202431386995763
2023-06-03 13:00:00,0.42456413390619296,4.627003131331737
2023-06-03 14:00:00,0.4284460966319955,4.66568428808252
2023-06-03 15:00:00,0.44867316557170345,3.7815435623503406
2023-06-03 16:00:00,0.43845747418801256,2.6211088598268555
2023-06-03 17:00:00,0.4372315912219697,2.34481488303555
2023-06-03 18:00:00,0.45275944212517977,1.6200036839196905
2023-06-03 19:00:00,0.426811586010605,0.478909559771597
2023-06-03 20:00:00,0.42170374031875957,0.24866457911217538
2023-06-03 21:00:00,0.42088648500806425,0.17222324553324736
2023-06-03 22:00:00,0.41700452228226176,0.003683919690550746
2023-06-03 23:00:00,0.41700452228226176,0.0
2023-06-04 00:00:00,0.42088648500806425,0.0
2023-06-04 01:00:00,0.4206821711803905,0.0
2023-06-04 02:00:00,0.42374687859549776,0.0
2023-06-04 03:00:00,0.42292962328480244,0.0
2023-06-04 04:00:00,0.4206821711803905,0.0
2023-06-04 05:00:00,0.4202735435250428,0.0
2023-06-04 06:00:00,0.4163915807992403,0.0
2023-06-04 07:00:00,0.4125096180734377,0.0478909559771597
2023-06-04 08:00:00,0.4161872669715665,0.24221771965371153
2023-06-04 09:00:00,0.41720883610993553,0.60508380917296
2023-06-04 10:00:00,0.42088648500806425,0.9992632160618898
2023-06-04 11:00:00,0.4202735435250428,1.7572296923927058
2023-06-04 12:00:00,0.420069229697369,2.569533984159145
2023-06-04 13:00:00,0.42190805414643334,3.04936452385338
2023-06-04 14:00:00,0.41986491586969515,2.153251059126911
2023-06-04 15:00:00,0.4202735435250428,1.5509301897218641
2023-06-04 16:00:00,0.4202735435250428,1.2267452569533985
2023-06-04 17:00:00,0.4210907988357381,1.612635844538589
2023-06-04 18:00:00,0.42088648500806425,1.6955240375759808
2023-06-04 19:00:00,0.4210907988357381,1.1097808067784123
2023-06-04 20:00:00,0.4206821711803905,0.35826118990606004
2023-06-04 21:00:00,0.42088648500806425,0.10591269110333396
2023-06-04 22:00:00,0.4210907988357381,0.0
2023-06-04 23:00:00,0.4212951126634119,0.0
2023-06-05 00:00:00,0.4210907988357381,0.0
2023-06-05 01:00:00,0.42088648500806425,0.0
2023-06-05 02:00:00,0.4206821711803905,0.0
2023-06-05 03:00:00,0.42088648500806425,0.0
2023-06-05 04:00:00,0.42088648500806425,0.0
2023-06-05 05:00:00,0.4206821711803905,0.0
2023-06-05 06:00:00,0.4206821711803905,0.0
2023-06-05 07:00:00,0.4210907988357381,0.045128016209246634
2023-06-05 08:00:00,0.42149942649108574,0.31773807331000187
2023-06-05 09:00:00,0.4550068942295918,0.6686314238349604
2023-06-05 10:00:00,0.5222261435342778,1.7563087124700683
2023-06-05 11:00:00,0.6719881792191861,3.228034628845091
2023-06-05 12:00:00,0.6155975627812125,4.11217535457727
2023-06-05 13:00:00,0.6466532645876327,4.608583532878983
2023-06-05 14:00:00,0.6740313174959244,4.6481856695524035
2023-06-05 15:00:00,0.6893548545714606,3.725363787069442
2023-06-05 16:00:00,0.7040654501639755,2.7362313501565665
2023-06-05 17:00:00,0.7081517267174519,1.898139620556272
2023-06-05 18:00:00,0.6533956209008688,1.7489408730889666
2023-06-05 19:00:00,0.429059038115017,1.1143857063916007
2023-06-05 20:00:00,0.4145527563501759,0.3508933505249585
2023-06-05 21:00:00,0.41434844252250214,0.10775465094860931
2023-06-05 22:00:00,0.4135311872118068,0.0
2023-06-05 23:00:00,0.41496138400552357,0.0
2023-06-06 00:00:00,0.4135311872118068,0.0
2023-06-06 01:00:00,0.41373550103948065,0.0
2023-06-06 02:00:00,0.41373550103948065,0.0
2023-06-06 03:00:00,0.4139398148671545,0.0
2023-06-06 04:00:00,0.4139398148671545,0.0
2023-06-06 05:00:00,0.4145527563501759,0.0
2023-06-06 06:00:00,0.41373550103948065,0.0
2023-06-06 07:00:00,0.4139398148671545,0.09301897218640634
2023-06-06 08:00:00,0.4139398148671545,0.3858905875851906
2023-06-06 09:00:00,0.44867316557170345,1.3050285503776018
2023-06-06 10:00:00,0.5052680958373509,1.800515748756677
2023-06-06 11:00:00,0.7320564445552884,1.8659053232639526
2023-06-06 12:00:00,0.6282650200969891,2.6450543378154356
2023-06-06 13:00:00,0.6489007166920447,3.91324369128753
2023-06-06 14:00:00,0.5416359571632905,3.589058758519064
2023-06-06 15:00:00,0.7810917631970047,3.072389021919322
2023-06-06 16:00:00,0.6954842694016752,2.220482593479462
2023-06-06 17:00:00,0.6321469828227917,1.8318290661263583
2023-06-06 18:00:00,0.5353022285054021,1.0554429913427887
2023-06-06 19:00:00,0.41577863931621883,0.5470620740467858
2023-06-06 20:00:00,0.415574325488545,0.32142199300055263
2023-06-06 21:00:00,0.415574325488545,0.07275741388837723
2023-06-06 22:00:00,0.41598295314389266,0.0
2023-06-06 23:00:00,0.41577863931621883,0.0
2023-06-07 00:00:00,0.41577863931621883,0.0
2023-06-07 01:00:00,0.41577863931621883,0.0
2023-06-07 02:00:00,0.415574325488545,0.0
2023-06-07 03:00:00,0.41537001166087123,0.0
2023-06-07 04:00:00,0.4161872669715665,0.0
2023-06-07 05:00:00,0.415574325488545,0.0
2023-06-07 06:00:00,0.41577863931621883,0.0
2023-06-07 07:00:00,0.41577863931621883,0.028550377601768283
2023-06-07 08:00:00,0.415574325488545,0.2109044022840302
2023-06-07 09:00:00,0.42660727218293115,0.47614662000368396
2023-06-07 10:00:00,0.5042465266989818,0.696260821514091
2023-06-07 11:00:00,0.5402057603695738,1.1429360839933689
2023-06-07 12:00:00,0.5404100741972475,0.6013998894824093
2023-06-07 13:00:00,0.4658355270963041,1.2396389758703261
2023-06-07 14:00:00,0.4807504365164928,0.9596610793884695
2023-06-07 15:00:00,0.5565508665834792,0.5811383311843802
2023-06-07 16:00:00,0.7430893912496747,0.45035918216982873
2023-06-07 17:00:00,0.7874254918548931,0.5912691103333947
2023-06-07 18:00:00,0.6587077804203879,0.9688708786148461
2023-06-07 19:00:00,0.4264029583552573,1.0803094492540062
2023-06-07 20:00:00,0.4151656978331974,0.39510038681156756
2023-06-07 21:00:00,0.4151656978331974,0.07183643396573955
2023-06-07 22:00:00,0.415574325488545,0.0
2023-06-07 23:00:00,0.41577863931621883,0.0
2023-06-08 00:00:00,0.41598295314389266,0.0
2023-06-08 01:00:00,0.41537001166087123,0.0
2023-06-08 02:00:00,0.4151656978331974,0.0
2023-06-08 03:00:00,0.4161872669715665,0.0
2023-06-08 04:00:00,0.41537001166087123,0.0
2023-06-08 05:00:00,0.415574325488545,0.0
2023-06-08 06:00:00,0.415574325488545,0.0
2023-06-08 07:00:00,0.41537001166087123,0.08565113280530486
2023-06-08 08:00:00,0.4151656978331974,0.5286424755940321
2023-06-08 09:00:00,0.41496138400552357,0.7331000184195985
2023-06-08 10:00:00,0.41496138400552357,1.0379443728126727
2023-06-08 11:00:00,0.41537001166087123,1.5546141094124146
2023-06-08 12:00:00,0.41577863931621883,2.0381285687972004
2023-06-08 13:00:00,0.4151656978331974,2.1256216614477803
2023-06-08 14:00:00,0.41577863931621883,1.1300423650764413
2023-06-08 15:00:00,0.41537001166087123,1.0232086940504697
2023-06-08 16:00:00,0.41537001166087123,0.6925769018235404
2023-06-08 17:00:00,0.41537001166087123,0.3923374470436544
2023-06-08 18:00:00,0.4151656978331974,1.2939767913059494
2023-06-08 19:00:00,0.415574325488545,1.3142383496039787
2023-06-08 20:00:00,0.41537001166087123,0.3195800331552772
2023-06-08 21:00:00,0.4151656978331974,0.09301897218640634
2023-06-08 22:00:00,0.41537001166087123,0.0
2023-06-08 23:00:00,0.4151656978331974,0.0
2023-06-09 00:00:00,0.41537001166087123,0.0
2023-06-09 01:00:00,0.41496138400552357,0.0
2023-06-09 02:00:00,0.41537001166087123,0.0
2023-06-09 03:00:00,0.4151656978331974,0.0
2023-06-09 04:00:00,0.41537001166087123,0.0
2023-06-09 05:00:00,0.41537001166087123,0.0
2023-06-09 06:00:00,0.41537001166087123,0.0
2023-06-09 07:00:00,0.41577863931621883,0.01841959845275373
2023-06-09 08:00:00,0.415574325488545,0.2864247559403205
2023-06-09 09:00:00,0.44867316557170345,0.41812488487750965
2023-06-09 10:00:00,0.48218063331020955,0.8832197458095413
2023-06-09 11:00:00,0.5267210477431018,0.9596610793884695
2023-06-09 12:00:00,0.5661536164841485,1.997605452201142
2023-06-09 13:00:00,0.5359151699884236,2.267452569533984
2023-06-09 14:00:00,0.554507728306741,2.931479093755756
2023-06-09 15:00:00,0.5976179459459164,2.385337999631608
2023-06-09 16:00:00,0.5876065683898994,2.6072941609872906
2023-06-09 17:00:00,0.5731002866250584,1.7305212746362129
2023-06-09 18:00:00,0.515279473393368,1.6365813225271688
2023-06-09 19:00:00,0.4407049262924246,0.699023761282004
2023-06-09 20:00:00,0.413326873384133,0.4227297844906981
2023-06-09 21:00:00,0.4135311872118068,0.09762387179959477
2023-06-09 22:00:00,0.4131225595564592,0.0009209799226376865
2023-06-09 23:00:00,0.4135311872118068,0.0
2023-06-10 00:00:00,0.4135311872118068,0.0
2023-06-10 01:00:00,0.413326873384133,0.0
2023-06-10 02:00:00,0.413326873384133,0.0
2023-06-10 03:00:00,0.4131225595564592,0.0
2023-06-10 04:00:00,0.4141441286948283,0.0
2023-06-10 05:00:00,0.415574325488545,0.0
2023-06-10 06:00:00,0.4151656978331974,0.0
2023-06-10 07:00:00,0.41537001166087123,0.07459937373365261
2023-06-10 08:00:00,0.4151656978331974,0.37115490882298763
2023-06-10 09:00:00,0.41537001166087123,0.710996500276294
2023-06-10 10:00:00,0.41537001166087123,1.1880641002026155
2023-06-10 11:00:00,0.415574325488545,2.505986369497145
2023-06-10 12:00:00,0.4161872669715665,3.4048627739915274
2023-06-10 13:00:00,0.41598295314389266,3.67839381101492
2023-06-10 14:00:00,0.415574325488545,3.7870694418861666
2023-06-10 15:00:00,0.41598295314389266,3.4619635291950637
2023-06-10 16:00:00,0.41577863931621883,2.429545035918217
2023-06-10 17:00:00,0.41577863931621883,1.8051206483698656
2023-06-10 18:00:00,0.41577863931621883,1.7452569533984157
2023-06-10 19:00:00,0.4161872669715665,0.9790016577638607
2023-06-10 20:00:00,0.415574325488545,0.4061521458832197
2023-06-10 21:00:00,0.415574325488545,0.13170012893718916
2023-06-10 22:00:00,0.41577863931621883,0.0009209799226376865
2023-06-10 23:00:00,0.41537001166087123,0.0
2023-06-11 00:00:00,0.41475707017784974,0.0
2023-06-11 01:00:00,0.41475707017784974,0.0
2023-06-11 02:00:00,0.4151656978331974,0.0
2023-06-11 03:00:00,0.41475707017784974,0.0
2023-06-11 04:00:00,0.41475707017784974,0.0
2023-06-11 05:00:00,0.4135311872118068,0.0
2023-06-11 06:00:00,0.4135311872118068,0.0
2023-06-11 07:00:00,0.4131225595564592,0.15380364708049366
2023-06-11 08:00:00,0.4135311872118068,0.43746546325290114
2023-06-11 09:00:00,0.413326873384133,1.4533063179222694
2023-06-11 10:00:00,0.41373550103948065,2.12193774175723
2023-06-11 11:00:00,0.41373550103948065,2.315343525511144
2023-06-11 12:00:00,0.4141441286948283,3.3440780990974392
2023-06-11 13:00:00,0.4141441286948283,3.35605083809173
2023-06-11 14:00:00,0.4139398148671545,4.627003131331737
2023-06-11 15:00:00,0.413326873384133,3.7179959476883404
2023-06-11 16:00:00,0.4135311872118068,2.69110333394732
2023-06-11 17:00:00,0.413326873384133,1.8861668815619819
2023-06-11 18:00:00,0.41373550103948065,1.762755571928532
2023-06-11 19:00:00,0.4135311872118068,1.0508380917296003
2023-06-11 20:00:00,0.4131225595564592,0.40523116596058206
2023-06-11 21:00:00,0.413326873384133,0.12064836986553694
2023-06-11 22:00:00,0.4135311872118068,0.0009209799226376865
2023-06-11 23:00:00,0.4139398148671545,0.0
2023-06-12 00:00:00,0.4135311872118068,0.0
2023-06-12 01:00:00,0.413326873384133,0.0
2023-06-12 02:00:00,0.4135311872118068,0.0
2023-06-12 03:00:00,0.4135311872118068,0.0
2023-06-12 04:00:00,0.4135311872118068,0.0
2023-06-12 05:00:00,0.41373550103948065,0.0
2023-06-12 06:00:00,0.413326873384133,0.0
2023-06-12 07:00:00,0.4135311872118068,0.07091545404310186
2023-06-12 08:00:00,0.4131225595564592,0.4135199852643212
2023-06-12 09:00:00,0.4396833571540555,1.4265979001657763
2023-06-12 10:00:00,0.4752339631692997,2.3484988027261005
2023-06-12 11:00:00,0.8597525868514245,3.3597347577822805
2023-06-12 12:00:00,1.00134206942938,2.93792595321422
2023-06-12 13:00:00,0.9382090966781704,3.831276478172776
2023-06-12 14:00:00,0.979071862212934,2.979370049732916
2023-06-12 15:00:00,1.05058170189877,3.3993368944557005
2023-06-12 16:00:00,1.1059507491983747,2.159697918585375
2023-06-12 17:00:00,1.0356667924785814,2.1293055811383312
2023-06-12 18:00:00,0.8675165123030295,1.612635844538589
2023-06-12 19:00:00,0.6748485728066196,1.1235955056179776
2023-06-12 20:00:00,0.5163010425317371,0.40338920611530665
2023-06-12 21:00:00,0.47727710144603797,0.11143857063916006
2023-06-12 22:00:00,0.47809435675673323,0.0
2023-06-12 23:00:00,0.47421239403093063,0.0
2023-06-13 00:00:00,0.4652225856132827,0.0
2023-06-13 01:00:00,0.4599104260937634,0.0
2023-06-13 02:00:00,0.46420101647491363,0.0
2023-06-13 03:00:00,0.4580716016446991,0.0
2023-06-13 04:00:00,0.4439739475352057,0.0
2023-06-13 05:00:00,0.4411135539477722,0.0
2023-06-13 06:00:00,0.44663002729496526,0.0
2023-06-13 07:00:00,0.44581277198427,0.049732915822435074
2023-06-13 08:00:00,0.4411135539477722,0.5627187327316264
2023-06-13 09:00:00,0.4885143619680979,1.0407073125805857
2023-06-13 10:00:00,0.5923057864263973,2.37244428071468
2023-06-13 11:00:00,0.9371875275398014,1.3556824461226746
2023-06-13 12:00:00,0.8711941612011583,2.0565481672499537
2023-06-13 13:00:00,0.852397289055167,2.9204273346841036
2023-06-13 14:00:00,0.8495368954677336,3.766807883588138
2023-06-13 15:00:00,1.0174828618156118,3.5789279793700497
2023-06-13 16:00:00,1.026268356405586,2.70307607294161
2023-06-13 17:00:00,1.0667224942850018,2.065757966476331
2023-06-13 18:00:00,1.00828873957029,1.4975133542088783
2023-06-13 19:00:00,0.702430939542585,1.1291213851538036
2023-06-13 20:00:00,0.5355065423330759,0.45220114201510403
2023-06-13 21:00:00,0.5124190798059346,0.11051759071652237
2023-06-13 22:00:00,0.510784569184544,0.0009209799226376865
2023-06-13 23:00:00,0.5132363351166298,0.0
2023-06-14 00:00:00,0.5095586862185011,0.0
2023-06-14 01:00:00,0.48810573431275023,0.0
2023-06-14 02:00:00,0.47502964934162595,0.0
2023-06-14 03:00:00,0.5093543723908273,0.0
2023-06-14 04:00:00,0.5167096701870848,0.0
2023-06-14 05:00:00,0.5181398669808014,0.0
2023-06-14 06:00:00,0.5195700637745182,0.0
2023-06-14 07:00:00,0.5193657499468444,0.04696997605452201
2023-06-14 08:00:00,0.5171182978424324,0.14551482777675445
2023-06-14 09:00:00,0.6074250096742597,0.42733468410388653
2023-06-14 10:00:00,0.6789348493600958,1.5923742862405599
2023-06-14 11:00:00,0.8805925972741538,2.1514090992816355
2023-06-14 12:00:00,0.9400479211272348,3.323816540799411
2023-06-14 13:00:00,0.8186855074889872,4.194142567692024
2023-06-14 14:00:00,0.9108310437698789,4.708970344446491
2023-06-14 15:00:00,1.1435444934903571,3.745625345367471
2023-06-14 16:00:00,1.1576421475998506,2.8679314790937562
2023-06-14 17:00:00,1.1658147007068032,2.023392890034997
2023-06-14 18:00:00,0.9788675483852602,1.8640633634186774
2023-06-14 19:00:00,0.6750528866342934,1.1650396021366733
2023-06-14 20:00:00,0.5097630000461749,0.3803647080493645
2023-06-14 21:00:00,0.44356531987985803,0.1224903297108123
2023-06-14 22:00:00,0.4304892349087337,0.0027629397679130594
2023-06-14 23:00:00,0.4284460966319955,0.0
2023-06-15 00:00:00,0.4261986445275835,0.0
2023-06-15 01:00:00,0.415574325488545,0.0
2023-06-15 02:00:00,0.4129182457287854,0.0
2023-06-15 03:00:00,0.4151656978331974,0.0
2023-06-15 04:00:00,0.41271393190111155,0.0
2023-06-15 05:00:00,0.4094449106583305,0.0
2023-06-15 06:00:00,0.4094449106583305,0.0
2023-06-15 07:00:00,0.4139398148671545,0.10407073125805857
2023-06-15 08:00:00,0.411079421279721,0.42457174433597344
2023-06-15 09:00:00,0.5397971327142261,1.4634370970712838
2023-06-15 10:00:00,0.6468575784153066,2.7638607478356967
2023-06-15 11:00:00,0.8881522088980851,3.3753914164671213
2023-06-15 12:00:00,1.2138284502101504,4.127832013262111
2023-06-15 13:00:00,1.1137146746499798,4.543193958371708
2023-06-15 14:00:00,1.1858374558188374,4.558850617056548
2023-06-15 15:00:00,1.453897197726886,3.6452385337999633
2023-06-15 16:00:00,1.46533877207662,2.7546509486093202
2023-06-15 17:00:00,1.291467704726201,1.9819487935163014
2023-06-15 18:00:00,1.201978248205069,1.8244612267452571
2023-06-15 19:00:00,0.6648371952506025,1.1429360839933689
2023-06-15 20:00:00,0.48892298962344555,0.3683919690550746
2023-06-15 21:00:00,0.40597157558787555,0.1224903297108123
2023-06-15 22:00:00,0.3928954906167513,0.0027629397679130594
2023-06-15 23:00:00,0.38390568219910326,0.0
2023-06-16 00:00:00,0.3843143098544509,0.0
2023-06-16 01:00:00,0.4235425647678239,0.0
2023-06-16 02:00:00,0.4433610060521842,0.0
2023-06-16 03:00:00,0.4419308092584675,0.0
2023-06-16 04:00:00,0.4331453146684933,0.0
2023-06-16 05:00:00,0.42538138921688823,0.0
2023-06-16 06:00:00,0.43539276677290534,0.0
2023-06-16 07:00:00,0.42885472428734317,0.108675630871247
2023-06-16 08:00:00,0.4294676657703646,0.46601584085466935
2023-06-16 09:00:00,0.4817720056548619,1.3326579480567324
2023-06-16 10:00:00,0.7690372473642494,2.3963897587032603
2023-06-16 11:00:00,0.796415300272541,3.0189721864063364
2023-06-16 12:00:00,0.9429083147146682,4.044022840302081
2023-06-16 13:00:00,0.8499455231230812,4.675815067231534
2023-06-16 14:00:00,0.8550533688149268,4.427150488119359
2023-06-16 15:00:00,1.0920574089165551,3.709707128384601
2023-06-16 16:00:00,1.2951453536243298,2.810830723890219
2023-06-16 17:00:00,1.277982992099729,2.0123411309633448
2023-06-16 18:00:00,0.890603974830171,1.8355129858169092
2023-06-16 19:00:00,0.654212876211564,1.0913612083256585
2023-06-16 20:00:00,0.4813633779995143,0.46141094124148097
2023-06-16 21:00:00,0.4697174898221067,0.19340578375391415
2023-06-16 22:00:00,0.46379238881956597,0.008288819303739179
2023-06-16 23:00:00,0.4684916068560638,0.0
2023-06-17 00:00:00,0.4676743515453685,0.0
2023-06-17 01:00:00,0.46624415475165176,0.0
2023-06-17 02:00:00,0.45909317078306816,0.0
2023-06-17 03:00:00,0.41761746376528314,0.0
2023-06-17 04:00:00,0.4047456926218327,0.0
2023-06-17 05:00:00,0.3971860809979014,0.0
2023-06-17 06:00:00,0.3963688256872061,0.0
2023-06-17 07:00:00,0.3857445066481676,0.11051759071652237
2023-06-17 08:00:00,0.3824754854053865,0.5866642107202062
2023-06-17 09:00:00,0.3845186236821247,1.1935899797384417
2023-06-17 10:00:00,0.3877876449249058,1.809725547983054
2023-06-17 11:00:00,0.39105666616768686,1.7793332105360102
2023-06-17 12:00:00,0.39105666616768686,2.467305212746362
2023-06-17 13:00:00,0.3912609799953607,2.9425308528274083
2023-06-17 14:00:00,0.3924868629614036,3.986922085098545
2023-06-17 15:00:00,0.4053586341048541,3.680235770860195
2023-06-17 16:00:00,0.4192519743866737,2.8421440412599
2023-06-17 17:00:00,0.4022939266897469,2.0777307054706204
2023-06-17 18:00:00,0.41169236276274246,1.6522379812120098
2023-06-17 19:00:00,0.4041327511388112,0.9550561797752809
2023-06-17 20:00:00,0.4035198096557898,0.5129858169091914
2023-06-17 21:00:00,0.39596019803185856,0.1289371891692761
2023-06-17 22:00:00,0.3902394108569916,0.001841959845275373
2023-06-17 23:00:00,0.3908523523400131,0.0
2023-06-18 00:00:00,0.38901352789094873,0.0
2023-06-18 01:00:00,0.3841099960267771,0.0
2023-06-18 02:00:00,0.3757331290921506,0.0
2023-06-18 03:00:00,0.37675469823051966,0.0
2023-06-18 04:00:00,0.37614175674749817,0.0
2023-06-18 05:00:00,0.3773676397135411,0.0
2023-06-18 06:00:00,0.376346070575172,0.0
2023-06-18 07:00:00,0.3738943046430862,0.1289371891692761
2023-06-18 08:00:00,0.37328136316006477,0.3011604347025235
2023-06-18 09:00:00,0.37777626736888875,0.4724627003131332
2023-06-18 10:00:00,0.3773676397135411,0.8242770307607294
2023-06-18 11:00:00,0.37879783650725785,1.2083256585006446
2023-06-18 12:00:00,0.38104528861166986,2.071283846012157
2023-06-18 13:00:00,0.38594882047584145,3.444464910664948
2023-06-18 14:00:00,0.3867660757865367,4.184932768465647
2023-06-18 15:00:00,0.3873790172695582,3.289740283661816
2023-06-18 16:00:00,0.3867660757865367,2.170749677657027
2023-06-18 17:00:00,0.3861531343035153,1.7074967765702709
2023-06-18 18:00:00,0.38554019282049384,1.3022656106096886
2023-06-18 19:00:00,0.3902394108569916,1.3998894824092833
2023-06-18 20:00:00,0.3984119639639443,0.5792963713391048
2023-06-18 21:00:00,0.39596019803185856,0.1989316632897403
2023-06-18 22:00:00,0.3851315651651462,0.001841959845275373
2023-06-18 23:00:00,0.3775719535412149,0.0
2023-06-19 00:00:00,0.3794107779902793,0.0
2023-06-19 01:00:00,0.38084097478399603,0.0
2023-06-19 02:00:00,0.3841099960267771,0.0
2023-06-19 03:00:00,0.38554019282049384,0.0
2023-06-19 04:00:00,0.3841099960267771,0.0
2023-06-19 05:00:00,0.3818625439223651,0.0
2023-06-19 06:00:00,0.38104528861166986,0.0
2023-06-19 07:00:00,0.38002371947330077,0.12525326947872537
2023-06-19 08:00:00,0.3796150918179531,0.37207588874562536
2023-06-19 09:00:00,0.4707390589604758,0.7294160987290477
2023-06-19 10:00:00,0.5363237976437712,1.1770123411309634
2023-06-19 11:00:00,0.7951894173064981,2.064836986553693
2023-06-19 12:00:00,0.9061318257333811,3.8810093939952113
2023-06-19 13:00:00,0.777414114298876,2.956345551666973
2023-06-19 14:00:00,0.8174596245229442,1.4855406152145885
2023-06-19 15:00:00,0.83114865097709,1.9395837170749677
2023-06-19 16:00:00,0.9966428513928823,1.9515564560692578
2023-06-19 17:00:00,0.9815236281450198,1.8465647448885614
2023-06-19 18:00:00,0.8585267038853817,1.21016761834592
2023-06-19 19:00:00,0.6828168120858984,0.6446859458463805
2023-06-19 20:00:00,0.4952567182813339,0.36102412967397307
2023-06-19 21:00:00,0.4233382509401501,0.14090992816356604
2023-06-19 22:00:00,0.41271393190111155,0.003683919690550746
2023-06-19 23:00:00,0.39779902248092286,0.0
2023-06-20 00:00:00,0.36286135794870006,0.0
2023-06-20 01:00:00,0.350602528288271,0.0
2023-06-20 02:00:00,0.3479464485285114,0.0
2023-06-20 03:00:00,0.34181703369829686,0.0
2023-06-20 04:00:00,0.34283860283666595,0.0
2023-06-20 05:00:00,0.340591150732254,0.0
2023-06-20 06:00:00,0.3385480124555158,0.0
2023-06-20 07:00:00,0.3373221294894729,0.11051759071652237
2023-06-20 08:00:00,0.3373221294894729,0.45035918216982873
2023-06-20 09:00:00,0.4261986445275835,1.4708049364523854
2023-06-20 10:00:00,0.5138492765996513,1.5822435070915455
2023-06-20 11:00:00,0.7641337155000779,2.247191011235955
2023-06-20 12:00:00,0.9674259740355263,3.123042917664395
2023-06-20 13:00:00,0.9629310698267024,3.744704365444833
2023-06-20 14:00:00,1.0346452233402124,2.951740652053785
2023-06-20 15:00:00,1.1096283980965036,3.4094676736047154
2023-06-20 16:00:00,1.1978919716515926,2.810830723890219
2023-06-20 17:00:00,1.1711268602263223,1.868668263031866
2023-06-20 18:00:00,1.1229087968953015,1.8520906244243875
2023-06-20 19:00:00,0.8556663102979482,1.069257690182354
2023-06-20 20:00:00,0.4762555323076688,0.417203904954872
2023-06-20 21:00:00,0.4388661018433602,0.16209246638423283
2023-06-20 22:00:00,0.3924868629614036,0.0027629397679130594
2023-06-20 23:00:00,0.4163915807992403,0.0
2023-06-21 00:00:00,0.4139398148671545,0.0
2023-06-21 01:00:00,0.41434844252250214,0.0
2023-06-21 02:00:00,0.40801471386461374,0.0
2023-06-21 03:00:00,0.38901352789094873,0.0
2023-06-21 04:00:00,0.404337064966485,0.0
2023-06-21 05:00:00,0.40556294793252795,0.0
2023-06-21 06:00:00,0.4041327511388112,0.0
2023-06-21 07:00:00,0.39493862889348946,0.07736231350156567
2023-06-21 08:00:00,0.37614175674749817,0.36655000920979924
2023-06-21 09:00:00,0.44724296877798675,0.6538957450727574
2023-06-21 10:00:00,0.5731002866250584,1.4929084545956897
2023-06-21 11:00:00,0.8642474910602485,2.1716706575796647
2023-06-21 12:00:00,0.9664044048971573,2.251795910849143
2023-06-21 13:00:00,0.877119262203699,3.7981212009578194
2023-06-21 14:00:00,0.8062223640008843,3.4886719469515564
2023-06-21 15:00:00,0.9016369215245571,2.662552956345552
2023-06-21 16:00:00,1.107789573647439,2.81451464358077
2023-06-21 17:00:00,0.9802977451789768,2.1339104807515197
2023-06-21 18:00:00,0.8689467090967462,1.8456437649659239
2023-06-21 19:00:00,0.6531913070731948,1.1760913612083257
2023-06-21 20:00:00,0.5643147920350842,0.37852274820408915
2023-06-21 21:00:00,0.48626690986368587,0.12525326947872537
2023-06-21 22:00:00,0.4691045483390852,0.003683919690550746
2023-06-21 23:00:00,0.4259943306999097,0.0
2023-06-22 00:00:00,0.41067079362437336,0.0
2023-06-22 01:00:00,0.41067079362437336,0.0
2023-06-22 02:00:00,0.38921784171862256,0.0
2023-06-22 03:00:00,0.4047456926218327,0.0
2023-06-22 04:00:00,0.4047456926218327,0.0
2023-06-22 05:00:00,0.4027025543450945,0.0
2023-06-22 06:00:00,0.3544844910140736,0.0
2023-06-22 07:00:00,0.33323585293599656,0.11696445017498619
2023-06-22 08:00:00,0.3352789912127347,0.4945662184564376
2023-06-22 09:00:00,0.3755288152644768,1.3243691287529933
2023-06-22 10:00:00,0.576982249350861,2.1643028181985633
2023-06-22 11:00:00,0.6813866152921817,2.511512249032971
2023-06-22 12:00:00,0.6938497587802847,3.510775465094861
2023-06-22 13:00:00,0.6705579824254694,4.180327868852459
2023-06-22 14:00:00,0.7177544766181212,4.5689813962055625
2023-06-22 15:00:00,0.9347357616077155,3.6912875299318477
2023-06-22 16:00:00,1.0442479732408818,2.821882482961872
2023-06-22 17:00:00,0.8429988529821715,2.0519432676367657
2023-06-22 18:00:00,0.7610690080849706,1.8410388653527354
2023-06-22 19:00:00,0.7253140882420525,1.1889850801252533
2023-06-22 20:00:00,0.584746174802466,0.40154724627003135
2023-06-22 21:00:00,0.4331453146684933,0.13998894824092836
2023-06-22 22:00:00,0.4261986445275835,0.006446859458463806
2023-06-22 23:00:00,0.426811586010605,0.0
2023-06-23 00:00:00,0.4241555062508453,0.0
2023-06-23 01:00:00,0.41271393190111155,0.0
2023-06-23 02:00:00,0.40924059683065667,0.0
2023-06-23 03:00:00,0.4131225595564592,0.0
2023-06-23 04:00:00,0.41271393190111155,0.0
2023-06-23 05:00:00,0.41046647979669953,0.0
2023-06-23 06:00:00,0.4012723575513778,0.0
2023-06-23 07:00:00,0.41148804893506863,0.10407073125805857
2023-06-23 08:00:00,0.42211236797410717,0.4291766439491619
2023-06-23 09:00:00,0.46665278240699937,1.360287345735863
2023-06-23 10:00:00,0.5833159780087492,2.6312396389758703
2023-06-23 11:00:00,0.6382763976530063,3.2851353840486275
2023-06-23 12:00:00,0.7573913591868419,3.9915269847117334
2023-06-23 13:00:00,0.6881289716054176,4.474120464173881
2023-06-23 14:00:00,0.6219312914391008,4.519248480383128
2023-06-23 15:00:00,0.8711941612011583,3.589979738441702
2023-06-23 16:00:00,0.8789580866527633,2.7113648922453493
2023-06-23 17:00:00,0.7682199920535542,1.9635291950635474
2023-06-23 18:00:00,0.5073112341140891,1.7609136120832567
2023-06-23 19:00:00,0.4550068942295918,1.1153066863142382
2023-06-23 20:00:00,0.4261986445275835,0.3739178485909007
2023-06-23 21:00:00,0.4345755114622101,0.12801620924663842
2023-06-23 22:00:00,0.4300806072533861,0.004604899613188432
2023-06-23 23:00:00,0.42088648500806425,0.0
2023-06-24 00:00:00,0.40454137879415886,0.0
2023-06-24 01:00:00,0.4131225595564592,0.0
2023-06-24 02:00:00,0.4063802032432232,0.0
2023-06-24 03:00:00,0.39882059161929195,0.0
2023-06-24 04:00:00,0.38799195875257964,0.0
2023-06-24 05:00:00,0.3945300012381418,0.0
2023-06-24 06:00:00,0.4027025543450945,0.0
2023-06-24 07:00:00,0.39984216075766105,0.09670289187695708
2023-06-24 08:00:00,0.39493862889348946,0.4061521458832197
2023-06-24 09:00:00,0.4000464745853349,1.3123963897587032
2023-06-24 10:00:00,0.4249727615615406,2.570454964081783
2023-06-24 11:00:00,0.42926335194269083,3.1617240744151776
2023-06-24 12:00:00,0.41843471907597846,3.9500828881930374
2023-06-24 13:00:00,0.3980033363085967,4.380180512064837
2023-06-24 14:00:00,0.3714425387110004,4.420703628660895
2023-06-24 15:00:00,0.3790021503349317,3.589058758519064
2023-06-24 16:00:00,0.38084097478399603,2.7675446675262476
2023-06-24 17:00:00,0.3796150918179531,1.9718180143672868
2023-06-24 18:00:00,0.38594882047584145,1.7645975317738074
2023-06-24 19:00:00,0.3806366609563222,1.1143857063916007
2023-06-24 20:00:00,0.36796920364054553,0.38128568797200224
2023-06-24 21:00:00,0.35489311866942114,0.12801620924663842
2023-06-24 22:00:00,0.34712919321781616,0.004604899613188432
2023-06-24 23:00:00,0.3444731134580565,0.0
2023-06-25 00:00:00,0.33548330504040846,0.0
2023-06-25 01:00:00,0.33487036355738703,0.0
2023-06-25 02:00:00,0.33364448059134416,0.0
2023-06-25 03:00:00,0.3330315391083227,0.0
2023-06-25 04:00:00,0.33323585293599656,0.0
2023-06-25 05:00:00,0.3328272252806489,0.0
2023-06-25 06:00:00,0.33221428379762746,0.0
2023-06-25 07:00:00,0.3240417306906747,0.0957819119543194
2023-06-25 08:00:00,0.32322447537997945,0.44483330263400256
2023-06-25 09:00:00,0.3256762413120653,1.3741020445754282
2023-06-25 10:00:00,0.33139702848693214,2.735310370233929
2023-06-25 11:00:00,0.33487036355738703,3.44354393074231
2023-06-25 12:00:00,0.33446173590203937,4.241112543746547
2023-06-25 13:00:00,0.33241859762530124,4.690550745993737
2023-06-25 14:00:00,0.33221428379762746,4.696076625529563
2023-06-25 15:00:00,0.3318056561422798,3.7750967028918767
2023-06-25 16:00:00,0.33200996996995363,2.8881930373917846
2023-06-25 17:00:00,0.3318056561422798,2.097071283846012
2023-06-25 18:00:00,0.33241859762530124,1.8990606004789097
2023-06-25 19:00:00,0.33200996996995363,1.2000368391969054
2023-06-25 20:00:00,0.331601342314606,0.3748388285135384
2023-06-25 21:00:00,0.331601342314606,0.12156934978817463
2023-06-25 22:00:00,0.33262291145297507,0.004604899613188432
2023-06-25 23:00:00,0.33200996996995363,0.0
2023-06-26 00:00:00,0.33200996996995363,0.0
2023-06-26 01:00:00,0.33200996996995363,0.0
2023-06-26 02:00:00,0.3318056561422798,0.0
2023-06-26 03:00:00,0.3318056561422798,0.0
2023-06-26 04:00:00,0.33200996996995363,0.0
2023-06-26 05:00:00,0.33200996996995363,0.0
2023-06-26 06:00:00,0.33241859762530124,0.0
2023-06-26 07:00:00,0.33200996996995363,0.10959661079388469
2023-06-26 08:00:00,0.33200996996995363,0.4696997605452201
2023-06-26 09:00:00,0.359592336705919,1.1788543009762387
2023-06-26 10:00:00,0.47829867058440706,1.7443359734757782
2023-06-26 11:00:00,0.7629078325340349,2.7997789648185667
2023-06-26 12:00:00,0.7216364393439239,3.557745441149383
2023-06-26 13:00:00,0.6276520786139678,3.7907533615767175
2023-06-26 14:00:00,0.7132595724092973,3.7833855221956165
2023-06-26 15:00:00,0.6779132802217268,3.216982869773439
2023-06-26 16:00:00,0.7792529387479404,2.4608583532878985
2023-06-26 17:00:00,0.9988903034972942,1.8189353472094307
2023-06-26 18:00:00,0.6580948389373665,1.4330447596242402
2023-06-26 19:00:00,0.44867316557170345,0.928347762018788
2023-06-26 20:00:00,0.33425742207436565,0.43286056363971265
2023-06-26 21:00:00,0.3340531082466918,0.14183090808620372
2023-06-26 22:00:00,0.33446173590203937,0.0027629397679130594
2023-06-26 23:00:00,0.3328272252806489,0.0
2023-06-27 00:00:00,0.33323585293599656,0.0
2023-06-27 01:00:00,0.3330315391083227,0.0
2023-06-27 02:00:00,0.3330315391083227,0.0
2023-06-27 03:00:00,0.3330315391083227,0.0
2023-06-27 04:00:00,0.3330315391083227,0.0
2023-06-27 05:00:00,0.33323585293599656,0.0
2023-06-27 06:00:00,0.33344016676367033,0.0
2023-06-27 07:00:00,0.3330315391083227,0.12985816909191378
2023-06-27 08:00:00,0.33262291145297507,0.4982501381469884
2023-06-27 09:00:00,0.36899077277891457,1.2976607109965002
2023-06-27 10:00:00,0.3933041182720989,2.3982317185485353
2023-06-27 11:00:00,0.7318521307276147,3.0355498250138147
2023-06-27 12:00:00,0.7195933010671857,3.833118438018051
2023-06-27 13:00:00,0.47502964934162595,4.309265058021735
2023-06-27 14:00:00,0.5704442068652988,4.369128752993185
2023-06-27 15:00:00,0.5404100741972475,3.5522195616135566
2023-06-27 16:00:00,0.7833392153014167,2.7555719285319578
2023-06-27 17:00:00,0.6478791475536757,1.9552403757598082
2023-06-27 18:00:00,0.47768572910138557,1.7397310738625897
2023-06-27 19:00:00,0.3434515443196874,1.0858353287898324
2023-06-27 20:00:00,0.33241859762530124,0.45312212193774176
2023-06-27 21:00:00,0.33241859762530124,0.12709522932400072
2023-06-27 22:00:00,0.33241859762530124,0.003683919690550746
2023-06-27 23:00:00,0.3328272252806489,0.0
2023-06-28 00:00:00,0.33323585293599656,0.0
2023-06-28 01:00:00,0.33323585293599656,0.0
2023-06-28 02:00:00,0.33323585293599656,0.0
2023-06-28 03:00:00,0.3328272252806489,0.0
2023-06-28 04:00:00,0.33344016676367033,0.0
2023-06-28 05:00:00,0.33323585293599656,0.0
2023-06-28 06:00:00,0.33323585293599656,0.0
2023-06-28 07:00:00,0.3328272252806489,0.08933505249585558
2023-06-28 08:00:00,0.33241859762530124,0.43101860379443724
2023-06-28 09:00:00,0.3677648898128717,1.1825382206667894
2023-06-28 10:00:00,0.4545982665742442,2.251795910849143
2023-06-28 11:00:00,0.7424764497666532,2.821882482961872
2023-06-28 12:00:00,0.6521697379348258,3.4242033523669186
2023-06-28 13:00:00,0.7332823275213314,3.745625345367471
2023-06-28 14:00:00,0.7906945130976741,3.6452385337999633
2023-06-28 15:00:00,0.7118293756155805,3.1442254558850617
2023-06-28 16:00:00,0.605994812880543,2.512433228955609
2023-06-28 17:00:00,0.7036568225086278,1.9137962792411125
2023-06-28 18:00:00,0.5379583082651618,1.724995395100387
2023-06-28 19:00:00,0.40311118200044216,1.0839933689445571
2023-06-28 20:00:00,0.34426879963038265,0.44667526247927797
2023-06-28 21:00:00,0.3330315391083227,0.1363050285503776
2023-06-28 22:00:00,0.33323585293599656,0.004604899613188432
2023-06-28 23:00:00,0.33344016676367033,0.0
2023-06-29 00:00:00,0.33323585293599656,0.0
2023-06-29 01:00:00,0.3328272252806489,0.0
2023-06-29 02:00:00,0.3328272252806489,0.0
2023-06-29 03:00:00,0.3328272252806489,0.0
2023-06-29 04:00:00,0.3330315391083227,0.0
2023-06-29 05:00:00,0.3328272252806489,0.0
2023-06-29 06:00:00,0.33344016676367033,0.0
2023-06-29 07:00:00,0.33364448059134416,0.10959661079388469
2023-06-29 08:00:00,0.33262291145297507,0.4512801620924664
2023-06-29 09:00:00,0.3724641078493695,1.3188432492171671
2023-06-29 10:00:00,0.4936222076599433,2.7334684103886535
2023-06-29 11:00:00,0.7759839175051593,3.466568428808252
2023-06-29 12:00:00,0.6213183499560793,4.041259900534168
2023-06-29 13:00:00,0.5747347972464489,4.3350524958555905
2023-06-29 14:00:00,0.7148940830306878,4.39491619082704
2023-06-29 15:00:00,0.6233614882328175,3.6977343893903116
2023-06-29 16:00:00,0.6544171900392378,2.9812120095781913
2023-06-29 17:00:00,0.651965424107152,2.12193774175723
2023-06-29 18:00:00,0.5745304834187751,1.8787990421808805
2023-06-29 19:00:00,0.333848794419018,1.154908822987659
2023-06-29 20:00:00,0.33344016676367033,0.4190458648001474
2023-06-29 21:00:00,0.33364448059134416,0.11512249032971081
2023-06-29 22:00:00,0.33364448059134416,0.003683919690550746
2023-06-29 23:00:00,0.33344016676367033,0.0
2023-06-30 00:00:00,0.33344016676367033,0.0
2023-06-30 01:00:00,0.33344016676367033,0.0
2023-06-30 02:00:00,0.33364448059134416,0.0
2023-06-30 03:00:00,0.33344016676367033,0.0
2023-06-30 04:00:00,0.33344016676367033,0.0
2023-06-30 05:00:00,0.33364448059134416,0.0
2023-06-30 06:00:00,0.33344016676367033,0.0
2023-06-30 07:00:00,0.333848794419018,0.08657211272794255
2023-06-30 08:00:00,0.33323585293599656,0.3923374470436544
2023-06-30 09:00:00,0.3806366609563222,1.4275188800884142
2023-06-30 10:00:00,0.39309980444442505,2.798857984895929
2023-06-30 11:00:00,0.42292962328480244,3.5301160434702523
2023-06-30 12:00:00,0.45439395274657035,4.290845459568981
2023-06-30 13:00:00,0.4829978886209048,4.734757782280346
2023-06-30 14:00:00,0.42088648500806425,4.7227850432860565
2023-06-30 15:00:00,0.48115906417184046,3.7566771044391234
2023-06-30 16:00:00,0.524269281811016,2.9176643949161907
2023-06-30 17:00:00,0.6918066205035465,2.1329895008288817
2023-06-30 18:00:00,0.5988438289119594,1.8787990421808805
2023-06-30 19:00:00,0.36490449622543825,1.1825382206667894
2023-06-30 20:00:00,0.3634742994317215,0.355498250138147
2023-06-30 21:00:00,0.352849980392683,0.11880641002026156
2023-06-30 22:00:00,0.34876370383920663,0.005525879535826119
2023-06-30 23:00:00,0.34181703369829686,0.0
2023-07-01 00:00:00,0.34937664532222806,0.0
2023-07-01 01:00:00,0.34283860283666595,0.0
2023-07-01 02:00:00,0.3426342890089921,0.0
2023-07-01 03:00:00,0.3346660497297132,0.0
2023-07-01 04:00:00,0.3424299751813183,0.0
2023-07-01 05:00:00,0.34202134752597063,0.0
2023-07-01 06:00:00,0.3352789912127347,0.0
2023-07-01 07:00:00,0.3414084060429492,0.07736231350156567
2023-07-01 08:00:00,0.3318056561422798,0.3472094308344078
2023-07-01 09:00:00,0.3399782092492325,1.3593663658132251
2023-07-01 10:00:00,0.3399782092492325,2.692024313869958
2023-07-01 11:00:00,0.34896801766688046,3.327500460489961
2023-07-01 12:00:00,0.3491723314945543,4.077178117517038
2023-07-01 13:00:00,0.3579578260845284,4.551482777675447
2023-07-01 14:00:00,0.3575491984291808,4.583717074967765
2023-07-01 15:00:00,0.35816213991220225,3.6701049917111805
2023-07-01 16:00:00,0.3636786132593953,2.843986001105176
2023-07-01 17:00:00,0.36102253349963576,2.009578191195432
2023-07-01 18:00:00,0.3579578260845284,1.8078835881377786
2023-07-01 19:00:00,0.3575491984291808,1.151224903297108
2023-07-01 20:00:00,0.35714057077383315,0.3536562902928716
2023-07-01 21:00:00,0.3563233154631379,0.11696445017498619
2023-07-01 22:00:00,0.3526456665650092,0.004604899613188432
2023-07-01 23:00:00,0.35407586335872593,0.0
2023-07-02 00:00:00,0.3497852729775757,0.0
2023-07-02 01:00:00,0.3497852729775757,0.0
2023-07-02 02:00:00,0.3456989964240994,0.0
2023-07-02 03:00:00,0.346107624079447,0.0
2023-07-02 04:00:00,0.3485593900115328,0.0
2023-07-02 05:00:00,0.3430429166643397,0.0
2023-07-02 06:00:00,0.34202134752597063,0.0
2023-07-02 07:00:00,0.34079546455992776,0.08012525326947872
2023-07-02 08:00:00,0.33977389542155867,0.3490513906796832
2023-07-02 09:00:00,0.34815076235618525,1.3188432492171671
2023-07-02 10:00:00,0.3446774272857303,2.6008473015288267
2023-07-02 11:00:00,0.3526456665650092,3.225271689077178
2023-07-02 12:00:00,0.3497852729775757,3.953766807883588
2023-07-02 13:00:00,0.3608182196719619,4.4170197089703445
2023-07-02 14:00:00,0.3608182196719619,4.457542825566403
2023-07-02 15:00:00,0.36122684732730953,3.5752440596794988
2023-07-02 16:00:00,0.36286135794870006,2.720574691471726
2023-07-02 17:00:00,0.3647001823977644,1.91471725916375
2023-07-02 18:00:00,0.364087240914743,1.7894639896850248
2023-07-02 19:00:00,0.36286135794870006,1.160434702523485
2023-07-02 20:00:00,0.36040959201661427,0.3573402099834223
2023-07-02 21:00:00,0.3569362569461593,0.11696445017498619
2023-07-02 22:00:00,0.3565276292908117,0.005525879535826119
2023-07-02 23:00:00,0.3491723314945543,0.0
2023-07-03 00:00:00,0.34937664532222806,0.0
2023-07-03 01:00:00,0.34896801766688046,0.0
2023-07-03 02:00:00,0.34181703369829686,0.0
2023-07-03 03:00:00,0.3414084060429492,0.0
2023-07-03 04:00:00,0.3414084060429492,0.0
2023-07-03 05:00:00,0.34120409221527537,0.0
2023-07-03 06:00:00,0.3414084060429492,0.0
2023-07-03 07:00:00,0.3399782092492325,0.08380917296002947
2023-07-03 08:00:00,0.3307840870039107,0.37299686866826304
2023-07-03 09:00:00,0.37328136316006477,1.3538404862773992
2023-07-03 10:00:00,0.3824754854053865,2.640449438202247
2023-07-03 11:00:00,0.5451092922337454,3.360655737704918
2023-07-03 12:00:00,0.5077198617694367,4.18401178854301
2023-07-03 13:00:00,0.5743261695911013,4.739362681893534
2023-07-03 14:00:00,0.5158924148763895,4.741204641738809
2023-07-03 15:00:00,0.5414316433356167,3.7907533615767175
2023-07-03 16:00:00,0.5481739996488526,2.750046048996132
2023-07-03 17:00:00,0.47400808020325685,1.9607662552956344
2023-07-03 18:00:00,0.41863903290365223,1.8364339657395468
2023-07-03 19:00:00,0.35611900163546406,1.2175354577270217
2023-07-03 20:00:00,0.34324723049201356,0.38220666789463986
2023-07-03 21:00:00,0.3377307571448205,0.12341130963345
2023-07-03 22:00:00,0.33425742207436565,0.004604899613188432
2023-07-03 23:00:00,0.33241859762530124,0.0
2023-07-04 00:00:00,0.33221428379762746,0.0
2023-07-04 01:00:00,0.33241859762530124,0.0
2023-07-04 02:00:00,0.33200996996995363,0.0
2023-07-04 03:00:00,0.3318056561422798,0.0
2023-07-04 04:00:00,0.33200996996995363,0.0
2023-07-04 05:00:00,0.33241859762530124,0.0
2023-07-04 06:00:00,0.33221428379762746,0.0
2023-07-04 07:00:00,0.3318056561422798,0.06446859458463805
2023-07-04 08:00:00,0.3318056561422798,0.2818198563271321
2023-07-04 09:00:00,0.3747115599537815,0.7312580585743231
2023-07-04 10:00:00,0.3914652938230345,1.6282925032234297
2023-07-04 11:00:00,0.5918971587710496,2.6266347393626823
2023-07-04 12:00:00,0.6309210998567487,3.986922085098545
2023-07-04 13:00:00,0.6887419130884392,4.6564744888561425
2023-07-04 14:00:00,0.6425669880341564,4.721864063363419
2023-07-04 15:00:00,0.6025214778100881,3.7907533615767175
2023-07-04 16:00:00,0.6738270036682504,2.841223061337263
2023-07-04 17:00:00,0.5728959727973845,2.0003683919690554
2023-07-04 18:00:00,0.3606139058442881,1.809725547983054
2023-07-04 19:00:00,0.33241859762530124,1.1935899797384417
2023-07-04 20:00:00,0.33200996996995363,0.38865352735310366
2023-07-04 21:00:00,0.33221428379762746,0.12617424940136304
2023-07-04 22:00:00,0.3328272252806489,0.003683919690550746
2023-07-04 23:00:00,0.33262291145297507,0.0
2023-07-05 00:00:00,0.331601342314606,0.0
2023-07-05 01:00:00,0.331601342314606,0.0
2023-07-05 02:00:00,0.3318056561422798,0.0
2023-07-05 03:00:00,0.33200996996995363,0.0
2023-07-05 04:00:00,0.331601342314606,0.0
2023-07-05 05:00:00,0.3318056561422798,0.0
2023-07-05 06:00:00,0.3318056561422798,0.0
2023-07-05 07:00:00,0.3318056561422798,0.07091545404310186
2023-07-05 08:00:00,0.331601342314606,0.39878430650211827
2023-07-05 09:00:00,0.4047456926218327,1.207404678578007
2023-07-05 10:00:00,0.4202735435250428,2.1993000552587953
2023-07-05 11:00:00,0.7882427471655883,3.310922821882483
2023-07-05 12:00:00,0.7947807896511504,3.6037944372812674
2023-07-05 13:00:00,0.6660630782166455,3.4509117701234118
2023-07-05 14:00:00,0.5910799034603543,4.153619451095966
2023-07-05 15:00:00,0.576982249350861,2.9222692945293796
2023-07-05 16:00:00,0.5397971327142261,2.54374654632529
2023-07-05 17:00:00,0.515279473393368,1.9745809541352
2023-07-05 18:00:00,0.3636786132593953,1.8465647448885614
2023-07-05 19:00:00,0.33221428379762746,1.1889850801252533
2023-07-05 20:00:00,0.331601342314606,0.3831276478172776
2023-07-05 21:00:00,0.331601342314606,0.12064836986553694
2023-07-05 22:00:00,0.33221428379762746,0.004604899613188432
2023-07-05 23:00:00,0.33262291145297507,0.0
2023-07-06 00:00:00,0.33221428379762746,0.0
2023-07-06 01:00:00,0.3328272252806489,0.0
2023-07-06 02:00:00,0.33241859762530124,0.0
2023-07-06 03:00:00,0.33200996996995363,0.0
2023-07-06 04:00:00,0.3330315391083227,0.0
2023-07-06 05:00:00,0.33221428379762746,0.0
2023-07-06 06:00:00,0.33200996996995363,0.0
2023-07-06 07:00:00,0.33200996996995363,0.06907349419782649
2023-07-06 08:00:00,0.33221428379762746,0.36562902928716157
2023-07-06 09:00:00,0.3790021503349317,0.9090071836433966
2023-07-06 10:00:00,0.3933041182720989,2.099834223613925
2023-07-06 11:00:00,0.4429523783968366,2.8872720574691475
2023-07-06 12:00:00,0.5481739996488526,4.043101860379444
2023-07-06 13:00:00,0.4513292453314631,4.611346472646896
2023-07-06 14:00:00,0.4423394369138151,4.71357524405968
2023-07-06 15:00:00,0.5686053824162344,3.7815435623503406
2023-07-06 16:00:00,0.5118061383229131,2.8255664026524223
2023-07-06 17:00:00,0.47135200044349723,1.92668999815804
2023-07-06 18:00:00,0.4053586341048541,1.7498618530116046
2023-07-06 19:00:00,0.40556294793252795,1.1853011604347023
2023-07-06 20:00:00,0.3575491984291808,0.4061521458832197
2023-07-06 21:00:00,0.34426879963038265,0.155645606925769
2023-07-06 22:00:00,0.3450860549410779,0.011972738994289925
2023-07-06 23:00:00,0.33425742207436565,0.0
2023-07-07 00:00:00,0.33241859762530124,0.0
2023-07-07 01:00:00,0.33200996996995363,0.0
2023-07-07 02:00:00,0.33200996996995363,0.0
2023-07-07 03:00:00,0.33200996996995363,0.0
2023-07-07 04:00:00,0.3318056561422798,0.0
2023-07-07 05:00:00,0.33221428379762746,0.0
2023-07-07 06:00:00,0.33200996996995363,0.0
2023-07-07 07:00:00,0.3318056561422798,0.09854485172223246
2023-07-07 08:00:00,0.33262291145297507,0.37575980843617607
2023-07-07 09:00:00,0.37512018760912913,0.7874378338552219
2023-07-07 10:00:00,0.5945532385308092,2.373365260637318
2023-07-07 11:00:00,0.5851548024578137,3.2759255848222506
2023-07-07 12:00:00,0.5232477126726469,4.075336157671763
2023-07-07 13:00:00,0.41843471907597846,4.624240191563824
2023-07-07 14:00:00,0.44581277198427,4.660158408546693
2023-07-07 15:00:00,0.543270467784681,3.7032602689261376
2023-07-07 16:00:00,0.4897402449341408,2.724258611162277
2023-07-07 17:00:00,0.5073112341140891,1.8511696445017498
2023-07-07 18:00:00,0.38554019282049384,1.6264505433781542
2023-07-07 19:00:00,0.3297625178655416,1.1880641002026155
2023-07-07 20:00:00,0.3291495763825201,0.45496408178301717
2023-07-07 21:00:00,0.3291495763825201,0.07367839381101492
2023-07-07 22:00:00,0.3291495763825201,0.0009209799226376865
2023-07-07 23:00:00,0.3291495763825201,0.0
2023-07-08 00:00:00,0.32894526255484635,0.0
2023-07-08 01:00:00,0.32894526255484635,0.0
2023-07-08 02:00:00,0.3291495763825201,0.0
2023-07-08 03:00:00,0.32894526255484635,0.0
2023-07-08 04:00:00,0.32894526255484635,0.0
2023-07-08 05:00:00,0.3291495763825201,0.0
2023-07-08 06:00:00,0.3291495763825201,0.0
2023-07-08 07:00:00,0.3295582040378678,0.025787437833855224
2023-07-08 08:00:00,0.3291495763825201,0.12801620924663842
2023-07-08 09:00:00,0.3291495763825201,0.6152145883219746
2023-07-08 10:00:00,0.32935389021019396,1.7342051943267636
2023-07-08 11:00:00,0.3295582040378678,2.448885614293608
2023-07-08 12:00:00,0.3297625178655416,3.0862037207588875
2023-07-08 13:00:00,0.3295582040378678,3.6443175538773254
2023-07-08 14:00:00,0.3295582040378678,4.279793700497329
2023-07-08 15:00:00,0.3295582040378678,3.725363787069442
2023-07-08 16:00:00,0.32935389021019396,2.6063731810646527
2023-07-08 17:00:00,0.32894526255484635,1.8474857248111993
2023-07-08 18:00:00,0.32935389021019396,1.6209246638423283
2023-07-08 19:00:00,0.3287409487271725,0.933873641554614
2023-07-08 20:00:00,0.32894526255484635,0.4162829250322343
2023-07-08 21:00:00,0.3287409487271725,0.11880641002026156
2023-07-08 22:00:00,0.3287409487271725,0.001841959845275373
2023-07-08 23:00:00,0.32894526255484635,0.0
2023-07-09 00:00:00,0.32894526255484635,0.0
2023-07-09 01:00:00,0.32894526255484635,0.0
2023-07-09 02:00:00,0.32894526255484635,0.0
2023-07-09 03:00:00,0.32894526255484635,0.0
2023-07-09 04:00:00,0.3287409487271725,0.0
2023-07-09 05:00:00,0.32894526255484635,0.0
2023-07-09 06:00:00,0.32894526255484635,0.0
2023-07-09 07:00:00,0.3287409487271725,0.08104623319211642
2023-07-09 08:00:00,0.3291495763825201,0.3923374470436544
2023-07-09 09:00:00,0.32894526255484635,1.2626634739362683
2023-07-09 10:00:00,0.32935389021019396,2.604531221219377
2023-07-09 11:00:00,0.3301711455208892,3.4057837539141644
2023-07-09 12:00:00,0.32996683169321545,3.1497513354208877
2023-07-09 13:00:00,0.32996683169321545,4.447412046417388
2023-07-09 14:00:00,0.3295582040378678,4.519248480383128
2023-07-09 15:00:00,0.3295582040378678,3.6295818751151225
2023-07-09 16:00:00,0.32935389021019396,2.681893534720943
2023-07-09 17:00:00,0.3291495763825201,1.8484067047338368
2023-07-09 18:00:00,0.3291495763825201,1.6402652422177197
2023-07-09 19:00:00,0.32894526255484635,1.0793884693313687
2023-07-09 20:00:00,0.3287409487271725,0.45312212193774176
2023-07-09 21:00:00,0.3287409487271725,0.1372260084730153
2023-07-09 22:00:00,0.32935389021019396,0.005525879535826119
2023-07-09 23:00:00,0.3291495763825201,0.0
2023-07-10 00:00:00,0.3291495763825201,0.0
2023-07-10 01:00:00,0.3291495763825201,0.0
2023-07-10 02:00:00,0.32894526255484635,0.0
2023-07-10 03:00:00,0.3291495763825201,0.0
2023-07-10 04:00:00,0.32935389021019396,0.0
2023-07-10 05:00:00,0.3295582040378678,0.0
2023-07-10 06:00:00,0.32935389021019396,0.0
2023-07-10 07:00:00,0.32935389021019396,0.07552035365629028
2023-07-10 08:00:00,0.32894526255484635,0.3693129489777123
2023-07-10 09:00:00,0.3375264433171467,1.269110333394732
2023-07-10 10:00:00,0.48606259603601204,2.6036102412967397
2023-07-10 11:00:00,0.5013861331115484,3.4094676736047154
2023-07-10 12:00:00,0.6035430469484572,4.160987290477068
2023-07-10 13:00:00,0.404337064966485,4.684103886535274
2023-07-10 14:00:00,0.4102621659690257,4.733836802357708
2023-07-10 15:00:00,0.4139398148671545,3.8137778596426597
2023-07-10 16:00:00,0.47053474513280197,2.819119543193959
2023-07-10 17:00:00,0.5044508405266557,1.9276109780806778
2023-07-10 18:00:00,0.5005688778008531,1.7784122306133727
2023-07-10 19:00:00,0.41046647979669953,1.2488487750967028
2023-07-10 20:00:00,0.3346660497297132,0.40799410572849515
2023-07-10 21:00:00,0.3356876188680823,0.12156934978817463
2023-07-10 22:00:00,0.33262291145297507,0.004604899613188432
2023-07-10 23:00:00,0.331601342314606,0.0
2023-07-11 00:00:00,0.3311927146592583,0.0
2023-07-11 01:00:00,0.3311927146592583,0.0
2023-07-11 02:00:00,0.33098840083158454,0.0
2023-07-11 03:00:00,0.33139702848693214,0.0
2023-07-11 04:00:00,0.3311927146592583,0.0
2023-07-11 05:00:00,0.3311927146592583,0.0
2023-07-11 06:00:00,0.3311927146592583,0.0
2023-07-11 07:00:00,0.33098840083158454,0.0681525142751888
2023-07-11 08:00:00,0.3307840870039107,0.3545772702155093
2023-07-11 09:00:00,0.33548330504040846,1.2442438754835146
2023-07-11 10:00:00,0.5408187018525952,2.6220298397494934
2023-07-11 11:00:00,0.6155975627812125,3.360655737704918
2023-07-11 12:00:00,0.6021128501547405,4.12414809357156
2023-07-11 13:00:00,0.4102621659690257,4.708049364523854
2023-07-11 14:00:00,0.6740313174959244,4.779885798489593
2023-07-11 15:00:00,0.6819995567752032,3.835881377785964
2023-07-11 16:00:00,0.6258132541649033,2.7868852459016393
2023-07-11 17:00:00,0.6458360092769375,1.8815619819487936
2023-07-11 18:00:00,0.5469481166828097,1.6098729047706761
2023-07-11 19:00:00,0.38533587899282,1.1797752808988764
2023-07-11 20:00:00,0.37716332588586726,0.496408178301713
2023-07-11 21:00:00,0.3773676397135411,0.12341130963345
2023-07-11 22:00:00,0.37716332588586726,0.0009209799226376865
2023-07-11 23:00:00,0.3773676397135411,0.0
2023-07-12 00:00:00,0.3773676397135411,0.0
2023-07-12 01:00:00,0.3773676397135411,0.0
2023-07-12 02:00:00,0.37716332588586726,0.0
2023-07-12 03:00:00,0.3773676397135411,0.0
2023-07-12 04:00:00,0.3775719535412149,0.0
2023-07-12 05:00:00,0.3775719535412149,0.0
2023-07-12 06:00:00,0.3775719535412149,0.0
2023-07-12 07:00:00,0.37716332588586726,0.08473015288266716
2023-07-12 08:00:00,0.3769590120581935,0.39510038681156756
2023-07-12 09:00:00,0.42252099562945483,0.7266531589611347
2023-07-12 10:00:00,0.4891273034511193,1.3252901086756308
2023-07-12 11:00:00,0.6333728657888346,1.2589795542457174
2023-07-12 12:00:00,0.5573681218941745,3.567876220298398
2023-07-12 13:00:00,0.5093543723908273,3.060416282925032
2023-07-12 14:00:00,0.6942583864356323,4.17203904954872
2023-07-12 15:00:00,0.6303081583737273,3.728126726837355
2023-07-12 16:00:00,0.5835202918364231,2.7187327316264502
2023-07-12 17:00:00,0.6021128501547405,1.8364339657395468
2023-07-12 18:00:00,0.4689002345114114,1.69184011788543
2023-07-12 19:00:00,0.3346660497297132,1.2156934978817462
2023-07-12 20:00:00,0.32935389021019396,0.3868115675078283
2023-07-12 21:00:00,0.3291495763825201,0.11512249032971081
2023-07-12 22:00:00,0.3301711455208892,0.001841959845275373
2023-07-12 23:00:00,0.32935389021019396,0.0
2023-07-13 00:00:00,0.3291495763825201,0.0
2023-07-13 01:00:00,0.3291495763825201,0.0
2023-07-13 02:00:00,0.3291495763825201,0.0
2023-07-13 03:00:00,0.32935389021019396,0.0
2023-07-13 04:00:00,0.3295582040378678,0.0
2023-07-13 05:00:00,0.3297625178655416,0.0
2023-07-13 06:00:00,0.3297625178655416,0.0
2023-07-13 07:00:00,0.3297625178655416,0.07091545404310186
2023-07-13 08:00:00,0.33098840083158454,0.3324737520722048
2023-07-13 09:00:00,0.41046647979669953,1.1917480198931665
2023-07-13 10:00:00,0.40392843731113737,2.5234849880272607
2023-07-13 11:00:00,0.49832142569644117,3.3035549825013817
2023-07-13 12:00:00,0.5295814413305352,4.032971081230429
2023-07-13 13:00:00,0.4817720056548619,4.591084914348867
2023-07-13 14:00:00,0.5551206697897624,4.634370970712839
2023-07-13 15:00:00,0.5532818453406981,3.7474673052127465
2023-07-13 16:00:00,0.5628845952413676,2.7343893903112915
2023-07-13 17:00:00,0.5741218557634274,1.8143304475962423
2023-07-13 18:00:00,0.5136449627719775,1.6430281819856327
2023-07-13 19:00:00,0.39657313951487994,1.2138515380364707
2023-07-13 20:00:00,0.32996683169321545,0.3803647080493645
2023-07-13 21:00:00,0.3297625178655416,0.11235955056179775
2023-07-13 22:00:00,0.3307840870039107,0.0027629397679130594
2023-07-13 23:00:00,0.33098840083158454,0.0
2023-07-14 00:00:00,0.3307840870039107,0.0
2023-07-14 01:00:00,0.3301711455208892,0.0
2023-07-14 02:00:00,0.32996683169321545,0.0
2023-07-14 03:00:00,0.32996683169321545,0.0
2023-07-14 04:00:00,0.3297625178655416,0.0
2023-07-14 05:00:00,0.32996683169321545,0.0
2023-07-14 06:00:00,0.32996683169321545,0.0
2023-07-14 07:00:00,0.3305797731762369,0.0543378154356235
2023-07-14 08:00:00,0.3307840870039107,0.34536747098913245
2023-07-14 09:00:00,0.3593880228782452,0.6981027813593664
2023-07-14 10:00:00,0.39166960765070835,1.801436728679315
2023-07-14 11:00:00,0.4349841391175577,1.9073494197826488
2023-07-14 12:00:00,0.42456413390619296,2.0786516853932584
2023-07-14 13:00:00,0.3657217515361335,1.7968318290661265
2023-07-14 14:00:00,0.45275944212517977,3.363418677472831
2023-07-14 15:00:00,0.5508300794086123,3.19672131147541
2023-07-14 16:00:00,0.5516473347193075,2.400073678393811
2023-07-14 17:00:00,0.473803766375583,1.4993553140541536
2023-07-14 18:00:00,0.43334962849616715,0.45496408178301717
2023-07-14 19:00:00,0.3734856769877386,0.43746546325290114
2023-07-14 20:00:00,0.33037545934856305,0.22195616135568247
2023-07-14 21:00:00,0.32996683169321545,0.06907349419782649
2023-07-14 22:00:00,0.3301711455208892,0.0
2023-07-14 23:00:00,0.3301711455208892,0.0
2023-07-15 00:00:00,0.3301711455208892,0.0
2023-07-15 01:00:00,0.3297625178655416,0.0
2023-07-15 02:00:00,0.3295582040378678,0.0
2023-07-15 03:00:00,0.3295582040378678,0.0
2023-07-15 04:00:00,0.3297625178655416,0.0
2023-07-15 05:00:00,0.32996683169321545,0.0
2023-07-15 06:00:00,0.3295582040378678,0.0
2023-07-15 07:00:00,0.3301711455208892,0.03776017682814514
2023-07-15 08:00:00,0.3295582040378678,0.19524774359918953
2023-07-15 09:00:00,0.33037545934856305,0.5396942346656843
2023-07-15 10:00:00,0.3305797731762369,1.6936820777307053
2023-07-15 11:00:00,0.3305797731762369,2.270215509301897
2023-07-15 12:00:00,0.33098840083158454,2.804383864431755
2023-07-15 13:00:00,0.33098840083158454,4.4879351630134465
2023-07-15 14:00:00,0.3307840870039107,4.640817830171303
2023-07-15 15:00:00,0.3301711455208892,3.8478541167802542
2023-07-15 16:00:00,0.32996683169321545,2.810830723890219
2023-07-15 17:00:00,0.32996683169321545,1.9220850985448519
2023-07-15 18:00:00,0.3307840870039107,1.7148646159513723
2023-07-15 19:00:00,0.3305797731762369,1.2534536747098912
2023-07-15 20:00:00,0.3297625178655416,0.4300976238717996
2023-07-15 21:00:00,0.3295582040378678,0.12709522932400072
2023-07-15 22:00:00,0.3295582040378678,0.0027629397679130594
2023-07-15 23:00:00,0.32935389021019396,0.0
2023-07-16 00:00:00,0.3295582040378678,0.0
2023-07-16 01:00:00,0.3297625178655416,0.0
2023-07-16 02:00:00,0.3297625178655416,0.0
2023-07-16 03:00:00,0.3297625178655416,0.0
2023-07-16 04:00:00,0.3297625178655416,0.0
2023-07-16 05:00:00,0.3297625178655416,0.0
2023-07-16 06:00:00,0.3297625178655416,0.0
2023-07-16 07:00:00,0.3301711455208892,0.07091545404310186
2023-07-16 08:00:00,0.32996683169321545,0.37575980843617607
2023-07-16 09:00:00,0.33037545934856305,1.175170381285688
2023-07-16 10:00:00,0.3307840870039107,2.459016393442623
2023-07-16 11:00:00,0.331601342314606,3.4149935531405418
2023-07-16 12:00:00,0.33241859762530124,4.192300607846749
2023-07-16 13:00:00,0.33241859762530124,4.793700497329158
2023-07-16 14:00:00,0.33241859762530124,4.869220850985449
2023-07-16 15:00:00,0.33241859762530124,3.904033892061153
2023-07-16 16:00:00,0.33241859762530124,2.810830723890219
2023-07-16 17:00:00,0.33241859762530124,1.8235402468226192
2023-07-16 18:00:00,0.33241859762530124,1.6789463989685025
2023-07-16 19:00:00,0.33241859762530124,1.2258242770307608
2023-07-16 20:00:00,0.33241859762530124,0.47154172039049547
2023-07-16 21:00:00,0.33241859762530124,0.10407073125805857
2023-07-16 22:00:00,0.33241859762530124,0.0009209799226376865
2023-07-16 23:00:00,0.33241859762530124,0.0
2023-07-17 00:00:00,0.33241859762530124,0.0
2023-07-17 01:00:00,0.33241859762530124,0.0
2023-07-17 02:00:00,0.33241859762530124,0.0
2023-07-17 03:00:00,0.33241859762530124,0.0
2023-07-17 04:00:00,0.33241859762530124,0.0
2023-07-17 05:00:00,0.33241859762530124,0.0
2023-07-17 06:00:00,0.33241859762530124,0.0
2023-07-17 07:00:00,0.33241859762530124,0.061705654816725
2023-07-17 08:00:00,0.33241859762530124,0.33707865168539325
2023-07-17 09:00:00,0.37981940564562694,1.1558298029102967
2023-07-17 10:00:00,0.48708416517438113,2.4009946583164488
2023-07-17 11:00:00,0.537753994437488,3.3026340025787437
2023-07-17 12:00:00,0.552260276202329,4.005341683551299
2023-07-17 13:00:00,0.4329410008408195,4.592005894271505
2023-07-17 14:00:00,0.5361194838160974,4.629766071099651
2023-07-17 15:00:00,0.5686053824162344,3.707865168539326
2023-07-17 16:00:00,0.7810917631970047,2.665315896113465
2023-07-17 17:00:00,0.7230666361376406,1.6863142383496041
2023-07-17 18:00:00,0.47278219723721393,1.525142751888009
2023-07-17 19:00:00,0.36715194832985026,1.2184564376496594
2023-07-17 20:00:00,0.3600009643612666,0.4227297844906981
2023-07-17 21:00:00,0.35611900163546406,0.10407073125805857
2023-07-17 22:00:00,0.3479464485285114,0.0009209799226376865
2023-07-17 23:00:00,0.34896801766688046,0.0
2023-07-18 00:00:00,0.3479464485285114,0.0
2023-07-18 01:00:00,0.3440644858027088,0.0
2023-07-18 02:00:00,0.34222566135364446,0.0
2023-07-18 03:00:00,0.34222566135364446,0.0
2023-07-18 04:00:00,0.3426342890089921,0.0
2023-07-18 05:00:00,0.3424299751813183,0.0
2023-07-18 06:00:00,0.34222566135364446,0.0
2023-07-18 07:00:00,0.33650487417877756,0.020261558298029104
2023-07-18 08:00:00,0.3414084060429492,0.23116596058205932
2023-07-18 09:00:00,0.39269117678907745,0.9817645975317737
2023-07-18 10:00:00,0.618457956368646,2.2536378706944187
2023-07-18 11:00:00,0.5716700898313417,3.2354024682261926
2023-07-18 12:00:00,0.586993626906878,3.998894824092835
2023-07-18 13:00:00,0.47278219723721393,4.661079388469331
2023-07-18 14:00:00,0.5367324252991189,4.686866826303186
2023-07-18 15:00:00,0.6139630521598219,3.7345735862958183
2023-07-18 16:00:00,0.6985489768167824,2.663473936268189
2023-07-18 17:00:00,0.5859720577685088,1.6559219009025603
2023-07-18 18:00:00,0.41067079362437336,1.5150119727389944
2023-07-18 19:00:00,0.333848794419018,1.1981948793516302
2023-07-18 20:00:00,0.33323585293599656,0.4089150856511328
2023-07-18 21:00:00,0.3330315391083227,0.11143857063916006
2023-07-18 22:00:00,0.3330315391083227,0.001841959845275373
2023-07-18 23:00:00,0.33221428379762746,0.0
2023-07-19 00:00:00,0.33221428379762746,0.0
2023-07-19 01:00:00,0.33221428379762746,0.0
2023-07-19 02:00:00,0.33200996996995363,0.0
2023-07-19 03:00:00,0.33200996996995363,0.0
2023-07-19 04:00:00,0.33200996996995363,0.0
2023-07-19 05:00:00,0.3318056561422798,0.0
2023-07-19 06:00:00,0.3318056561422798,0.0
2023-07-19 07:00:00,0.33262291145297507,0.025787437833855224
2023-07-19 08:00:00,0.33241859762530124,0.1768281451464358
2023-07-19 09:00:00,0.3665390068468288,0.48259347946214776
2023-07-19 10:00:00,0.4529637559528536,1.3851538036470807
2023-07-19 11:00:00,0.48218063331020955,2.9093755756124517
2023-07-19 12:00:00,0.4834065162762525,3.7004973291582246
2023-07-19 13:00:00,0.41741314993760936,4.577270215509302
2023-07-19 14:00:00,0.49096612790018374,4.640817830171303
2023-07-19 15:00:00,0.5009775054562008,3.7087861484619635
2023-07-19 16:00:00,0.5089457447354797,2.673604715417204
2023-07-19 17:00:00,0.5167096701870848,1.6264505433781542
2023-07-19 18:00:00,0.4306935487364075,1.518695892429545
2023-07-19 19:00:00,0.33609624652342995,1.1963529195063547
2023-07-19 20:00:00,0.333848794419018,0.40338920611530665
2023-07-19 21:00:00,0.33344016676367033,0.10775465094860931
2023-07-19 22:00:00,0.33323585293599656,0.0009209799226376865
2023-07-19 23:00:00,0.3330315391083227,0.0
2023-07-20 00:00:00,0.3330315391083227,0.0
2023-07-20 01:00:00,0.33241859762530124,0.0
2023-07-20 02:00:00,0.3328272252806489,0.0
2023-07-20 03:00:00,0.3330315391083227,0.0
2023-07-20 04:00:00,0.33364448059134416,0.0
2023-07-20 05:00:00,0.333848794419018,0.0
2023-07-20 06:00:00,0.33323585293599656,0.0
2023-07-20 07:00:00,0.33323585293599656,0.019340578375391416
2023-07-20 08:00:00,0.3330315391083227,0.29195063547614664
2023-07-20 09:00:00,0.3722597940216957,1.095966107938847
2023-07-20 10:00:00,0.4484688517440297,2.0132621108859827
2023-07-20 11:00:00,0.48422377158694774,3.125805857432308
2023-07-20 12:00:00,0.473803766375583,3.2915822435070914
2023-07-20 13:00:00,0.41761746376528314,4.620556271873273
2023-07-20 14:00:00,0.4180260914206308,4.711733284214404
2023-07-20 15:00:00,0.45275944212517977,3.730889666605268
2023-07-20 16:00:00,0.45214650064215833,2.573217903849696
2023-07-20 17:00:00,0.44152218160311985,1.6310554429913429
2023-07-20 18:00:00,0.36613037919148117,1.3068705102228773
2023-07-20 19:00:00,0.33344016676367033,1.089519248480383
2023-07-20 20:00:00,0.33364448059134416,0.4733836802357708
2023-07-20 21:00:00,0.33323585293599656,0.11788543009762387
2023-07-20 22:00:00,0.33323585293599656,0.0
2023-07-20 23:00:00,0.33262291145297507,0.0
2023-07-21 00:00:00,0.33221428379762746,0.0
2023-07-21 01:00:00,0.33200996996995363,0.0
2023-07-21 02:00:00,0.3318056561422798,0.0
2023-07-21 03:00:00,0.33200996996995363,0.0
2023-07-21 04:00:00,0.3318056561422798,0.0
2023-07-21 05:00:00,0.3318056561422798,0.0
2023-07-21 06:00:00,0.3318056561422798,0.0
2023-07-21 07:00:00,0.33200996996995363,0.055258795358261184
2023-07-21 08:00:00,0.33262291145297507,0.3591821698286978
2023-07-21 09:00:00,0.3794107779902793,1.0361024129673972
2023-07-21 10:00:00,0.4711476866158234,1.6826303186590532
2023-07-21 11:00:00,0.5150751595656942,2.2462700313133173
2023-07-21 12:00:00,0.5019990745945698,2.1044391232271136
2023-07-21 13:00:00,0.4259943306999097,3.5826118990606
2023-07-21 14:00:00,0.4840194577592739,4.222692945293793
2023-07-21 15:00:00,0.5030206437329389,3.6682630318659055
2023-07-21 16:00:00,0.5467438028551359,2.6063731810646527
2023-07-21 17:00:00,0.43232805935779806,1.6061889850801254
2023-07-21 18:00:00,0.41271393190111155,1.4450174986185302
2023-07-21 19:00:00,0.33446173590203937,1.1558298029102967
2023-07-21 20:00:00,0.33425742207436565,0.41812488487750965
2023-07-21 21:00:00,0.333848794419018,0.108675630871247
2023-07-21 22:00:00,0.3340531082466918,0.0
2023-07-21 23:00:00,0.3340531082466918,0.0
2023-07-22 00:00:00,0.33364448059134416,0.0
2023-07-22 01:00:00,0.33364448059134416,0.0
2023-07-22 02:00:00,0.3328272252806489,0.0
2023-07-22 03:00:00,0.33323585293599656,0.0
2023-07-22 04:00:00,0.33344016676367033,0.0
2023-07-22 05:00:00,0.3330315391083227,0.0
2023-07-22 06:00:00,0.3328272252806489,0.0
2023-07-22 07:00:00,0.33344016676367033,0.05802173512617425
2023-07-22 08:00:00,0.33364448059134416,0.3481304107570455
2023-07-22 09:00:00,0.33364448059134416,1.0186037944372812
2023-07-22 10:00:00,0.333848794419018,1.982869773438939
2023-07-22 11:00:00,0.3340531082466918,3.0079204273346845
2023-07-22 12:00:00,0.3346660497297132,3.7474673052127465
2023-07-22 13:00:00,0.33446173590203937,4.4188616688156195
2023-07-22 14:00:00,0.333848794419018,4.4980659421624605
2023-07-22 15:00:00,0.33323585293599656,3.6498434334131513
2023-07-22 16:00:00,0.3330315391083227,2.5962424019156383
2023-07-22 17:00:00,0.33323585293599656,1.666052680051575
2023-07-22 18:00:00,0.3330315391083227,1.4643580769939215
2023-07-22 19:00:00,0.33344016676367033,1.1217535457727021
2023-07-22 20:00:00,0.3328272252806489,0.41812488487750965
2023-07-22 21:00:00,0.33323585293599656,0.10683367102597163
2023-07-22 22:00:00,0.33323585293599656,0.0
2023-07-22 23:00:00,0.33323585293599656,0.0
2023-07-23 00:00:00,0.33364448059134416,0.0
2023-07-23 01:00:00,0.33364448059134416,0.0
2023-07-23 02:00:00,0.33344016676367033,0.0
2023-07-23 03:00:00,0.33323585293599656,0.0
2023-07-23 04:00:00,0.33323585293599656,0.0
2023-07-23 05:00:00,0.33344016676367033,0.0
2023-07-23 06:00:00,0.3330315391083227,0.0
2023-07-23 07:00:00,0.33323585293599656,0.07736231350156567
2023-07-23 08:00:00,0.33262291145297507,0.45496408178301717
2023-07-23 09:00:00,0.3328272252806489,1.0830723890219194
2023-07-23 10:00:00,0.3328272252806489,1.6503960213667344
2023-07-23 11:00:00,0.33323585293599656,2.32086940504697
2023-07-23 12:00:00,0.3328272252806489,4.017314422545589
2023-07-23 13:00:00,0.3330315391083227,4.407809909743968
2023-07-23 14:00:00,0.33425742207436565,4.661079388469331
2023-07-23 15:00:00,0.33323585293599656,3.516301344630687
2023-07-23 16:00:00,0.33323585293599656,2.1072020629950265
2023-07-23 17:00:00,0.33344016676367033,1.6881561981948792
2023-07-23 18:00:00,0.33364448059134416,1.2083256585006446
2023-07-23 19:00:00,0.33323585293599656,1.2783201326211089
2023-07-23 20:00:00,0.33323585293599656,0.45312212193774176
2023-07-23 21:00:00,0.3328272252806489,0.07459937373365261
2023-07-23 22:00:00,0.3330315391083227,0.0
2023-07-23 23:00:00,0.3328272252806489,0.0
2023-07-24 00:00:00,0.3330315391083227,0.0
2023-07-24 01:00:00,0.33364448059134416,0.0
2023-07-24 02:00:00,0.33344016676367033,0.0
2023-07-24 03:00:00,0.33323585293599656,0.0
2023-07-24 04:00:00,0.33323585293599656,0.0
2023-07-24 05:00:00,0.33323585293599656,0.0
2023-07-24 06:00:00,0.33323585293599656,0.0
2023-07-24 07:00:00,0.3330315391083227,0.024866457911217537
2023-07-24 08:00:00,0.33323585293599656,0.32418493276846566
2023-07-24 09:00:00,0.3508068421159448,0.6778412230613373
2023-07-24 10:00:00,0.4562327771956347,1.3906796831829067
2023-07-24 11:00:00,0.5254951647770588,1.6605268005157487
2023-07-24 12:00:00,0.5144622180826728,3.1497513354208877
2023-07-24 13:00:00,0.46215787819817544,3.8460121569349788
2023-07-24 14:00:00,0.4398876709817293,4.776201878799043
2023-07-24 15:00:00,0.48810573431275023,3.7760176828145147
2023-07-24 16:00:00,0.4766641599630165,2.6340025787437833
2023-07-24 17:00:00,0.4024982405174207,1.545404310186038
2023-07-24 18:00:00,0.3557103739801164,1.4496223982317185
2023-07-24 19:00:00,0.33344016676367033,1.1981948793516302
2023-07-24 20:00:00,0.33262291145297507,0.3960213667342052
2023-07-24 21:00:00,0.33262291145297507,0.09854485172223246
2023-07-24 22:00:00,0.33241859762530124,0.0
2023-07-24 23:00:00,0.33262291145297507,0.0
2023-07-25 00:00:00,0.33262291145297507,0.0
2023-07-25 01:00:00,0.33262291145297507,0.0
2023-07-25 02:00:00,0.3328272252806489,0.0
2023-07-25 03:00:00,0.33262291145297507,0.0
2023-07-25 04:00:00,0.33221428379762746,0.0
2023-07-25 05:00:00,0.33262291145297507,0.0
2023-07-25 06:00:00,0.33241859762530124,0.0
2023-07-25 07:00:00,0.3330315391083227,0.04420703628660895
2023-07-25 08:00:00,0.3330315391083227,0.32234297292319025
2023-07-25 09:00:00,0.3501939006329234,1.0314975133542088
2023-07-25 10:00:00,0.37001234191728366,1.982869773438939
2023-07-25 11:00:00,0.44519983050124856,3.3053969423466567
2023-07-25 12:00:00,0.433553942323841,4.038496960766255
2023-07-25 13:00:00,0.40495000644950646,4.700681525142752
2023-07-25 14:00:00,0.4697174898221067,4.761466200036839
2023-07-25 15:00:00,0.515279473393368,3.7861484619635295
2023-07-25 16:00:00,0.5183441808084752,2.6312396389758703
2023-07-25 17:00:00,0.581272839732011,1.5840854669368207
2023-07-25 18:00:00,0.5034292713882865,1.4781727758334866
2023-07-25 19:00:00,0.33364448059134416,1.160434702523485
2023-07-25 20:00:00,0.33364448059134416,0.3923374470436544
2023-07-25 21:00:00,0.33364448059134416,0.09486093203168171
2023-07-25 22:00:00,0.333848794419018,0.0
2023-07-25 23:00:00,0.333848794419018,0.0
2023-07-26 00:00:00,0.3340531082466918,0.0
2023-07-26 01:00:00,0.33425742207436565,0.0
2023-07-26 02:00:00,0.33425742207436565,0.0
2023-07-26 03:00:00,0.33425742207436565,0.0
2023-07-26 04:00:00,0.33425742207436565,0.0
2023-07-26 05:00:00,0.33344016676367033,0.0
2023-07-26 06:00:00,0.33323585293599656,0.0
2023-07-26 07:00:00,0.33364448059134416,0.04144409651869589
2023-07-26 08:00:00,0.33344016676367033,0.29563455516669734
2023-07-26 09:00:00,0.3935084320997727,0.9799226376864985
2023-07-26 10:00:00,0.5009775054562008,1.8216982869773437
2023-07-26 11:00:00,0.584746174802466,3.056732363234482
2023-07-26 12:00:00,0.46256650585352305,3.7207588874562534
2023-07-26 13:00:00,0.4074017723815923,4.507275741388837
2023-07-26 14:00:00,0.5457222337167668,4.558850617056548
2023-07-26 15:00:00,0.6354160040655727,3.6148461963529193
2023-07-26 16:00:00,0.5945532385308092,2.4866457911217537
2023-07-26 17:00:00,0.44949042088239877,1.4164671210167619
2023-07-26 18:00:00,0.3904437246846654,1.3519985264321237
2023-07-26 19:00:00,0.3804323471286484,1.1272794253085283
2023-07-26 20:00:00,0.3804323471286484,0.384969607662553
2023-07-26 21:00:00,0.3804323471286484,0.09393995210904402
2023-07-26 22:00:00,0.3806366609563222,0.0
2023-07-26 23:00:00,0.3804323471286484,0.0
2023-07-27 00:00:00,0.3804323471286484,0.0
2023-07-27 01:00:00,0.38104528861166986,0.0
2023-07-27 02:00:00,0.38084097478399603,0.0
2023-07-27 03:00:00,0.38104528861166986,0.0
2023-07-27 04:00:00,0.38084097478399603,0.0
2023-07-27 05:00:00,0.3804323471286484,0.0
2023-07-27 06:00:00,0.3804323471286484,0.0
2023-07-27 07:00:00,0.3806366609563222,0.01841959845275373
2023-07-27 08:00:00,0.3802280333009746,0.2256400810462332
2023-07-27 09:00:00,0.41496138400552357,0.40523116596058206
2023-07-27 10:00:00,0.3802280333009746,0.9071652237981211
2023-07-27 11:00:00,0.46031905374911103,1.4956713943636029
2023-07-27 12:00:00,0.44540414432892234,1.994842512433229
2023-07-27 13:00:00,0.3973903948255752,2.5290108675630876
2023-07-27 14:00:00,0.3992292192746396,2.5253269478725366
2023-07-27 15:00:00,0.3802280333009746,2.4783569718180143
2023-07-27 16:00:00,0.4118966765904163,2.1716706575796647
2023-07-27 17:00:00,0.37266842167704334,1.8290661263584453
2023-07-27 18:00:00,0.3330315391083227,1.351077546509486
2023-07-27 19:00:00,0.33200996996995363,0.8113833118438019
2023-07-27 20:00:00,0.33200996996995363,0.35826118990606004
2023-07-27 21:00:00,0.33221428379762746,0.07275741388837723
2023-07-27 22:00:00,0.33241859762530124,0.0
2023-07-27 23:00:00,0.33262291145297507,0.0
2023-07-28 00:00:00,0.33262291145297507,0.0
2023-07-28 01:00:00,0.33241859762530124,0.0
2023-07-28 02:00:00,0.33221428379762746,0.0
2023-07-28 03:00:00,0.33221428379762746,0.0
2023-07-28 04:00:00,0.33241859762530124,0.0
2023-07-28 05:00:00,0.33221428379762746,0.0
2023-07-28 06:00:00,0.33241859762530124,0.0
2023-07-28 07:00:00,0.33262291145297507,0.019340578375391416
2023-07-28 08:00:00,0.3328272252806489,0.2256400810462332
2023-07-28 09:00:00,0.38594882047584145,0.884140725732179
2023-07-28 10:00:00,0.51752692549778,1.5610609688708788
2023-07-28 11:00:00,0.5837246056640969,2.9195063547614666
2023-07-28 12:00:00,0.5469481166828097,3.4297292319027446
2023-07-28 13:00:00,0.55552929744511,4.557008657211273
2023-07-28 14:00:00,0.5487869411318741,4.118622214035734
2023-07-28 15:00:00,0.6511481687964567,2.8771412783201327
2023-07-28 16:00:00,0.6235658020604914,2.505986369497145
2023-07-28 17:00:00,0.6064034405358907,1.4321237797016027
2023-07-28 18:00:00,0.44724296877798675,0.8270399705286424
2023-07-28 19:00:00,0.41434844252250214,0.5221956161355682
2023-07-28 20:00:00,0.38697038961421054,0.2799778964818567
2023-07-28 21:00:00,0.38370136837142943,0.032234297292319025
2023-07-28 22:00:00,0.34529036876875174,0.0
2023-07-28 23:00:00,0.33364448059134416,0.0
2023-07-29 00:00:00,0.3330315391083227,0.0
2023-07-29 01:00:00,0.33323585293599656,0.0
2023-07-29 02:00:00,0.3328272252806489,0.0
2023-07-29 03:00:00,0.33241859762530124,0.0
2023-07-29 04:00:00,0.33241859762530124,0.0
2023-07-29 05:00:00,0.33241859762530124,0.0
2023-07-29 06:00:00,0.33241859762530124,0.0
2023-07-29 07:00:00,0.3330315391083227,0.010130779149014552
2023-07-29 08:00:00,0.33262291145297507,0.10959661079388469
2023-07-29 09:00:00,0.3328272252806489,0.434702523484988
2023-07-29 10:00:00,0.33323585293599656,0.9688708786148461
2023-07-29 11:00:00,0.333848794419018,2.2085098544851722
2023-07-29 12:00:00,0.3340531082466918,3.430650211825382
2023-07-29 13:00:00,0.33344016676367033,3.713391048075152
2023-07-29 14:00:00,0.33344016676367033,4.1794068889298215
2023-07-29 15:00:00,0.33344016676367033,3.6618161724074416
2023-07-29 16:00:00,0.33221428379762746,2.449806594216246
2023-07-29 17:00:00,0.33221428379762746,1.2617424940136304
2023-07-29 18:00:00,0.33241859762530124,1.2635844538589058
2023-07-29 19:00:00,0.33241859762530124,1.154908822987659
2023-07-29 20:00:00,0.33200996996995363,0.3748388285135384
2023-07-29 21:00:00,0.33200996996995363,0.08380917296002947
2023-07-29 22:00:00,0.33221428379762746,0.0
2023-07-29 23:00:00,0.33262291145297507,0.0
2023-07-30 00:00:00,0.33241859762530124,0.0
2023-07-30 01:00:00,0.33221428379762746,0.0
2023-07-30 02:00:00,0.33241859762530124,0.0
2023-07-30 03:00:00,0.33262291145297507,0.0
2023-07-30 04:00:00,0.33241859762530124,0.0
2023-07-30 05:00:00,0.33241859762530124,0.0
2023-07-30 06:00:00,0.33241859762530124,0.0
2023-07-30 07:00:00,0.33241859762530124,0.03131331736968134
2023-07-30 08:00:00,0.3328272252806489,0.2845827960950451
2023-07-30 09:00:00,0.3328272252806489,0.9237428624055997
2023-07-30 10:00:00,0.33262291145297507,1.4413335789279793
2023-07-30 11:00:00,0.33364448059134416,2.941609872904771
2023-07-30 12:00:00,0.33344016676367033,3.8110149198747467
2023-07-30 13:00:00,0.33323585293599656,4.727389942899245
2023-07-30 14:00:00,0.3328272252806489,4.754098360655737
2023-07-30 15:00:00,0.33262291145297507,3.7557561245164854
2023-07-30 16:00:00,0.33200996996995363,2.4792779517406522
2023-07-30 17:00:00,0.33221428379762746,1.290292871615399
2023-07-30 18:00:00,0.33241859762530124,1.2387179959476884
2023-07-30 19:00:00,0.33241859762530124,1.172407441517775
2023-07-30 20:00:00,0.3318056561422798,0.38128568797200224
2023-07-30 21:00:00,0.33200996996995363,0.08104623319211642
2023-07-30 22:00:00,0.33221428379762746,0.0
2023-07-30 23:00:00,0.33262291145297507,0.0
2023-07-31 00:00:00,0.33241859762530124,0.0
2023-07-31 01:00:00,0.33241859762530124,0.0
2023-07-31 02:00:00,0.33262291145297507,0.0
2023-07-31 03:00:00,0.33241859762530124,0.0
2023-07-31 04:00:00,0.33221428379762746,0.0
2023-07-31 05:00:00,0.33241859762530124,0.0
2023-07-31 06:00:00,0.33241859762530124,0.0
2023-07-31 07:00:00,0.3328272252806489,0.028550377601768283
2023-07-31 08:00:00,0.3330315391083227,0.2901086756308712
2023-07-31 09:00:00,0.36286135794870006,0.933873641554614
2023-07-31 10:00:00,0.43947904332638166,1.3667342051943268
2023-07-31 11:00:00,0.5796383291106205,2.952661631976423
2023-07-31 12:00:00,0.5808642120766634,3.735494566218456
2023-07-31 13:00:00,0.4308978625640813,4.706207404678578
2023-07-31 14:00:00,0.5428618401293334,4.7209430834407815
2023-07-31 15:00:00,0.6801607323261388,3.7272057469147173
2023-07-31 16:00:00,0.567992440933213,2.4221771965371155
2023-07-31 17:00:00,0.614984621298191,1.242401915638239
2023-07-31 18:00:00,0.40495000644950646,1.2239823171854853
2023-07-31 19:00:00,0.34590331025177323,1.151224903297108
2023-07-31 20:00:00,0.3330315391083227,0.36470804936452383
2023-07-31 21:00:00,0.33262291145297507,0.07552035365629028
2023-07-31 22:00:00,0.33241859762530124,0.0
2023-07-31 23:00:00,0.33262291145297507,0.0
2023-08-01 00:00:00,0.33221428379762746,0.0
2023-08-01 01:00:00,0.33221428379762746,0.0
2023-08-01 02:00:00,0.33221428379762746,0.0
2023-08-01 03:00:00,0.33200996996995363,0.0
2023-08-01 04:00:00,0.33241859762530124,0.0
2023-08-01 05:00:00,0.3328272252806489,0.0
2023-08-01 06:00:00,0.3330315391083227,0.0
2023-08-01 07:00:00,0.3330315391083227,0.01565665868484067
2023-08-01 08:00:00,0.3330315391083227,0.1924848038312765
2023-08-01 09:00:00,0.3857445066481676,0.42733468410388653
2023-08-01 10:00:00,0.49709554273039824,0.769939215325106
2023-08-01 11:00:00,0.5590026325155649,1.0858353287898324
2023-08-01 12:00:00,0.6372548285146371,1.3160803094492541
2023-08-01 13:00:00,0.5312159519519257,1.7305212746362129
2023-08-01 14:00:00,0.5295814413305352,2.9913427887272057
2023-08-01 15:00:00,0.6419540465511349,3.075151961687235
2023-08-01 16:00:00,0.6623854293185166,2.0132621108859827
2023-08-01 17:00:00,0.7224536946546191,1.0710996500276295
2023-08-01 18:00:00,0.5269253615707756,1.2856879720022105
2023-08-01 19:00:00,0.3812496024393437,0.8795358261189906
2023-08-01 20:00:00,0.3796150918179531,0.3002394547798858
2023-08-01 21:00:00,0.3356876188680823,0.0478909559771597
2023-08-01 22:00:00,0.3340531082466918,0.0
2023-08-01 23:00:00,0.3340531082466918,0.0
2023-08-02 00:00:00,0.333848794419018,0.0
2023-08-02 01:00:00,0.3340531082466918,0.0
2023-08-02 02:00:00,0.333848794419018,0.0
2023-08-02 03:00:00,0.33262291145297507,0.0
2023-08-02 04:00:00,0.33241859762530124,0.0
2023-08-02 05:00:00,0.33262291145297507,0.0
2023-08-02 06:00:00,0.3328272252806489,0.0
2023-08-02 07:00:00,0.33344016676367033,0.0
2023-08-02 08:00:00,0.33344016676367033,0.09486093203168171
2023-08-02 09:00:00,0.3755288152644768,0.5221956161355682
2023-08-02 10:00:00,0.49505240445366006,0.9311107017867011
2023-08-02 11:00:00,0.6141673659874957,0.8859826855774544
2023-08-02 12:00:00,0.6276520786139678,0.8979554245717443
2023-08-02 13:00:00,0.3867660757865367,1.2000368391969054
2023-08-02 14:00:00,0.5326461487456425,1.0941241480935715
2023-08-02 15:00:00,0.5256994786047327,1.3538404862773992
2023-08-02 16:00:00,0.538775563575857,1.6946030576533433
2023-08-02 17:00:00,0.5099673138738487,1.7728863510775463
2023-08-02 18:00:00,0.4121009904180901,1.5638239086387917
2023-08-02 19:00:00,0.37593744291982445,1.1263584453858906
2023-08-02 20:00:00,0.33323585293599656,0.3748388285135384
2023-08-02 21:00:00,0.33344016676367033,0.07552035365629028
2023-08-02 22:00:00,0.33323585293599656,0.0
2023-08-02 23:00:00,0.3330315391083227,0.0
2023-08-03 00:00:00,0.3330315391083227,0.0
2023-08-03 01:00:00,0.3328272252806489,0.0
2023-08-03 02:00:00,0.33262291145297507,0.0
2023-08-03 03:00:00,0.3328272252806489,0.0
2023-08-03 04:00:00,0.33323585293599656,0.0
2023-08-03 05:00:00,0.33241859762530124,0.0
2023-08-03 06:00:00,0.33241859762530124,0.0
2023-08-03 07:00:00,0.33262291145297507,0.026708417756492908
2023-08-03 08:00:00,0.3328272252806489,0.27629397679130596
2023-08-03 09:00:00,0.36796920364054553,0.8298029102965555
2023-08-03 10:00:00,0.37716332588586726,1.2396389758703261
2023-08-03 11:00:00,0.5671751856225177,3.077914901455148
2023-08-03 12:00:00,0.6366418870316157,3.624055995579296
2023-08-03 13:00:00,0.55552929744511,4.831460674157303
2023-08-03 14:00:00,0.5330547764009901,4.783569718180144
2023-08-03 15:00:00,0.5900583343219852,3.7631239638975873
2023-08-03 16:00:00,0.6826124982582246,2.485724811199116
2023-08-03 17:00:00,0.5504214517532646,1.282925032234297
2023-08-03 18:00:00,0.4082190276922876,1.2442438754835146
2023-08-03 19:00:00,0.3346660497297132,1.1217535457727021
2023-08-03 20:00:00,0.33425742207436565,0.37023392890035
2023-08-03 21:00:00,0.333848794419018,0.07275741388837723
2023-08-03 22:00:00,0.33344016676367033,0.0
2023-08-03 23:00:00,0.33344016676367033,0.0
2023-08-04 00:00:00,0.33344016676367033,0.0
2023-08-04 01:00:00,0.3328272252806489,0.0
2023-08-04 02:00:00,0.33241859762530124,0.0
2023-08-04 03:00:00,0.3328272252806489,0.0
2023-08-04 04:00:00,0.33262291145297507,0.0
2023-08-04 05:00:00,0.3328272252806489,0.0
2023-08-04 06:00:00,0.33262291145297507,0.0
2023-08-04 07:00:00,0.3330315391083227,0.02394547798857985
2023-08-04 08:00:00,0.33323585293599656,0.26432123779701605
2023-08-04 09:00:00,0.3579578260845284,0.802173512617425
2023-08-04 10:00:00,0.3994335331023134,1.1171486461595137
2023-08-04 11:00:00,0.48156769182718806,3.0944925400626264
2023-08-04 12:00:00,0.5048594681820033,3.824829618714312
2023-08-04 13:00:00,0.4762555323076688,4.7283109228218825
2023-08-04 14:00:00,0.3984119639639443,4.700681525142752
2023-08-04 15:00:00,0.5017947607668961,3.6498434334131513
2023-08-04 16:00:00,0.5271296753984495,2.329158224350709
2023-08-04 17:00:00,0.47155631427117106,1.030576533431571
2023-08-04 18:00:00,0.413326873384133,1.101491987474673
2023-08-04 19:00:00,0.3430429166643397,1.1024129673973107
2023-08-04 20:00:00,0.33262291145297507,0.34352551114385704
2023-08-04 21:00:00,0.33262291145297507,0.06538957450727574
2023-08-04 22:00:00,0.33262291145297507,0.0
2023-08-04 23:00:00,0.33262291145297507,0.0
2023-08-05 00:00:00,0.33241859762530124,0.0
2023-08-05 01:00:00,0.3328272252806489,0.0
2023-08-05 02:00:00,0.33262291145297507,0.0
2023-08-05 03:00:00,0.33241859762530124,0.0
2023-08-05 04:00:00,0.3328272252806489,0.0
2023-08-05 05:00:00,0.33262291145297507,0.0
2023-08-05 06:00:00,0.33241859762530124,0.0
2023-08-05 07:00:00,0.33262291145297507,0.019340578375391416
2023-08-05 08:00:00,0.33200996996995363,0.22840302081414626
2023-08-05 09:00:00,0.33262291145297507,0.7487566771044392
2023-08-05 10:00:00,0.3328272252806489,0.9163750230244981
2023-08-05 11:00:00,0.33323585293599656,2.6128200405231166
2023-08-05 12:00:00,0.3328272252806489,3.5153803647080495
2023-08-05 13:00:00,0.33241859762530124,4.504512801620924
2023-08-05 14:00:00,0.33241859762530124,4.5699023761282005
2023-08-05 15:00:00,0.33221428379762746,3.5623503407625714
2023-08-05 16:00:00,0.33200996996995363,2.249953951003868
2023-08-05 17:00:00,0.33221428379762746,0.9688708786148461
2023-08-05 18:00:00,0.33241859762530124,0.9780806778412231
2023-08-05 19:00:00,0.33200996996995363,1.054522011420151
2023-08-05 20:00:00,0.33221428379762746,0.3269478725363787
2023-08-05 21:00:00,0.331601342314606,0.060784674894087315
2023-08-05 22:00:00,0.3318056561422798,0.0
2023-08-05 23:00:00,0.33200996996995363,0.0
2023-08-06 00:00:00,0.33200996996995363,0.0
2023-08-06 01:00:00,0.3318056561422798,0.0
2023-08-06 02:00:00,0.33200996996995363,0.0
2023-08-06 03:00:00,0.33221428379762746,0.0
2023-08-06 04:00:00,0.33241859762530124,0.0
2023-08-06 05:00:00,0.33241859762530124,0.0
2023-08-06 06:00:00,0.33221428379762746,0.0
2023-08-06 07:00:00,0.33241859762530124,0.016577638607478358
2023-08-06 08:00:00,0.3318056561422798,0.21458832197458094
2023-08-06 09:00:00,0.33221428379762746,0.7211272794253085
2023-08-06 10:00:00,0.33241859762530124,0.8795358261189906
2023-08-06 11:00:00,0.33262291145297507,2.6515011972738995
2023-08-06 12:00:00,0.33262291145297507,3.437097071283846
2023-08-06 13:00:00,0.33241859762530124,4.467673604715417
2023-08-06 14:00:00,0.33221428379762746,4.453858905875852
2023-08-06 15:00:00,0.33241859762530124,3.4647264689629766
2023-08-06 16:00:00,0.33221428379762746,2.2342972923190274
2023-08-06 17:00:00,0.33200996996995363,0.9347946214772518
2023-08-06 18:00:00,0.33241859762530124,0.9808436176091362
2023-08-06 19:00:00,0.3318056561422798,1.0600478909559772
2023-08-06 20:00:00,0.3318056561422798,0.296555535089335
2023-08-06 21:00:00,0.3311927146592583,0.04236507644133358
2023-08-06 22:00:00,0.33139702848693214,0.0
2023-08-06 23:00:00,0.3318056561422798,0.0
2023-08-07 00:00:00,0.3318056561422798,0.0
2023-08-07 01:00:00,0.331601342314606,0.0
2023-08-07 02:00:00,0.331601342314606,0.0
2023-08-07 03:00:00,0.3318056561422798,0.0
2023-08-07 04:00:00,0.3318056561422798,0.0
2023-08-07 05:00:00,0.33200996996995363,0.0
2023-08-07 06:00:00,0.3318056561422798,0.0
2023-08-07 07:00:00,0.33139702848693214,0.012893718916927612
2023-08-07 08:00:00,0.331601342314606,0.1980106833671026
2023-08-07 09:00:00,0.33139702848693214,0.6971818014367287
2023-08-07 10:00:00,0.3330315391083227,0.8353287898323816
2023-08-07 11:00:00,0.0,0.0
2023-08-07 12:00:00,0.0,0.0
2023-08-07 13:00:00,0.0,0.0
2023-08-07 14:00:00,0.0,0.0
2023-08-07 15:00:00,0.6907850513651773,2.9139804752256397
2023-08-07 16:00:00,0.6219312914391008,2.0814146251611714
2023-08-07 17:00:00,0.5876065683898994,0.9016393442622951
2023-08-07 18:00:00,0.5136449627719775,0.8979554245717443
2023-08-07 19:00:00,0.4840194577592739,0.9863694971449622
2023-08-07 20:00:00,0.4676743515453685,0.3205010130779149
2023-08-07 21:00:00,0.4129182457287854,0.0543378154356235
2023-08-07 22:00:00,0.3990249054469658,0.0
2023-08-07 23:00:00,0.3524413527373354,0.0
2023-08-08 00:00:00,0.34018252307690633,0.0
2023-08-08 01:00:00,0.33098840083158454,0.0
2023-08-08 02:00:00,0.31975114030952456,0.0
2023-08-08 03:00:00,0.3238374168630009,0.0
2023-08-08 04:00:00,0.32588055513973907,0.0
2023-08-08 05:00:00,0.31055701806420277,0.0
2023-08-08 06:00:00,0.3007499543358595,0.0
2023-08-08 07:00:00,0.29645936395470934,0.01565665868484067
2023-08-08 08:00:00,0.29645936395470934,0.2109044022840302
2023-08-08 09:00:00,0.306879369166074,0.6870510222877141
2023-08-08 10:00:00,0.5898540204943115,0.7874378338552219
2023-08-08 11:00:00,0.6723968068745337,2.366918401178854
2023-08-08 12:00:00,0.9382090966781704,3.333947319948425
2023-08-08 13:00:00,0.7866082365441978,4.368207773070547
2023-08-08 14:00:00,0.8926471131069091,4.405046969976055
2023-08-08 15:00:00,0.89162554396854,3.451832750046049
2023-08-08 16:00:00,1.0769381856686926,2.156013998894824
2023-08-08 17:00:00,0.9145086926680076,0.7717811751703813
2023-08-08 18:00:00,0.8376866934626521,0.8251980106833672
2023-08-08 19:00:00,0.726948598863443,0.6253453674709891
2023-08-08 20:00:00,0.5116018244952393,0.25971633818382756
2023-08-08 21:00:00,0.46011473992143725,0.05894271504881193
2023-08-08 22:00:00,0.4067888308985709,0.0
2023-08-08 23:00:00,0.4192519743866737,0.0
2023-08-09 00:00:00,0.4006594160683563,0.0
2023-08-09 01:00:00,0.40086372989603014,0.0
2023-08-09 02:00:00,0.40208961286207306,0.0
2023-08-09 03:00:00,0.3990249054469658,0.0
2023-08-09 04:00:00,0.3908523523400131,0.0
2023-08-09 05:00:00,0.39207823530605596,0.0
2023-08-09 06:00:00,0.3955515703765109,0.0
2023-08-09 07:00:00,0.3884005864079273,0.0
2023-08-09 08:00:00,0.38758333109723203,0.05894271504881193
2023-08-09 09:00:00,0.3769590120581935,0.15748756677104436
2023-08-09 10:00:00,0.4233382509401501,0.5839012709522933
2023-08-09 11:00:00,0.6666760196996668,0.7450727574138883
2023-08-09 12:00:00,0.7112164341325591,1.1742494013630502
2023-08-09 13:00:00,0.6178450148856244,2.1099650027629395
2023-08-09 14:00:00,0.6707622962531432,3.7916743414993554
2023-08-09 15:00:00,0.8182768798336395,3.3063179222692947
2023-08-09 16:00:00,0.827879629734309,2.1836433965739546
2023-08-09 17:00:00,0.9206381074982221,0.6898139620556272
2023-08-09 18:00:00,0.8027490289304293,0.7598084361760914
2023-08-09 19:00:00,0.6068120681912383,0.990053416835513
2023-08-09 20:00:00,0.5363237976437712,0.31589611346472646
2023-08-09 21:00:00,0.4558241495402871,0.049732915822435074
2023-08-09 22:00:00,0.4233382509401501,0.0
2023-08-09 23:00:00,0.4047456926218327,0.0
2023-08-10 00:00:00,0.4210907988357381,0.0
2023-08-10 01:00:00,0.40045510224068254,0.0
2023-08-10 02:00:00,0.38594882047584145,0.0
2023-08-10 03:00:00,0.40372412348346354,0.0
2023-08-10 04:00:00,0.4057672617602018,0.0
2023-08-10 05:00:00,0.3955515703765109,0.0
2023-08-10 06:00:00,0.40290686817276833,0.0
2023-08-10 07:00:00,0.3863574481311891,0.0
2023-08-10 08:00:00,0.40086372989603014,0.1022287714127832
2023-08-10 09:00:00,0.42374687859549776,0.33155277214956713
2023-08-10 10:00:00,0.5324418349179687,1.0839933689445571
2023-08-10 11:00:00,0.598230887428938,2.1016761834592006
2023-08-10 12:00:00,0.6395022806190491,3.125805857432308
2023-08-10 13:00:00,0.5816814673873587,4.441886166881562
2023-08-10 14:00:00,0.584746174802466,4.501749861853011
2023-08-10 15:00:00,0.6621811154908428,3.502486645791122
2023-08-10 16:00:00,0.6793434770154435,2.123779701602505
2023-08-10 17:00:00,0.7046783916469969,0.6658684840670472
2023-08-10 18:00:00,0.7214321255162499,0.7837539141646712
2023-08-10 19:00:00,0.5686053824162344,1.013077914901455
2023-08-10 20:00:00,0.39493862889348946,0.3011604347025235
2023-08-10 21:00:00,0.38901352789094873,0.04696997605452201
2023-08-10 22:00:00,0.3863574481311891,0.0
2023-08-10 23:00:00,0.38819627258025347,0.0
2023-08-11 00:00:00,0.38901352789094873,0.0
2023-08-11 01:00:00,0.38799195875257964,0.0
2023-08-11 02:00:00,0.38758333109723203,0.0
2023-08-11 03:00:00,0.3824754854053865,0.0
2023-08-11 04:00:00,0.37818489502423636,0.0
2023-08-11 05:00:00,0.38697038961421054,0.0
2023-08-11 06:00:00,0.38288411306073417,0.0
2023-08-11 07:00:00,0.3832927407160818,0.011051759071652238
2023-08-11 08:00:00,0.3804323471286484,0.1731442254558851
2023-08-11 09:00:00,0.38390568219910326,0.637318106465279
2023-08-11 10:00:00,0.4858582822083382,0.6428439860011053
2023-08-11 11:00:00,0.6390936529637015,2.484803831276478
2023-08-11 12:00:00,0.6621811154908428,3.357892797937005
2023-08-11 13:00:00,0.6515567964518043,4.3792595321422
2023-08-11 14:00:00,0.6719881792191861,4.457542825566403
2023-08-11 15:00:00,0.7318521307276147,3.441701970897034
2023-08-11 16:00:00,0.7195933010671857,2.048259347946215
2023-08-11 17:00:00,0.8007058906536911,0.6631055442991343
2023-08-11 18:00:00,0.8317615924601115,0.7598084361760914
2023-08-11 19:00:00,0.5978222597735904,0.957819119543194
2023-08-11 20:00:00,0.5526689038576765,0.29563455516669734
2023-08-11 21:00:00,0.45705003250633,0.049732915822435074
2023-08-11 22:00:00,0.4490817932270511,0.0
2023-08-11 23:00:00,0.43334962849616715,0.0
2023-08-12 00:00:00,0.4349841391175577,0.0
2023-08-12 01:00:00,0.43151080404710274,0.0
2023-08-12 02:00:00,0.4145527563501759,0.0
2023-08-12 03:00:00,0.4135311872118068,0.0
2023-08-12 04:00:00,0.43171511787477657,0.0
2023-08-12 05:00:00,0.41577863931621883,0.0
2023-08-12 06:00:00,0.415574325488545,0.0
2023-08-12 07:00:00,0.3924868629614036,0.004604899613188432
2023-08-12 08:00:00,0.41148804893506863,0.1630134463068705
2023-08-12 09:00:00,0.4047456926218327,0.44483330263400256
2023-08-12 10:00:00,0.40883196917530906,0.8915085651132805
2023-08-12 11:00:00,0.4345755114622101,2.07404678578007
2023-08-12 12:00:00,0.46460964413026123,3.343157119174802
2023-08-12 13:00:00,0.46420101647491363,4.544114938294345
2023-08-12 14:00:00,0.4586845431277205,4.638975870326027
2023-08-12 15:00:00,0.47298651106488776,3.563271320685209
2023-08-12 16:00:00,0.4858582822083382,2.112727942530853
2023-08-12 17:00:00,0.482793574793231,0.7284951188064099
2023-08-12 18:00:00,0.4803418088611452,0.7450727574138883
2023-08-12 19:00:00,0.4668570962346732,1.010314975133542
2023-08-12 20:00:00,0.44152218160311985,0.30208141462516114
2023-08-12 21:00:00,0.4233382509401501,0.045128016209246634
2023-08-12 22:00:00,0.40985353831367816,0.0
2023-08-12 23:00:00,0.3973903948255752,0.0
2023-08-13 00:00:00,0.39207823530605596,0.0
2023-08-13 01:00:00,0.38921784171862256,0.0
2023-08-13 02:00:00,0.3845186236821247,0.0
2023-08-13 03:00:00,0.3845186236821247,0.0
2023-08-13 04:00:00,0.3851315651651462,0.0
2023-08-13 05:00:00,0.3845186236821247,0.0
2023-08-13 06:00:00,0.3841099960267771,0.0
2023-08-13 07:00:00,0.3812496024393437,0.010130779149014552
2023-08-13 08:00:00,0.3755288152644768,0.21643028181985632
2023-08-13 09:00:00,0.3712382248833266,0.6142936083993369
2023-08-13 10:00:00,0.371851166366348,0.5903481304107571
2023-08-13 11:00:00,0.3796150918179531,2.4774359918953768
2023-08-13 12:00:00,0.4102621659690257,3.4647264689629766
2023-08-13 13:00:00,0.4306935487364075,4.557929637133911
2023-08-13 14:00:00,0.4282417828043217,4.60582059311107
2023-08-13 15:00:00,0.46338376116421837,3.589058758519064
2023-08-13 16:00:00,0.45153355915913695,2.0694418861668815
2023-08-13 17:00:00,0.45909317078306816,0.6621845643764966
2023-08-13 18:00:00,0.4378445327049911,0.8684840670473384
2023-08-13 19:00:00,0.4419308092584675,1.145699023761282
2023-08-13 20:00:00,0.4180260914206308,0.29471357524405967
2023-08-13 21:00:00,0.3843143098544509,0.04144409651869589
2023-08-13 22:00:00,0.3924868629614036,0.0
2023-08-13 23:00:00,0.3755288152644768,0.0
2023-08-14 00:00:00,0.37532450143680296,0.0
2023-08-14 01:00:00,0.3747115599537815,0.0
2023-08-14 02:00:00,0.376346070575172,0.0
2023-08-14 03:00:00,0.3755288152644768,0.0
2023-08-14 04:00:00,0.3749158737814553,0.0
2023-08-14 05:00:00,0.37205548019402185,0.0
2023-08-14 06:00:00,0.36878645895124074,0.0
2023-08-14 07:00:00,0.36715194832985026,0.009209799226376865
2023-08-14 08:00:00,0.36980802808960983,0.22840302081414626
2023-08-14 09:00:00,0.37675469823051966,0.6078467489408731
2023-08-14 10:00:00,0.4308978625640813,0.7524405967949899
2023-08-14 11:00:00,0.46440533030258746,2.509670289187696
2023-08-14 12:00:00,0.47155631427117106,3.358813777859643
2023-08-14 13:00:00,0.4686959206837376,4.49438202247191
2023-08-14 14:00:00,0.518548494636149,4.5671394363602875
2023-08-14 15:00:00,0.5353022285054021,3.3974949346104255
2023-08-14 16:00:00,0.5498085102702432,2.041812488487751
2023-08-14 17:00:00,0.47400808020325685,0.9974212562166145
2023-08-14 18:00:00,0.4135311872118068,0.7662552956345552
2023-08-14 19:00:00,0.38656176195886294,0.8270399705286424
2023-08-14 20:00:00,0.3841099960267771,0.32418493276846566
2023-08-14 21:00:00,0.3806366609563222,0.03683919690550746
2023-08-14 22:00:00,0.3812496024393437,0.0
2023-08-14 23:00:00,0.378593522679584,0.0
2023-08-15 00:00:00,0.3745072461261077,0.0
2023-08-15 01:00:00,0.37266842167704334,0.0
2023-08-15 02:00:00,0.3724641078493695,0.0
2023-08-15 03:00:00,0.371851166366348,0.0
2023-08-15 04:00:00,0.3724641078493695,0.0
2023-08-15 05:00:00,0.3722597940216957,0.0
2023-08-15 06:00:00,0.37103391105565275,0.0
2023-08-15 07:00:00,0.3714425387110004,0.011051759071652238
2023-08-15 08:00:00,0.371851166366348,0.20814146251611715
2023-08-15 09:00:00,0.3738943046430862,0.743230797568613
2023-08-15 10:00:00,0.3749158737814553,0.7809909743967581
2023-08-15 11:00:00,0.3779805811965626,2.3116596058205934
2023-08-15 12:00:00,0.3804323471286484,3.3744704365444833
2023-08-15 13:00:00,0.3806366609563222,4.205194326763676
2023-08-15 14:00:00,0.3918739214783822,4.531221219377418
2023-08-15 15:00:00,0.39759470865324903,3.441701970897034
2023-08-15 16:00:00,0.4057672617602018,1.9239270583901271
2023-08-15 17:00:00,0.3990249054469658,0.7837539141646712
2023-08-15 18:00:00,0.40699314472624465,0.6281083072389022
2023-08-15 19:00:00,0.40454137879415886,0.9476883403941794
2023-08-15 20:00:00,0.3834970545437556,0.25879535826118993
2023-08-15 21:00:00,0.383088426888408,0.03499723706023209
2023-08-15 22:00:00,0.37879783650725785,0.0
2023-08-15 23:00:00,0.3728727355047171,0.0
2023-08-16 00:00:00,0.3722597940216957,0.0
2023-08-16 01:00:00,0.37328136316006477,0.0
2023-08-16 02:00:00,0.371851166366348,0.0
2023-08-16 03:00:00,0.371851166366348,0.0
2023-08-16 04:00:00,0.3724641078493695,0.0
2023-08-16 05:00:00,0.36224841646567857,0.0
2023-08-16 06:00:00,0.361839788810331,0.0
2023-08-16 07:00:00,0.36102253349963576,0.0027629397679130594
2023-08-16 08:00:00,0.36224841646567857,0.1961687235218272
2023-08-16 09:00:00,0.394325687410468,0.6538957450727574
2023-08-16 10:00:00,0.4629751335088707,1.2184564376496594
2023-08-16 11:00:00,0.4607276814044587,2.464542272978449
2023-08-16 12:00:00,0.5234520265003207,3.2602689261374103
2023-08-16 13:00:00,0.48115906417184046,4.479646343709708
2023-08-16 14:00:00,0.5528732176853505,4.508196721311475
2023-08-16 15:00:00,0.7030438810256064,3.478541167802542
2023-08-16 16:00:00,0.6983446629891086,1.9543193958371707
2023-08-16 17:00:00,0.6791391631877698,0.4899613188432492
2023-08-16 18:00:00,0.5639061643797366,0.5691655921900902
2023-08-16 19:00:00,0.5510343932362861,0.9817645975317737
2023-08-16 20:00:00,0.46440533030258746,0.2661631976422914
2023-08-16 21:00:00,0.42967197959803843,0.0340762571375944
2023-08-16 22:00:00,0.3722597940216957,0.0
2023-08-16 23:00:00,0.3714425387110004,0.0
2023-08-17 00:00:00,0.37001234191728366,0.0
2023-08-17 01:00:00,0.3704209695726313,0.0
2023-08-17 02:00:00,0.37164685253867424,0.0
2023-08-17 03:00:00,0.37266842167704334,0.0
2023-08-17 04:00:00,0.3714425387110004,0.0
2023-08-17 05:00:00,0.37103391105565275,0.0
2023-08-17 06:00:00,0.359592336705919,0.0
2023-08-17 07:00:00,0.3616354749826572,0.0
2023-08-17 08:00:00,0.36102253349963576,0.1160434702523485
2023-08-17 09:00:00,0.37328136316006477,0.4282556640265242
2023-08-17 10:00:00,0.4697174898221067,0.9274267820961503
2023-08-17 11:00:00,0.48994455876181464,2.342051943267637
2023-08-17 12:00:00,0.46215787819817544,3.2740836249769756
2023-08-17 13:00:00,0.43682296356662204,4.428071468041997
2023-08-17 14:00:00,0.45909317078306816,4.254006262663474
2023-08-17 15:00:00,0.48728847900205496,3.237244428071468
2023-08-17 16:00:00,0.4597061122660896,1.8843249217167066
2023-08-17 17:00:00,0.5005688778008531,1.0941241480935715
2023-08-17 18:00:00,0.5093543723908273,0.9292687419414257
2023-08-17 19:00:00,0.415574325488545,0.44483330263400256
2023-08-17 20:00:00,0.41945628821434755,0.24129673973107388
2023-08-17 21:00:00,0.4112837351073948,0.02394547798857985
2023-08-17 22:00:00,0.41169236276274246,0.0
2023-08-17 23:00:00,0.41148804893506863,0.0
2023-08-18 00:00:00,0.410057852141352,0.0
2023-08-18 01:00:00,0.4022939266897469,0.0
2023-08-18 02:00:00,0.403315495828116,0.0
2023-08-18 03:00:00,0.4016809852067254,0.0
2023-08-18 04:00:00,0.39371274592744654,0.0
2023-08-18 05:00:00,0.3971860809979014,0.0
2023-08-18 06:00:00,0.39882059161929195,0.0
2023-08-18 07:00:00,0.3982076501362705,0.0
2023-08-18 08:00:00,0.39596019803185856,0.11420151040707313
2023-08-18 09:00:00,0.3904437246846654,0.5074599373733653
2023-08-18 10:00:00,0.39882059161929195,0.8859826855774544
2023-08-18 11:00:00,0.4131225595564592,2.082335605083809
2023-08-18 12:00:00,0.43375825615151475,3.089887640449438
2023-08-18 13:00:00,0.4280374689766479,4.344262295081967
2023-08-18 14:00:00,0.42272530945712866,4.428992447964634
2023-08-18 15:00:00,0.4423394369138151,3.3367102597163383
2023-08-18 16:00:00,0.43375825615151475,1.801436728679315
2023-08-18 17:00:00,0.4264029583552573,1.0839933689445571
2023-08-18 18:00:00,0.4257900168722359,0.8159882114569903
2023-08-18 19:00:00,0.40556294793252795,0.5544299134278873
2023-08-18 20:00:00,0.4051543202771803,0.2109044022840302
2023-08-18 21:00:00,0.40597157558787555,0.001841959845275373
2023-08-18 22:00:00,0.4006594160683563,0.0
2023-08-18 23:00:00,0.4002507884130087,0.0
2023-08-19 00:00:00,0.3992292192746396,0.0
2023-08-19 01:00:00,0.3992292192746396,0.0
2023-08-19 02:00:00,0.4012723575513778,0.0
2023-08-19 03:00:00,0.3971860809979014,0.0
2023-08-19 04:00:00,0.4051543202771803,0.0
2023-08-19 05:00:00,0.39166960765070835,0.0
2023-08-19 06:00:00,0.3908523523400131,0.0
2023-08-19 07:00:00,0.3980033363085967,0.0
2023-08-19 08:00:00,0.3945300012381418,0.059863694971449624
2023-08-19 09:00:00,0.3951429427211633,0.22840302081414626
2023-08-19 10:00:00,0.39105666616768686,0.5452201142015104
2023-08-19 11:00:00,0.40106804372370397,1.9276109780806778
2023-08-19 12:00:00,0.4061758894155494,2.4755940320501013
2023-08-19 13:00:00,0.40556294793252795,1.9635291950635474
2023-08-19 14:00:00,0.4053586341048541,1.8226192668999817
2023-08-19 15:00:00,0.4041327511388112,1.530668631423835
2023-08-19 16:00:00,0.4012723575513778,0.5166697365997421
2023-08-19 17:00:00,0.3984119639639443,0.4218088045680604
2023-08-19 18:00:00,0.40086372989603014,0.5774544114938295
2023-08-19 19:00:00,0.40290686817276833,0.6096887087861484
2023-08-19 20:00:00,0.4016809852067254,0.2808988764044944
2023-08-19 21:00:00,0.39779902248092286,0.025787437833855224
2023-08-19 22:00:00,0.38758333109723203,0.0
2023-08-19 23:00:00,0.3857445066481676,0.0
2023-08-20 00:00:00,0.3845186236821247,0.0
2023-08-20 01:00:00,0.3863574481311891,0.0
2023-08-20 02:00:00,0.3867660757865367,0.0
2023-08-20 03:00:00,0.3867660757865367,0.0
2023-08-20 04:00:00,0.3867660757865367,0.0
2023-08-20 05:00:00,0.3857445066481676,0.0
2023-08-20 06:00:00,0.3857445066481676,0.0
2023-08-20 07:00:00,0.3834970545437556,0.0
2023-08-20 08:00:00,0.3832927407160818,0.15472462700313133
2023-08-20 09:00:00,0.3861531343035153,0.5774544114938295
2023-08-20 10:00:00,0.3888092140632749,0.8058574323079757
2023-08-20 11:00:00,0.3933041182720989,2.0749677657027075
2023-08-20 12:00:00,0.39269117678907745,2.19745809541352
2023-08-20 13:00:00,0.4125096180734377,4.4160987290477065
2023-08-20 14:00:00,0.4057672617602018,4.452937925953214
2023-08-20 15:00:00,0.4257900168722359,3.3763123963897583
2023-08-20 16:00:00,0.4261986445275835,1.753545772702155
2023-08-20 17:00:00,0.43477982528988385,0.40338920611530665
2023-08-20 18:00:00,0.4380488465326649,0.4899613188432492
2023-08-20 19:00:00,0.43130649021942896,0.8261189906060049
2023-08-20 20:00:00,0.42190805414643334,0.20906244243875483
2023-08-20 21:00:00,0.40658451707089704,0.02394547798857985
2023-08-20 22:00:00,0.3902394108569916,0.0
2023-08-20 23:00:00,0.38819627258025347,0.0
2023-08-21 00:00:00,0.38656176195886294,0.0
2023-08-21 01:00:00,0.3861531343035153,0.0
2023-08-21 02:00:00,0.3857445066481676,0.0
2023-08-21 03:00:00,0.38758333109723203,0.0
2023-08-21 04:00:00,0.3851315651651462,0.0
2023-08-21 05:00:00,0.38533587899282,0.0
2023-08-21 06:00:00,0.3841099960267771,0.0
2023-08-21 07:00:00,0.3841099960267771,0.006446859458463806
2023-08-21 08:00:00,0.37430293229843387,0.17222324553324736
2023-08-21 09:00:00,0.41720883610993553,0.5019340578375391
2023-08-21 10:00:00,0.4979127980410935,0.6704733836802358
2023-08-21 11:00:00,0.5069026064587415,2.303370786516854
2023-08-21 12:00:00,0.5520559623746552,2.937004973291582
2023-08-21 13:00:00,0.5708528345206464,4.0983606557377055
2023-08-21 14:00:00,0.7729192100900519,4.090071836433966
2023-08-21 15:00:00,1.1220915415846062,3.1626450543378155
2023-08-21 16:00:00,1.052011898692487,1.6586848406704735
2023-08-21 17:00:00,1.033827968029517,0.6824461226745258
2023-08-21 18:00:00,0.7163242798244045,0.7100755203536563
2023-08-21 19:00:00,0.6813866152921817,0.7459937373365261
2023-08-21 20:00:00,0.5479696858211788,0.2385337999631608
2023-08-21 21:00:00,0.4192519743866737,0.019340578375391416
2023-08-21 22:00:00,0.40290686817276833,0.0
2023-08-21 23:00:00,0.40188529903439923,0.0
2023-08-22 00:00:00,0.3945300012381418,0.0
2023-08-22 01:00:00,0.3908523523400131,0.0
2023-08-22 02:00:00,0.3902394108569916,0.0
2023-08-22 03:00:00,0.39105666616768686,0.0
2023-08-22 04:00:00,0.3896264693739702,0.0
2023-08-22 05:00:00,0.3894221555462964,0.0
2023-08-22 06:00:00,0.38799195875257964,0.0
2023-08-22 07:00:00,0.38819627258025347,0.0009209799226376865
2023-08-22 08:00:00,0.38799195875257964,0.19064284398600112
2023-08-22 09:00:00,0.39207823530605596,0.5295634555166697
2023-08-22 10:00:00,0.3961645118595324,0.7809909743967581
2023-08-22 11:00:00,0.4470386549503129,2.1514090992816355
2023-08-22 12:00:00,0.6603422910417784,2.7113648922453493
2023-08-22 13:00:00,0.719184673411838,3.869036655000921
2023-08-22 14:00:00,0.6613638601801475,3.974949346104255
2023-08-22 15:00:00,0.5818857812150325,3.075151961687235
2023-08-22 16:00:00,0.7800701940586355,1.548167249953951
2023-08-22 17:00:00,0.7810917631970047,0.46877878062258244
2023-08-22 18:00:00,0.7377772317301554,0.5221956161355682
2023-08-22 19:00:00,0.6119199138830838,0.743230797568613
2023-08-22 20:00:00,0.45888885695539433,0.20998342236139253
2023-08-22 21:00:00,0.4488774793993773,0.017498618530116045
2023-08-22 22:00:00,0.43947904332638166,0.0
2023-08-22 23:00:00,0.42885472428734317,0.0
2023-08-23 00:00:00,0.42660727218293115,0.0
2023-08-23 01:00:00,0.4233382509401501,0.0
2023-08-23 02:00:00,0.4161872669715665,0.0
2023-08-23 03:00:00,0.40556294793252795,0.0
2023-08-23 04:00:00,0.4063802032432232,0.0
2023-08-23 05:00:00,0.40454137879415886,0.0
2023-08-23 06:00:00,0.4022939266897469,0.0
2023-08-23 07:00:00,0.40086372989603014,0.0009209799226376865
2023-08-23 08:00:00,0.4002507884130087,0.1565665868484067
2023-08-23 09:00:00,0.4396833571540555,0.4254927242586112
2023-08-23 10:00:00,0.5959834353245259,0.6069257690182354
2023-08-23 11:00:00,1.0894013291567954,2.262847669920796
2023-08-23 12:00:00,1.2356900297712488,2.8062258242770306
2023-08-23 13:00:00,1.179708040988623,4.06428439860011
2023-08-23 14:00:00,1.2442712105335492,4.067047338368023
2023-08-23 15:00:00,1.009105994880985,3.0889666605268005
2023-08-23 16:00:00,1.260003375264433,1.4901455148277767
2023-08-23 17:00:00,1.5513548935272972,0.4835144593847854
2023-08-23 18:00:00,1.030558946786736,0.5148277767544668
2023-08-23 19:00:00,0.7763925451605069,0.7763860747835698
2023-08-23 20:00:00,0.4161872669715665,0.12985816909191378
2023-08-23 21:00:00,0.4022939266897469,0.009209799226376865
2023-08-23 22:00:00,0.4027025543450945,0.0
2023-08-23 23:00:00,0.40208961286207306,0.0
2023-08-24 00:00:00,0.40290686817276833,0.0
2023-08-24 01:00:00,0.40147667137905163,0.0
2023-08-24 02:00:00,0.3984119639639443,0.0
2023-08-24 03:00:00,0.3992292192746396,0.0
2023-08-24 04:00:00,0.3994335331023134,0.0
2023-08-24 05:00:00,0.3843143098544509,0.0
2023-08-24 06:00:00,0.38656176195886294,0.0
2023-08-24 07:00:00,0.3851315651651462,0.0
2023-08-24 08:00:00,0.3935084320997727,0.12156934978817463
2023-08-24 09:00:00,0.4664484685793256,0.4162829250322343
2023-08-24 10:00:00,0.6141673659874957,1.1585927426782097
2023-08-24 11:00:00,0.6027257916377619,2.369681340946767
2023-08-24 12:00:00,0.6286736477523368,3.0171302265610613
2023-08-24 13:00:00,0.717958790445795,4.265058021735126
2023-08-24 14:00:00,0.9128741820466171,4.296371339104807
2023-08-24 15:00:00,0.8282882573896566,3.2575059863694973
2023-08-24 16:00:00,0.8617957251281626,1.5785595874009948
2023-08-24 17:00:00,0.9159388894617243,0.5553508933505249
2023-08-24 18:00:00,0.44765159643333435,0.5507459937373365
2023-08-24 19:00:00,0.45030767619309403,0.7616503960213667
2023-08-24 20:00:00,0.4280374689766479,0.21643028181985632
2023-08-24 21:00:00,0.4210907988357381,0.016577638607478358
2023-08-24 22:00:00,0.4121009904180901,0.0
2023-08-24 23:00:00,0.40903628300298284,0.0
2023-08-25 00:00:00,0.40699314472624465,0.0
2023-08-25 01:00:00,0.4061758894155494,0.0
2023-08-25 02:00:00,0.40372412348346354,0.0
2023-08-25 03:00:00,0.39779902248092286,0.0
2023-08-25 04:00:00,0.3873790172695582,0.0
2023-08-25 05:00:00,0.38717470344188437,0.0
2023-08-25 06:00:00,0.38799195875257964,0.0
2023-08-25 07:00:00,0.3873790172695582,0.0
2023-08-25 08:00:00,0.3961645118595324,0.09854485172223246
2023-08-25 09:00:00,0.42088648500806425,0.5000920979922638
2023-08-25 10:00:00,0.6356203178932466,0.7367839381101492
2023-08-25 11:00:00,0.6278563924416415,1.8051206483698656
2023-08-25 12:00:00,0.5886281375282686,2.004052311659606
2023-08-25 13:00:00,0.5440877230953763,2.787806225824277
2023-08-25 14:00:00,0.6096724617786717,2.55571928531958
2023-08-25 15:00:00,0.7410462529729365,3.207773070547062
2023-08-25 16:00:00,0.588015196045247,1.4744888561429361
2023-08-25 17:00:00,0.5326461487456425,0.7248111991158592
2023-08-25 18:00:00,0.44642571346729143,0.7579664763308159
2023-08-25 19:00:00,0.41680020845458793,0.7791490145514828
2023-08-25 20:00:00,0.39391705975512037,0.1841959845275373
2023-08-25 21:00:00,0.39493862889348946,0.01841959845275373
2023-08-25 22:00:00,0.38983078320164405,0.0
2023-08-25 23:00:00,0.3886049002356011,0.0
2023-08-26 00:00:00,0.38819627258025347,0.0
2023-08-26 01:00:00,0.38697038961421054,0.0
2023-08-26 02:00:00,0.3877876449249058,0.0
2023-08-26 03:00:00,0.3863574481311891,0.0
2023-08-26 04:00:00,0.38145391626701747,0.0
2023-08-26 05:00:00,0.3773676397135411,0.0
2023-08-26 06:00:00,0.37777626736888875,0.0
2023-08-26 07:00:00,0.3775719535412149,0.0
2023-08-26 08:00:00,0.37675469823051966,0.12801620924663842
2023-08-26 09:00:00,0.37818489502423636,0.36470804936452383
2023-08-26 10:00:00,0.38104528861166986,0.4835144593847854
2023-08-26 11:00:00,0.3822711715777128,2.508749309265058
2023-08-26 12:00:00,0.38697038961421054,3.214219930005526
2023-08-26 13:00:00,0.3914652938230345,4.536747098913244
2023-08-26 14:00:00,0.3922825491337298,4.583717074967765
2023-08-26 15:00:00,0.39677745334255377,3.3993368944557005
2023-08-26 16:00:00,0.42374687859549776,1.5776386074783568
2023-08-26 17:00:00,0.39473431506581563,0.40154724627003135
2023-08-26 18:00:00,0.41067079362437336,0.4733836802357708
2023-08-26 19:00:00,0.3963688256872061,0.7957266531589612
2023-08-26 20:00:00,0.3963688256872061,0.1915638239086388
2023-08-26 21:00:00,0.3928954906167513,0.012893718916927612
2023-08-26 22:00:00,0.3914652938230345,0.0
2023-08-26 23:00:00,0.3908523523400131,0.0
2023-08-27 00:00:00,0.38554019282049384,0.0
2023-08-27 01:00:00,0.37920646416260545,0.0
2023-08-27 02:00:00,0.38002371947330077,0.0
2023-08-27 03:00:00,0.3804323471286484,0.0
2023-08-27 04:00:00,0.37920646416260545,0.0
2023-08-27 05:00:00,0.37777626736888875,0.0
2023-08-27 06:00:00,0.38104528861166986,0.0
2023-08-27 07:00:00,0.37716332588586726,0.0
2023-08-27 08:00:00,0.3708295972279789,0.11880641002026156
2023-08-27 09:00:00,0.3769590120581935,0.3426045312212194
2023-08-27 10:00:00,0.37879783650725785,0.46601584085466935
2023-08-27 11:00:00,0.38267979923306034,2.514275188800884
2023-08-27 12:00:00,0.3845186236821247,3.2132989500828884
2023-08-27 13:00:00,0.38492725133747235,4.040338920611531
2023-08-27 14:00:00,0.38983078320164405,4.551482777675447
2023-08-27 15:00:00,0.39207823530605596,3.346841038865353
2023-08-27 16:00:00,0.3994335331023134,1.4846196352919505
2023-08-27 17:00:00,0.4233382509401501,0.45496408178301717
2023-08-27 18:00:00,0.4206821711803905,0.5037760176828145
2023-08-27 19:00:00,0.39779902248092286,0.6916559219009026
2023-08-27 20:00:00,0.39003509702931777,0.1768281451464358
2023-08-27 21:00:00,0.38983078320164405,0.016577638607478358
2023-08-27 22:00:00,0.38799195875257964,0.0
2023-08-27 23:00:00,0.38921784171862256,0.0
2023-08-28 00:00:00,0.3790021503349317,0.0
2023-08-28 01:00:00,0.3794107779902793,0.0
2023-08-28 02:00:00,0.38084097478399603,0.0
2023-08-28 03:00:00,0.37981940564562694,0.0
2023-08-28 04:00:00,0.3773676397135411,0.0
2023-08-28 05:00:00,0.37368999081541243,0.0
2023-08-28 06:00:00,0.37001234191728366,0.0
2023-08-28 07:00:00,0.36980802808960983,0.0
2023-08-28 08:00:00,0.3747115599537815,0.1031497513354209
2023-08-28 09:00:00,0.37777626736888875,0.296555535089335
2023-08-28 10:00:00,0.439070415671034,0.3960213667342052
2023-08-28 11:00:00,0.5277426168814708,2.159697918585375
2023-08-28 12:00:00,0.5226347711896254,2.9775280898876404
2023-08-28 13:00:00,0.5081284894247844,4.372812672683736
2023-08-28 14:00:00,0.49137475555553134,4.4087308896666055
2023-08-28 15:00:00,0.5028163299052651,3.265794805673236
2023-08-28 16:00:00,0.46031905374911103,1.4404125990053418
2023-08-28 17:00:00,0.4278331551489741,0.3462884509117702
2023-08-28 18:00:00,0.3802280333009746,0.4190458648001474
2023-08-28 19:00:00,0.37368999081541243,0.7533615767176276
2023-08-28 20:00:00,0.3724641078493695,0.18787990421808803
2023-08-28 21:00:00,0.3722597940216957,0.009209799226376865
2023-08-28 22:00:00,0.3724641078493695,0.0
2023-08-28 23:00:00,0.3738943046430862,0.0
2023-08-29 00:00:00,0.3724641078493695,0.0
2023-08-29 01:00:00,0.37205548019402185,0.0
2023-08-29 02:00:00,0.3714425387110004,0.0
2023-08-29 03:00:00,0.37164685253867424,0.0
2023-08-29 04:00:00,0.3714425387110004,0.0
2023-08-29 05:00:00,0.371851166366348,0.0
2023-08-29 06:00:00,0.37164685253867424,0.0
2023-08-29 07:00:00,0.3712382248833266,0.0
2023-08-29 08:00:00,0.37103391105565275,0.108675630871247
2023-08-29 09:00:00,0.4192519743866737,0.32878983238165405
2023-08-29 10:00:00,0.42190805414643334,0.5765334315711917
2023-08-29 11:00:00,0.5355065423330759,2.12193774175723
2023-08-29 12:00:00,0.5328504625733163,2.9922637686498432
2023-08-29 13:00:00,0.4758469046523212,4.234665684288083
2023-08-29 14:00:00,0.4658355270963041,4.367286793147909
2023-08-29 15:00:00,0.5929187279094187,3.216982869773439
2023-08-29 16:00:00,0.6819995567752032,1.3077914901455148
2023-08-29 17:00:00,0.6033387331207835,0.3462884509117702
2023-08-29 18:00:00,0.44969473471007254,0.4512801620924664
2023-08-29 19:00:00,0.383088426888408,0.7119174801989316
2023-08-29 20:00:00,0.3847229375097985,0.1648554061521459
2023-08-29 21:00:00,0.3816582300946913,0.007367839381101492
2023-08-29 22:00:00,0.383088426888408,0.0
2023-08-29 23:00:00,0.3738943046430862,0.0
2023-08-30 00:00:00,0.38206685775003896,0.0
2023-08-30 01:00:00,0.37307704933239094,0.0
2023-08-30 02:00:00,0.3728727355047171,0.0
2023-08-30 03:00:00,0.3728727355047171,0.0
2023-08-30 04:00:00,0.37307704933239094,0.0
2023-08-30 05:00:00,0.37328136316006477,0.0
2023-08-30 06:00:00,0.3728727355047171,0.0
2023-08-30 07:00:00,0.37307704933239094,0.0
2023-08-30 08:00:00,0.3728727355047171,0.11880641002026156
2023-08-30 09:00:00,0.3873790172695582,0.34536747098913245
2023-08-30 10:00:00,0.5277426168814708,0.5268005157487566
2023-08-30 11:00:00,0.4948480906259862,2.4019156382390863
2023-08-30 12:00:00,0.522021829706604,3.062258242770308
2023-08-30 13:00:00,0.48156769182718806,4.21164118622214
2023-08-30 14:00:00,0.5610457707923031,4.209799226376865
2023-08-30 15:00:00,0.5095586862185011,3.0981764597531773
2023-08-30 16:00:00,0.5081284894247844,1.2847669920795726
2023-08-30 17:00:00,0.5449049784060715,0.45220114201510403
2023-08-30 18:00:00,0.40392843731113737,0.464173881009394
2023-08-30 19:00:00,0.39269117678907745,0.6419230060784675
2023-08-30 20:00:00,0.3822711715777128,0.16117148646159513
2023-08-30 21:00:00,0.383088426888408,0.009209799226376865
2023-08-30 22:00:00,0.3834970545437556,0.0
2023-08-30 23:00:00,0.37368999081541243,0.0
2023-08-31 00:00:00,0.37328136316006477,0.0
2023-08-31 01:00:00,0.3818625439223651,0.0
2023-08-31 02:00:00,0.37307704933239094,0.0
2023-08-31 03:00:00,0.37328136316006477,0.0
2023-08-31 04:00:00,0.37368999081541243,0.0
2023-08-31 05:00:00,0.3728727355047171,0.0
2023-08-31 06:00:00,0.3728727355047171,0.0
2023-08-31 07:00:00,0.37328136316006477,0.0
2023-08-31 08:00:00,0.37307704933239094,0.1022287714127832
2023-08-31 09:00:00,0.44765159643333435,0.26432123779701605
2023-08-31 10:00:00,0.4952567182813339,0.34536747098913245
2023-08-31 11:00:00,0.5444963507507239,2.3365260637318106
2023-08-31 12:00:00,0.5400014465419,2.8983238165407994
2023-08-31 13:00:00,0.5181398669808014,4.204273346841038
2023-08-31 14:00:00,0.5581853772048696,4.268741941425676
2023-08-31 15:00:00,0.5218175158789302,3.167249953951004
2023-08-31 16:00:00,0.4948480906259862,1.2488487750967028
2023-08-31 17:00:00,0.5822944088703802,0.3205010130779149
2023-08-31 18:00:00,0.4484688517440297,0.3545772702155093
2023-08-31 19:00:00,0.3714425387110004,0.6861300423650764
2023-08-31 20:00:00,0.3714425387110004,0.1482777675446675
2023-08-31 21:00:00,0.37103391105565275,0.003683919690550746
2023-08-31 22:00:00,0.37103391105565275,0.0
2023-08-31 23:00:00,0.37103391105565275,0.0
2023-09-01 00:00:00,0.3708295972279789,0.0
2023-09-01 01:00:00,0.37062528340030515,0.0
2023-09-01 02:00:00,0.37062528340030515,0.0
2023-09-01 03:00:00,0.37062528340030515,0.0
2023-09-01 04:00:00,0.37062528340030515,0.0
2023-09-01 05:00:00,0.3708295972279789,0.0
2023-09-01 06:00:00,0.3702166557449575,0.0
2023-09-01 07:00:00,0.3702166557449575,0.0
2023-09-01 08:00:00,0.3702166557449575,0.13077914901455148
2023-09-01 09:00:00,0.38206685775003896,0.46048996131884323
2023-09-01 10:00:00,0.39003509702931777,0.39049548719837907
2023-09-01 11:00:00,0.4979127980410935,2.397310738625898
2023-09-01 12:00:00,0.4699218036497805,2.2453490513906798
2023-09-01 13:00:00,0.4977084842134197,3.5273531037023393
2023-09-01 14:00:00,0.4858582822083382,3.669184011788543
2023-09-01 15:00:00,0.5585940048602173,2.3273162645054337
2023-09-01 16:00:00,0.5567551804111529,1.6089519248480384
2023-09-01 17:00:00,0.5254951647770588,1.2230613372628476
2023-09-01 18:00:00,0.37593744291982445,0.8620372075888745
2023-09-01 19:00:00,0.3712382248833266,0.39878430650211827
2023-09-01 20:00:00,0.3708295972279789,0.1363050285503776
2023-09-01 21:00:00,0.3708295972279789,0.005525879535826119
2023-09-01 22:00:00,0.37062528340030515,0.0
2023-09-01 23:00:00,0.3702166557449575,0.0
2023-09-02 00:00:00,0.3702166557449575,0.0
2023-09-02 01:00:00,0.37062528340030515,0.0
2023-09-02 02:00:00,0.37001234191728366,0.0
2023-09-02 03:00:00,0.3702166557449575,0.0
2023-09-02 04:00:00,0.3702166557449575,0.0
2023-09-02 05:00:00,0.3702166557449575,0.0
2023-09-02 06:00:00,0.3704209695726313,0.0
2023-09-02 07:00:00,0.37001234191728366,0.0
2023-09-02 08:00:00,0.37001234191728366,0.09393995210904402
2023-09-02 09:00:00,0.37001234191728366,0.40523116596058206
2023-09-02 10:00:00,0.3693994004342622,0.2578743783385522
2023-09-02 11:00:00,0.36980802808960983,0.14090992816356604
2023-09-02 12:00:00,0.369603714261936,0.7653343157119175
2023-09-02 13:00:00,0.3702166557449575,3.4868299871062813
2023-09-02 14:00:00,0.37001234191728366,2.172591637502302
2023-09-02 15:00:00,0.3704209695726313,2.6478172775833486
2023-09-02 16:00:00,0.3702166557449575,1.6550009209799228
2023-09-02 17:00:00,0.3702166557449575,1.1991158592742677
2023-09-02 18:00:00,0.3702166557449575,0.881377785964266
2023-09-02 19:00:00,0.3702166557449575,0.725732179038497
2023-09-02 20:00:00,0.37001234191728366,0.18235402468226192
2023-09-02 21:00:00,0.3702166557449575,0.008288819303739179
2023-09-02 22:00:00,0.3702166557449575,0.0
2023-09-02 23:00:00,0.3702166557449575,0.0
2023-09-03 00:00:00,0.3702166557449575,0.0
2023-09-03 01:00:00,0.3702166557449575,0.0
2023-09-03 02:00:00,0.3702166557449575,0.0
2023-09-03 03:00:00,0.3704209695726313,0.0
2023-09-03 04:00:00,0.3702166557449575,0.0
2023-09-03 05:00:00,0.3702166557449575,0.0
2023-09-03 06:00:00,0.3702166557449575,0.0
2023-09-03 07:00:00,0.37001234191728366,0.0
2023-09-03 08:00:00,0.369603714261936,0.04881193589979738
2023-09-03 09:00:00,0.36980802808960983,0.18603794437281268
2023-09-03 10:00:00,0.37001234191728366,0.8390127095229325
2023-09-03 11:00:00,0.3704209695726313,0.8970344446491065
2023-09-03 12:00:00,0.3702166557449575,0.45404310186037944
2023-09-03 13:00:00,0.37001234191728366,0.6842880825198011
2023-09-03 14:00:00,0.36980802808960983,0.8270399705286424
2023-09-03 15:00:00,0.37001234191728366,1.7544667526247928
2023-09-03 16:00:00,0.36980802808960983,0.9550561797752809
2023-09-03 17:00:00,0.3704209695726313,0.992816356603426
2023-09-03 18:00:00,0.37001234191728366,0.6327132068520906
2023-09-03 19:00:00,0.3702166557449575,0.2864247559403205
2023-09-03 20:00:00,0.36980802808960983,0.0340762571375944
2023-09-03 21:00:00,0.369603714261936,0.0
2023-09-03 22:00:00,0.3702166557449575,0.0
2023-09-03 23:00:00,0.3702166557449575,0.0
2023-09-04 00:00:00,0.37001234191728366,0.0
2023-09-04 01:00:00,0.37001234191728366,0.0
2023-09-04 02:00:00,0.3702166557449575,0.0
2023-09-04 03:00:00,0.3704209695726313,0.0
2023-09-04 04:00:00,0.3704209695726313,0.0
2023-09-04 05:00:00,0.3702166557449575,0.0
2023-09-04 06:00:00,0.3704209695726313,0.0
2023-09-04 07:00:00,0.3704209695726313,0.0
2023-09-04 08:00:00,0.37512018760912913,0.10775465094860931
2023-09-04 09:00:00,0.3982076501362705,0.2606373181064653
2023-09-04 10:00:00,0.3841099960267771,0.3057653343157119
2023-09-04 11:00:00,0.5904669619773328,2.3521827224166514
2023-09-04 12:00:00,0.6012955948440453,1.9957634923558667
2023-09-04 13:00:00,0.5706485206929726,1.3473936268189355
2023-09-04 14:00:00,0.6241787435435128,1.0646527905691656
2023-09-04 15:00:00,0.6699450409424479,0.4236507644133358
2023-09-04 16:00:00,0.6484920890366971,0.5166697365997421
2023-09-04 17:00:00,0.6272434509586201,0.8288819303739179
2023-09-04 18:00:00,0.5109888830122178,0.5940320501013078
2023-09-04 19:00:00,0.38799195875257964,0.18880088414072574
2023-09-04 20:00:00,0.37062528340030515,0.04236507644133358
2023-09-04 21:00:00,0.37103391105565275,0.0
2023-09-04 22:00:00,0.3708295972279789,0.0
2023-09-04 23:00:00,0.37164685253867424,0.0
2023-09-05 00:00:00,0.3702166557449575,0.0
2023-09-05 01:00:00,0.3702166557449575,0.0
2023-09-05 02:00:00,0.3702166557449575,0.0
2023-09-05 03:00:00,0.37001234191728366,0.0
2023-09-05 04:00:00,0.3702166557449575,0.0
2023-09-05 05:00:00,0.3702166557449575,0.0
2023-09-05 06:00:00,0.3702166557449575,0.0
2023-09-05 07:00:00,0.3708295972279789,0.0
2023-09-05 08:00:00,0.37062528340030515,0.049732915822435074
2023-09-05 09:00:00,0.3863574481311891,0.3932584269662921
2023-09-05 10:00:00,0.42987629342571226,0.7165223798121201
2023-09-05 11:00:00,0.647470519898328,2.065757966476331
2023-09-05 12:00:00,0.5874022545622256,1.6319764229139806
2023-09-05 13:00:00,0.4249727615615406,1.4892245349051392
2023-09-05 14:00:00,0.44765159643333435,1.783938110149199
2023-09-05 15:00:00,0.48054612268881897,2.7389942899244795
2023-09-05 16:00:00,0.5898540204943115,0.7763860747835698
2023-09-05 17:00:00,0.5498085102702432,0.9992632160618898
2023-09-05 18:00:00,0.41537001166087123,0.4402284030208142
2023-09-05 19:00:00,0.36980802808960983,0.41996684472278506
2023-09-05 20:00:00,0.37001234191728366,0.13446306870510222
2023-09-05 21:00:00,0.37001234191728366,0.0
2023-09-05 22:00:00,0.37001234191728366,0.0
2023-09-05 23:00:00,0.3702166557449575,0.0
2023-09-06 00:00:00,0.37001234191728366,0.0
2023-09-06 01:00:00,0.36980802808960983,0.0
2023-09-06 02:00:00,0.36980802808960983,0.0
2023-09-06 03:00:00,0.369603714261936,0.0
2023-09-06 04:00:00,0.36980802808960983,0.0
2023-09-06 05:00:00,0.36980802808960983,0.0
2023-09-06 06:00:00,0.37062528340030515,0.0
2023-09-06 07:00:00,0.36899077277891457,0.0
2023-09-06 08:00:00,0.36878645895124074,0.10959661079388469
2023-09-06 09:00:00,0.37103391105565275,0.45220114201510403
2023-09-06 10:00:00,0.47278219723721393,0.7736231350156566
2023-09-06 11:00:00,0.6462446369322852,1.4164671210167619
2023-09-06 12:00:00,0.7665854814321637,2.809909743967581
2023-09-06 13:00:00,0.6268348233032724,4.0283661816172405
2023-09-06 14:00:00,0.5808642120766634,4.1002026155829805
2023-09-06 15:00:00,0.7038611363363017,2.214956713943636
2023-09-06 16:00:00,0.6844513227072889,1.486461595137226
2023-09-06 17:00:00,0.6768917110833577,1.2995026708417756
2023-09-06 18:00:00,0.48218063331020955,0.9651869589242955
2023-09-06 19:00:00,0.3708295972279789,0.6483698655369313
2023-09-06 20:00:00,0.3704209695726313,0.22103518143304474
2023-09-06 21:00:00,0.3708295972279789,0.0009209799226376865
2023-09-06 22:00:00,0.37103391105565275,0.0
2023-09-06 23:00:00,0.3712382248833266,0.0
2023-09-07 00:00:00,0.37062528340030515,0.0
2023-09-07 01:00:00,0.37062528340030515,0.0
2023-09-07 02:00:00,0.3704209695726313,0.0
2023-09-07 03:00:00,0.3704209695726313,0.0
2023-09-07 04:00:00,0.37164685253867424,0.0
2023-09-07 05:00:00,0.3702166557449575,0.0
2023-09-07 06:00:00,0.3702166557449575,0.0
2023-09-07 07:00:00,0.37001234191728366,0.0
2023-09-07 08:00:00,0.3693994004342622,0.08657211272794255
2023-09-07 09:00:00,0.40147667137905163,0.4291766439491619
2023-09-07 10:00:00,0.4439739475352057,0.898876404494382
2023-09-07 11:00:00,0.7788443110925928,1.797752808988764
2023-09-07 12:00:00,0.7800701940586355,2.873457358629582
2023-09-07 13:00:00,0.7332823275213314,3.980475225640081
2023-09-07 14:00:00,0.8170509968675965,4.268741941425676
2023-09-07 15:00:00,0.7416591944559578,3.0475225640081045
2023-09-07 16:00:00,0.8538274858488838,1.058205931110702
2023-09-07 17:00:00,0.7955980449618457,0.44483330263400256
2023-09-07 18:00:00,0.5792297014552729,0.42457174433597344
2023-09-07 19:00:00,0.37307704933239094,0.5360103149751336
2023-09-07 20:00:00,0.3734856769877386,0.07920427334684105
2023-09-07 21:00:00,0.37368999081541243,0.0
2023-09-07 22:00:00,0.37368999081541243,0.0
2023-09-07 23:00:00,0.37328136316006477,0.0
2023-09-08 00:00:00,0.3734856769877386,0.0
2023-09-08 01:00:00,0.3728727355047171,0.0
2023-09-08 02:00:00,0.37307704933239094,0.0
2023-09-08 03:00:00,0.3728727355047171,0.0
2023-09-08 04:00:00,0.37307704933239094,0.0
2023-09-08 05:00:00,0.3728727355047171,0.0
2023-09-08 06:00:00,0.3728727355047171,0.0
2023-09-08 07:00:00,0.37368999081541243,0.0
2023-09-08 08:00:00,0.3734856769877386,0.10038681156750784
2023-09-08 09:00:00,0.39882059161929195,0.3398415914533063
2023-09-08 10:00:00,0.38084097478399603,0.540615214588322
2023-09-08 11:00:00,0.39657313951487994,2.203904954871984
2023-09-08 12:00:00,0.4112837351073948,2.416651317001289
2023-09-08 13:00:00,0.4000464745853349,2.8034628845091176
2023-09-08 14:00:00,0.41046647979669953,3.242770307607294
2023-09-08 15:00:00,0.5916928449433758,3.0244980659421623
2023-09-08 16:00:00,0.48422377158694774,0.8822987658869037
2023-09-08 17:00:00,0.44050061246475075,0.5783753914164671
2023-09-08 18:00:00,0.3775719535412149,0.6907349419782649
2023-09-08 19:00:00,0.3728727355047171,0.3490513906796832
2023-09-08 20:00:00,0.37266842167704334,0.08473015288266716
2023-09-08 21:00:00,0.3728727355047171,0.0
2023-09-08 22:00:00,0.37307704933239094,0.0
2023-09-08 23:00:00,0.3728727355047171,0.0
2023-09-09 00:00:00,0.37266842167704334,0.0
2023-09-09 01:00:00,0.3728727355047171,0.0
2023-09-09 02:00:00,0.37307704933239094,0.0
2023-09-09 03:00:00,0.3728727355047171,0.0
2023-09-09 04:00:00,0.37307704933239094,0.0
2023-09-09 05:00:00,0.37307704933239094,0.0
2023-09-09 06:00:00,0.3728727355047171,0.0
2023-09-09 07:00:00,0.37307704933239094,0.0
2023-09-09 08:00:00,0.37307704933239094,0.08288819303739178
2023-09-09 09:00:00,0.3728727355047171,0.28366181617240743
2023-09-09 10:00:00,0.3728727355047171,0.637318106465279
2023-09-09 11:00:00,0.37266842167704334,1.1245164855406151
2023-09-09 12:00:00,0.3734856769877386,1.9939215325105915
2023-09-09 13:00:00,0.3734856769877386,4.0228403020814145
2023-09-09 14:00:00,0.37368999081541243,2.1099650027629395
2023-09-09 15:00:00,0.37409861847076004,2.7804383864431754
2023-09-09 16:00:00,0.3734856769877386,1.1318843249217168
2023-09-09 17:00:00,0.3728727355047171,0.464173881009394
2023-09-09 18:00:00,0.37328136316006477,0.4218088045680604
2023-09-09 19:00:00,0.37328136316006477,0.5387732547430466
2023-09-09 20:00:00,0.37307704933239094,0.10591269110333396
2023-09-09 21:00:00,0.3728727355047171,0.0
2023-09-09 22:00:00,0.3728727355047171,0.0
2023-09-09 23:00:00,0.37307704933239094,0.0
2023-09-10 00:00:00,0.3728727355047171,0.0
2023-09-10 01:00:00,0.3728727355047171,0.0
2023-09-10 02:00:00,0.3728727355047171,0.0
2023-09-10 03:00:00,0.37307704933239094,0.0
2023-09-10 04:00:00,0.37266842167704334,0.0
2023-09-10 05:00:00,0.3734856769877386,0.0
2023-09-10 06:00:00,0.37307704933239094,0.0
2023-09-10 07:00:00,0.37307704933239094,0.0
2023-09-10 08:00:00,0.37307704933239094,0.12341130963345
2023-09-10 09:00:00,0.3734856769877386,0.33707865168539325
2023-09-10 10:00:00,0.3728727355047171,0.5811383311843802
2023-09-10 11:00:00,0.37328136316006477,1.5638239086387917
2023-09-10 12:00:00,0.37328136316006477,2.2849511880641002
2023-09-10 13:00:00,0.37328136316006477,2.4369128752993188
2023-09-10 14:00:00,0.3734856769877386,2.4019156382390863
2023-09-10 15:00:00,0.37328136316006477,1.9082703997052863
2023-09-10 16:00:00,0.3728727355047171,1.659605820593111
2023-09-10 17:00:00,0.3728727355047171,0.9679498986922085
2023-09-10 18:00:00,0.37307704933239094,0.13814698839565298
2023-09-10 19:00:00,0.3728727355047171,0.1777491250690735
2023-09-10 20:00:00,0.37266842167704334,0.06538957450727574
2023-09-10 21:00:00,0.3728727355047171,0.0
2023-09-10 22:00:00,0.3728727355047171,0.0
2023-09-10 23:00:00,0.37307704933239094,0.0
2023-09-11 00:00:00,0.37307704933239094,0.0
2023-09-11 01:00:00,0.3728727355047171,0.0
2023-09-11 02:00:00,0.37307704933239094,0.0
2023-09-11 03:00:00,0.3728727355047171,0.0
2023-09-11 04:00:00,0.37307704933239094,0.0
2023-09-11 05:00:00,0.37328136316006477,0.0
2023-09-11 06:00:00,0.3734856769877386,0.0
2023-09-11 07:00:00,0.3734856769877386,0.0
2023-09-11 08:00:00,0.37328136316006477,0.06354761466200036
2023-09-11 09:00:00,0.41863903290365223,0.44483330263400256
2023-09-11 10:00:00,0.44928610705472494,0.7708601952477435
2023-09-11 11:00:00,0.7316478168999409,0.466936820777307
2023-09-11 12:00:00,0.7030438810256064,1.3741020445754282
2023-09-11 13:00:00,0.6897634822268083,2.3429729231902745
2023-09-11 14:00:00,0.7531007688056917,2.8799042180880456
2023-09-11 15:00:00,0.7557568485654513,1.8511696445017498
2023-09-11 16:00:00,0.7461540986647819,0.9697918585374838
2023-09-11 17:00:00,0.7408419391452626,0.8721679867378891
2023-09-11 18:00:00,0.5514430208916338,0.6483698655369313
2023-09-11 19:00:00,0.3714425387110004,0.4724627003131332
2023-09-11 20:00:00,0.3712382248833266,0.09393995210904402
2023-09-11 21:00:00,0.3712382248833266,0.0
2023-09-11 22:00:00,0.3714425387110004,0.0
2023-09-11 23:00:00,0.3712382248833266,0.0
2023-09-12 00:00:00,0.3722597940216957,0.0
2023-09-12 01:00:00,0.37103391105565275,0.0
2023-09-12 02:00:00,0.37103391105565275,0.0
2023-09-12 03:00:00,0.37103391105565275,0.0
2023-09-12 04:00:00,0.3712382248833266,0.0
2023-09-12 05:00:00,0.3712382248833266,0.0
2023-09-12 06:00:00,0.3712382248833266,0.0
2023-09-12 07:00:00,0.3714425387110004,0.0
2023-09-12 08:00:00,0.3714425387110004,0.056179775280898875
2023-09-12 09:00:00,0.3857445066481676,0.2744520169460306
2023-09-12 10:00:00,0.3957558842041847,0.7791490145514828
2023-09-12 11:00:00,0.6550301315222593,1.9782648738257504
2023-09-12 12:00:00,0.6045646160868263,3.040154724627003
2023-09-12 13:00:00,0.6836340673965937,3.533799963160803
2023-09-12 14:00:00,0.788651374820936,3.5494566218456436
2023-09-12 15:00:00,0.7328736998659837,2.9213483146067416
2023-09-12 16:00:00,0.7573913591868419,0.9790016577638607
2023-09-12 17:00:00,0.7430893912496747,0.384969607662553
2023-09-12 18:00:00,0.529785755158209,0.43930742309817644
2023-09-12 19:00:00,0.3722597940216957,0.45404310186037944
2023-09-12 20:00:00,0.37164685253867424,0.09117701234113096
2023-09-12 21:00:00,0.37164685253867424,0.0
2023-09-12 22:00:00,0.3712382248833266,0.0
2023-09-12 23:00:00,0.37164685253867424,0.0
2023-09-13 00:00:00,0.3714425387110004,0.0
2023-09-13 01:00:00,0.3712382248833266,0.0
2023-09-13 02:00:00,0.3714425387110004,0.0
2023-09-13 03:00:00,0.3712382248833266,0.0
2023-09-13 04:00:00,0.3714425387110004,0.0
2023-09-13 05:00:00,0.3708295972279789,0.0
2023-09-13 06:00:00,0.3714425387110004,0.0
2023-09-13 07:00:00,0.371851166366348,0.0
2023-09-13 08:00:00,0.3712382248833266,0.059863694971449624
2023-09-13 09:00:00,0.38901352789094873,0.16117148646159513
2023-09-13 10:00:00,0.4135311872118068,0.24129673973107388
2023-09-13 11:00:00,0.6311254136844227,2.106281083072389
2023-09-13 12:00:00,0.7089689820281472,2.8725363787069442
2023-09-13 13:00:00,0.6489007166920447,4.161908270399705
2023-09-13 14:00:00,0.7367556625917864,4.058758519064284
2023-09-13 15:00:00,0.7784356834372451,2.7804383864431754
2023-09-13 16:00:00,0.8049964810348414,0.8878246454227299
2023-09-13 17:00:00,0.7355297796257434,0.4770675999263216
2023-09-13 18:00:00,0.6178450148856244,0.340762571375944
2023-09-13 19:00:00,0.37164685253867424,0.47430466015840855
2023-09-13 20:00:00,0.3693994004342622,0.07367839381101492
2023-09-13 21:00:00,0.37001234191728366,0.0
2023-09-13 22:00:00,0.3702166557449575,0.0
2023-09-13 23:00:00,0.37062528340030515,0.0
2023-09-14 00:00:00,0.37001234191728366,0.0
2023-09-14 01:00:00,0.37001234191728366,0.0
2023-09-14 02:00:00,0.37001234191728366,0.0
2023-09-14 03:00:00,0.369603714261936,0.0
2023-09-14 04:00:00,0.37001234191728366,0.0
2023-09-14 05:00:00,0.37001234191728366,0.0
2023-09-14 06:00:00,0.36980802808960983,0.0
2023-09-14 07:00:00,0.3691950866065884,0.0
2023-09-14 08:00:00,0.3691950866065884,0.04881193589979738
2023-09-14 09:00:00,0.4400919848094031,0.1768281451464358
2023-09-14 10:00:00,0.40985353831367816,0.2744520169460306
2023-09-14 11:00:00,0.85362317202121,2.0252348498802726
2023-09-14 12:00:00,0.8603655283344459,2.804383864431755
2023-09-14 13:00:00,0.7347125243150482,4.044943820224719
2023-09-14 14:00:00,0.807652560794601,3.9353472094308346
2023-09-14 15:00:00,0.9402522349549086,2.747283109228219
2023-09-14 16:00:00,0.788651374820936,0.8915085651132805
2023-09-14 17:00:00,0.6873117162947224,0.384969607662553
2023-09-14 18:00:00,0.46460964413026123,0.37115490882298763
2023-09-14 19:00:00,0.41720883610993553,0.45404310186037944
2023-09-14 20:00:00,0.39003509702931777,0.07367839381101492
2023-09-14 21:00:00,0.3702166557449575,0.0
2023-09-14 22:00:00,0.3704209695726313,0.0
2023-09-14 23:00:00,0.3708295972279789,0.0
2023-09-15 00:00:00,0.3702166557449575,0.0
2023-09-15 01:00:00,0.37001234191728366,0.0
2023-09-15 02:00:00,0.3704209695726313,0.0
2023-09-15 03:00:00,0.37001234191728366,0.0
2023-09-15 04:00:00,0.37001234191728366,0.0
2023-09-15 05:00:00,0.3702166557449575,0.0
2023-09-15 06:00:00,0.3702166557449575,0.0
2023-09-15 07:00:00,0.37001234191728366,0.0
2023-09-15 08:00:00,0.37001234191728366,0.028550377601768283
2023-09-15 09:00:00,0.4251770753892144,0.2873457358629582
2023-09-15 10:00:00,0.4580716016446991,0.4282556640265242
2023-09-15 11:00:00,0.6750528866342934,1.8106465279056916
2023-09-15 12:00:00,0.7263356573804216,2.5990053416835512
2023-09-15 13:00:00,0.7263356573804216,3.3044759624240196
2023-09-15 14:00:00,0.7142811415476663,2.0316817093387365
2023-09-15 15:00:00,0.6517611102794781,2.7564929084545957
2023-09-15 16:00:00,0.6333728657888346,1.3087124700681523
2023-09-15 17:00:00,0.4946437767983124,0.831644870141831
2023-09-15 18:00:00,0.40454137879415886,0.4770675999263216
2023-09-15 19:00:00,0.36980802808960983,0.23761282004052312
2023-09-15 20:00:00,0.36980802808960983,0.019340578375391416
2023-09-15 21:00:00,0.3704209695726313,0.0
2023-09-15 22:00:00,0.3704209695726313,0.0
2023-09-15 23:00:00,0.37062528340030515,0.0
2023-09-16 00:00:00,0.37062528340030515,0.0
2023-09-16 01:00:00,0.3708295972279789,0.0
2023-09-16 02:00:00,0.37062528340030515,0.0
2023-09-16 03:00:00,0.37062528340030515,0.0
2023-09-16 04:00:00,0.3708295972279789,0.0
2023-09-16 05:00:00,0.37062528340030515,0.0
2023-09-16 06:00:00,0.37062528340030515,0.0
2023-09-16 07:00:00,0.3704209695726313,0.0
2023-09-16 08:00:00,0.3704209695726313,0.0
2023-09-16 09:00:00,0.3708295972279789,0.12525326947872537
2023-09-16 10:00:00,0.3704209695726313,0.3545772702155093
2023-09-16 11:00:00,0.37103391105565275,0.9983422361392522
2023-09-16 12:00:00,0.3714425387110004,1.3704181248848777
2023-09-16 13:00:00,0.3712382248833266,1.4855406152145885
2023-09-16 14:00:00,0.3708295972279789,1.3575244059679497
2023-09-16 15:00:00,0.3708295972279789,1.1954319395837172
2023-09-16 16:00:00,0.3708295972279789,0.7883588137778597
2023-09-16 17:00:00,0.3712382248833266,0.7911217535457727
2023-09-16 18:00:00,0.37062528340030515,0.5120648369865537
2023-09-16 19:00:00,0.3708295972279789,0.464173881009394
2023-09-16 20:00:00,0.37062528340030515,0.05249585559034813
2023-09-16 21:00:00,0.37062528340030515,0.0
2023-09-16 22:00:00,0.3708295972279789,0.0
2023-09-16 23:00:00,0.37062528340030515,0.0
2023-09-17 00:00:00,0.3704209695726313,0.0
2023-09-17 01:00:00,0.3704209695726313,0.0
2023-09-17 02:00:00,0.37062528340030515,0.0
2023-09-17 03:00:00,0.3704209695726313,0.0
2023-09-17 04:00:00,0.37062528340030515,0.0
2023-09-17 05:00:00,0.3704209695726313,0.0
2023-09-17 06:00:00,0.37062528340030515,0.0
2023-09-17 07:00:00,0.3704209695726313,0.0
2023-09-17 08:00:00,0.3704209695726313,0.0478909559771597
2023-09-17 09:00:00,0.3708295972279789,0.1731442254558851
2023-09-17 10:00:00,0.37062528340030515,0.33615767176275557
2023-09-17 11:00:00,0.3712382248833266,1.3575244059679497
2023-09-17 12:00:00,0.37103391105565275,1.2000368391969054
2023-09-17 13:00:00,0.3708295972279789,1.1410941241480936
2023-09-17 14:00:00,0.3704209695726313,0.5535089335052497
2023-09-17 15:00:00,0.37103391105565275,1.442254558850617
2023-09-17 16:00:00,0.37062528340030515,1.0591269110333394
2023-09-17 17:00:00,0.37062528340030515,0.8758519064284398
2023-09-17 18:00:00,0.3702166557449575,0.6428439860011053
2023-09-17 19:00:00,0.37062528340030515,0.3205010130779149
2023-09-17 20:00:00,0.3704209695726313,0.07920427334684105
2023-09-17 21:00:00,0.3704209695726313,0.0
2023-09-17 22:00:00,0.37062528340030515,0.0
2023-09-17 23:00:00,0.37062528340030515,0.0
2023-09-18 00:00:00,0.3704209695726313,0.0
2023-09-18 01:00:00,0.37062528340030515,0.0
2023-09-18 02:00:00,0.37062528340030515,0.0
2023-09-18 03:00:00,0.37062528340030515,0.0
2023-09-18 04:00:00,0.37062528340030515,0.0
2023-09-18 05:00:00,0.3708295972279789,0.0
2023-09-18 06:00:00,0.37062528340030515,0.0
2023-09-18 07:00:00,0.37103391105565275,0.0
2023-09-18 08:00:00,0.37062528340030515,0.059863694971449624
2023-09-18 09:00:00,0.3794107779902793,0.311291213851538
2023-09-18 10:00:00,0.4597061122660896,0.3573402099834223
2023-09-18 11:00:00,0.6376634561699848,2.015104070731258
2023-09-18 12:00:00,0.6444058124832207,1.3298950082888192
2023-09-18 13:00:00,0.6039516746038048,3.2575059863694973
2023-09-18 14:00:00,0.6926238758142417,4.090071836433966
2023-09-18 15:00:00,0.717958790445795,2.787806225824277
2023-09-18 16:00:00,0.7028395671979326,1.6393442622950818
2023-09-18 17:00:00,0.6869030886393748,0.7450727574138883
2023-09-18 18:00:00,0.44376963370753186,0.4337815435623504
2023-09-18 19:00:00,0.42292962328480244,0.4558850617056548
2023-09-18 20:00:00,0.37266842167704334,0.05157487566771045
2023-09-18 21:00:00,0.3728727355047171,0.0
2023-09-18 22:00:00,0.37266842167704334,0.0
2023-09-18 23:00:00,0.3738943046430862,0.0
2023-09-19 00:00:00,0.3728727355047171,0.0
2023-09-19 01:00:00,0.37266842167704334,0.0
2023-09-19 02:00:00,0.3724641078493695,0.0
2023-09-19 03:00:00,0.37266842167704334,0.0
2023-09-19 04:00:00,0.3724641078493695,0.0
2023-09-19 05:00:00,0.3724641078493695,0.0
2023-09-19 06:00:00,0.37205548019402185,0.0
2023-09-19 07:00:00,0.3722597940216957,0.0
2023-09-19 08:00:00,0.37205548019402185,0.056179775280898875
2023-09-19 09:00:00,0.40862765534763523,0.1961687235218272
2023-09-19 10:00:00,0.4948480906259862,0.3057653343157119
2023-09-19 11:00:00,0.8687423952690725,1.797752808988764
2023-09-19 12:00:00,0.9308537988819131,2.5621661447780437
2023-09-19 13:00:00,0.919616538359853,3.904033892061153
2023-09-19 14:00:00,0.9905134365626678,3.971265426413704
2023-09-19 15:00:00,1.1447703764564,2.8034628845091176
2023-09-19 16:00:00,1.280434758031815,0.7505986369497144
2023-09-19 17:00:00,1.1911496153383565,0.3776017682814515
2023-09-19 18:00:00,0.9482204742341875,0.710996500276294
2023-09-19 19:00:00,0.6948713279186537,0.5157487566771044
2023-09-19 20:00:00,0.5839289194917707,0.045128016209246634
2023-09-19 21:00:00,0.49811711186876734,0.0
2023-09-19 22:00:00,0.4380488465326649,0.0
2023-09-19 23:00:00,0.39003509702931777,0.0
2023-09-20 00:00:00,0.38758333109723203,0.0
2023-09-20 01:00:00,0.38819627258025347,0.0
2023-09-20 02:00:00,0.3857445066481676,0.0
2023-09-20 03:00:00,0.3851315651651462,0.0
2023-09-20 04:00:00,0.3863574481311891,0.0
2023-09-20 05:00:00,0.3863574481311891,0.0
2023-09-20 06:00:00,0.38533587899282,0.0
2023-09-20 07:00:00,0.3851315651651462,0.0
2023-09-20 08:00:00,0.38206685775003896,0.08473015288266716
2023-09-20 09:00:00,0.4182304052483046,0.3333947319948425
2023-09-20 10:00:00,0.6129414830214529,0.4724627003131332
2023-09-20 11:00:00,0.8336004169091759,1.4505433781543562
2023-09-20 12:00:00,0.9615008730329856,1.9736599742125622
2023-09-20 13:00:00,1.028515808509998,2.7555719285319578
2023-09-20 14:00:00,0.9529196922706853,2.2057469147172593
2023-09-20 15:00:00,0.9449514529914065,1.6144778043838646
2023-09-20 16:00:00,0.9911263780456893,0.96334499907902
2023-09-20 17:00:00,1.0381185584106674,0.8657211272794253
2023-09-20 18:00:00,0.8372780658073045,0.6704733836802358
2023-09-20 19:00:00,0.5561422389281315,0.17867010499171115
2023-09-20 20:00:00,0.46440533030258746,0.01565665868484067
2023-09-20 21:00:00,0.3986162777916181,0.0
2023-09-20 22:00:00,0.39657313951487994,0.0
2023-09-20 23:00:00,0.3957558842041847,0.0
2023-09-21 00:00:00,0.39596019803185856,0.0
2023-09-21 01:00:00,0.39759470865324903,0.0
2023-09-21 02:00:00,0.3973903948255752,0.0
2023-09-21 03:00:00,0.39882059161929195,0.0
2023-09-21 04:00:00,0.3955515703765109,0.0
2023-09-21 05:00:00,0.3957558842041847,0.0
2023-09-21 06:00:00,0.39473431506581563,0.0
2023-09-21 07:00:00,0.3928954906167513,0.0
2023-09-21 08:00:00,0.38921784171862256,0.02118253822066679
2023-09-21 09:00:00,0.4484688517440297,0.31773807331000187
2023-09-21 10:00:00,0.42313393711247627,0.7183643396573955
2023-09-21 11:00:00,0.6080379511572812,1.5039602136673422
2023-09-21 12:00:00,0.8105129543820345,2.1302265610609687
2023-09-21 13:00:00,0.7810917631970047,2.354024682261927
2023-09-21 14:00:00,0.7528964549780179,2.3678393811014917
2023-09-21 15:00:00,0.8011145183090388,1.6605268005157487
2023-09-21 16:00:00,0.8370737519796307,1.363050285503776
2023-09-21 17:00:00,0.8286968850450043,1.1235955056179776
2023-09-21 18:00:00,0.7812960770246785,0.6944188616688156
2023-09-21 19:00:00,0.6000697118780023,0.31773807331000187
2023-09-21 20:00:00,0.45664140485098237,0.035918216982869774
2023-09-21 21:00:00,0.3928954906167513,0.0
2023-09-21 22:00:00,0.3834970545437556,0.0
2023-09-21 23:00:00,0.38554019282049384,0.0
2023-09-22 00:00:00,0.3843143098544509,0.0
2023-09-22 01:00:00,0.38492725133747235,0.0
2023-09-22 02:00:00,0.378593522679584,0.0
2023-09-22 03:00:00,0.3812496024393437,0.0
2023-09-22 04:00:00,0.37593744291982445,0.0
2023-09-22 05:00:00,0.38288411306073417,0.0
2023-09-22 06:00:00,0.37655038440284583,0.0
2023-09-22 07:00:00,0.38002371947330077,0.0
2023-09-22 08:00:00,0.3783892088519102,0.04696997605452201
2023-09-22 09:00:00,0.39269117678907745,0.25879535826118993
2023-09-22 10:00:00,0.4762555323076688,0.6179775280898876
2023-09-22 11:00:00,0.6613638601801475,0.8583532878983238
2023-09-22 12:00:00,0.67648308342801,2.0510222877141278
2023-09-22 13:00:00,0.668719157976405,3.3818382759255847
2023-09-22 14:00:00,0.6815909291198555,1.8769570823356052
2023-09-22 15:00:00,0.8005015768260174,1.9699760545220113
2023-09-22 16:00:00,0.8850875014829779,0.8362497697550193
2023-09-22 17:00:00,0.8963247620050377,0.575612451648554
2023-09-22 18:00:00,0.6752572004619672,0.48259347946214776
2023-09-22 19:00:00,0.5702398930376249,0.3379996316080309
2023-09-22 20:00:00,0.4834065162762525,0.0340762571375944
2023-09-22 21:00:00,0.394325687410468,0.0
2023-09-22 22:00:00,0.39207823530605596,0.0
2023-09-22 23:00:00,0.39105666616768686,0.0
2023-09-23 00:00:00,0.38921784171862256,0.0
2023-09-23 01:00:00,0.38799195875257964,0.0
2023-09-23 02:00:00,0.38656176195886294,0.0
2023-09-23 03:00:00,0.3843143098544509,0.0
2023-09-23 04:00:00,0.38717470344188437,0.0
2023-09-23 05:00:00,0.3896264693739702,0.0
2023-09-23 06:00:00,0.38267979923306034,0.0
2023-09-23 07:00:00,0.38799195875257964,0.0
2023-09-23 08:00:00,0.38084097478399603,0.039602136673420524
2023-09-23 09:00:00,0.38104528861166986,0.15288266715785595
2023-09-23 10:00:00,0.38921784171862256,0.22932400073678394
2023-09-23 11:00:00,0.3857445066481676,1.6089519248480384
2023-09-23 12:00:00,0.3935084320997727,2.1523300792042734
2023-09-23 13:00:00,0.39779902248092286,3.7806225824277027
2023-09-23 14:00:00,0.3996378469299872,3.992447964634371
2023-09-23 15:00:00,0.4035198096557898,2.657948056732363
2023-09-23 16:00:00,0.4061758894155494,0.6327132068520906
2023-09-23 17:00:00,0.415574325488545,0.326026892613741
2023-09-23 18:00:00,0.4378445327049911,0.33892061153066866
2023-09-23 19:00:00,0.4002507884130087,0.32234297292319025
2023-09-23 20:00:00,0.39779902248092286,0.033155277214956716
2023-09-23 21:00:00,0.3994335331023134,0.0
2023-09-23 22:00:00,0.39534725654883707,0.0
2023-09-23 23:00:00,0.3908523523400131,0.0
2023-09-24 00:00:00,0.39003509702931777,0.0
2023-09-24 01:00:00,0.38901352789094873,0.0
2023-09-24 02:00:00,0.3861531343035153,0.0
2023-09-24 03:00:00,0.3896264693739702,0.0
2023-09-24 04:00:00,0.3861531343035153,0.0
2023-09-24 05:00:00,0.3884005864079273,0.0
2023-09-24 06:00:00,0.38594882047584145,0.0
2023-09-24 07:00:00,0.3908523523400131,0.0
2023-09-24 08:00:00,0.38370136837142943,0.035918216982869774
2023-09-24 09:00:00,0.38819627258025347,0.16209246638423283
2023-09-24 10:00:00,0.3912609799953607,0.2634002578743783
2023-09-24 11:00:00,0.39677745334255377,1.4901455148277767
2023-09-24 12:00:00,0.3986162777916181,2.032602689261374
2023-09-24 13:00:00,0.40208961286207306,3.4582796095045127
2023-09-24 14:00:00,0.4051543202771803,3.828513538404863
2023-09-24 15:00:00,0.4094449106583305,2.5897955424571744
2023-09-24 16:00:00,0.42987629342571226,0.5737704918032787
2023-09-24 17:00:00,0.4490817932270511,0.31037023392890034
2023-09-24 18:00:00,0.4331453146684933,0.3278688524590164
2023-09-24 19:00:00,0.40290686817276833,0.308528274083625
2023-09-24 20:00:00,0.3990249054469658,0.029471357524405967
2023-09-24 21:00:00,0.3971860809979014,0.0
2023-09-24 22:00:00,0.39534725654883707,0.0
2023-09-24 23:00:00,0.39534725654883707,0.0
2023-09-25 00:00:00,0.39269117678907745,0.0
2023-09-25 01:00:00,0.38799195875257964,0.0
2023-09-25 02:00:00,0.3888092140632749,0.0
2023-09-25 03:00:00,0.38492725133747235,0.0
2023-09-25 04:00:00,0.38554019282049384,0.0
2023-09-25 05:00:00,0.38758333109723203,0.0
2023-09-25 06:00:00,0.3816582300946913,0.0
2023-09-25 07:00:00,0.3816582300946913,0.0
2023-09-25 08:00:00,0.39003509702931777,0.032234297292319025
2023-09-25 09:00:00,0.46420101647491363,0.13998894824092836
2023-09-25 10:00:00,0.49546103210900766,0.22195616135568247
2023-09-25 11:00:00,0.9032714321459476,1.3519985264321237
2023-09-25 12:00:00,1.0150310958835258,1.8999815804015472
2023-09-25 13:00:00,1.0089016810533113,3.348682998710628
2023-09-25 14:00:00,1.206268838586219,3.716153987843065
2023-09-25 15:00:00,1.2886073111387677,2.5244059679498987
2023-09-25 16:00:00,1.377892453832226,0.5489040338920612
2023-09-25 17:00:00,1.3449979275767412,0.29471357524405967
2023-09-25 18:00:00,1.0375056169276458,0.3076072941609873
2023-09-25 19:00:00,0.6437928710001993,0.28550377601768284
2023-09-25 20:00:00,0.4846323992422954,0.01841959845275373
2023-09-25 21:00:00,0.47319082489256153,0.0
2023-09-25 22:00:00,0.4501033623654202,0.0
2023-09-25 23:00:00,0.44663002729496526,0.0
2023-09-26 00:00:00,0.43764021887731736,0.0
2023-09-26 01:00:00,0.42313393711247627,0.0
2023-09-26 02:00:00,0.43682296356662204,0.0
2023-09-26 03:00:00,0.42292962328480244,0.0
2023-09-26 04:00:00,0.4396833571540555,0.0
2023-09-26 05:00:00,0.4272202136659526,0.0
2023-09-26 06:00:00,0.42170374031875957,0.0
2023-09-26 07:00:00,0.41741314993760936,0.0
2023-09-26 08:00:00,0.4006594160683563,0.010130779149014552
2023-09-26 09:00:00,0.48422377158694774,0.1501197273899429
2023-09-26 10:00:00,0.5990481427396332,0.2606373181064653
2023-09-26 11:00:00,1.0556895475906156,1.3612083256585006
2023-09-26 12:00:00,1.1654060730514557,1.8797200221035182
2023-09-26 13:00:00,0.9355530169184109,3.364339657395469
2023-09-26 14:00:00,0.8752804377546347,3.8128568797200217
2023-09-26 15:00:00,1.1764390197458419,2.5253269478725366
2023-09-26 16:00:00,1.4207983576437275,0.572849511880641
2023-09-26 17:00:00,1.2969841780733942,0.5148277767544668
2023-09-26 18:00:00,0.9725338197273717,0.38128568797200224
2023-09-26 19:00:00,0.5022033884222437,0.24037575980843617
2023-09-26 20:00:00,0.4096492244860043,0.011972738994289925
2023-09-26 21:00:00,0.40556294793252795,0.0
2023-09-26 22:00:00,0.39166960765070835,0.0
2023-09-26 23:00:00,0.38921784171862256,0.0
2023-09-27 00:00:00,0.3912609799953607,0.0
2023-09-27 01:00:00,0.3945300012381418,0.0
2023-09-27 02:00:00,0.3918739214783822,0.0
2023-09-27 03:00:00,0.3886049002356011,0.0
2023-09-27 04:00:00,0.3861531343035153,0.0
2023-09-27 05:00:00,0.3861531343035153,0.0
2023-09-27 06:00:00,0.3847229375097985,0.0
2023-09-27 07:00:00,0.38267979923306034,0.0
2023-09-27 08:00:00,0.3884005864079273,0.045128016209246634
2023-09-27 09:00:00,0.508537117080132,0.2044575428255664
2023-09-27 10:00:00,0.7181631042734689,0.2799778964818567
2023-09-27 11:00:00,1.01257932995144,1.2820040523116596
2023-09-27 12:00:00,1.0528291540031822,1.8207773070547062
2023-09-27 13:00:00,0.9494463572002304,3.0926505802173514
2023-09-27 14:00:00,1.1598895997042624,3.4923558666421073
2023-09-27 15:00:00,1.3525575392006726,2.433228955608768
2023-09-27 16:00:00,1.3484712626471962,0.7156013998894823
2023-09-27 17:00:00,1.325179486292381,0.417203904954872
2023-09-27 18:00:00,1.2115809981057386,0.34536747098913245
2023-09-27 19:00:00,0.7874254918548931,0.24221771965371153
2023-09-27 20:00:00,0.49198769703855283,0.017498618530116045
2023-09-27 21:00:00,0.4139398148671545,0.0
2023-09-27 22:00:00,0.4118966765904163,0.0
2023-09-27 23:00:00,0.38983078320164405,0.0
2023-09-28 00:00:00,0.3888092140632749,0.0
2023-09-28 01:00:00,0.3912609799953607,0.0
2023-09-28 02:00:00,0.3922825491337298,0.0
2023-09-28 03:00:00,0.3935084320997727,0.0
2023-09-28 04:00:00,0.3918739214783822,0.0
2023-09-28 05:00:00,0.3904437246846654,0.0
2023-09-28 06:00:00,0.38819627258025347,0.0
2023-09-28 07:00:00,0.3845186236821247,0.0
2023-09-28 08:00:00,0.3851315651651462,0.025787437833855224
2023-09-28 09:00:00,0.4278331551489741,0.2366918401178854
2023-09-28 10:00:00,0.6074250096742597,0.2127463621293056
2023-09-28 11:00:00,0.8840659323446087,1.2285872167986738
2023-09-28 12:00:00,1.1635672486023914,1.7203904954871985
2023-09-28 13:00:00,1.0712173984938256,3.077914901455148
2023-09-28 14:00:00,1.2346684606328797,3.505249585559035
2023-09-28 15:00:00,1.4005712887040196,2.4046785780069997
2023-09-28 16:00:00,1.5064058514390573,0.5378522748204089
2023-09-28 17:00:00,1.366655193310166,0.29563455516669734
2023-09-28 18:00:00,1.0967566269530529,0.30668631423834963
2023-09-28 19:00:00,0.725927029725074,0.23392890034997238
2023-09-28 20:00:00,0.4958696597643553,0.016577638607478358
2023-09-28 21:00:00,0.37430293229843387,0.0
2023-09-28 22:00:00,0.3775719535412149,0.0
2023-09-28 23:00:00,0.3693994004342622,0.0
2023-09-29 00:00:00,0.35673194311848555,0.0
2023-09-29 01:00:00,0.3608182196719619,0.0
2023-09-29 02:00:00,0.36040959201661427,0.0
2023-09-29 03:00:00,0.3589793952228975,0.0
2023-09-29 04:00:00,0.3583664537398761,0.0
2023-09-29 05:00:00,0.3585707675675499,0.0
2023-09-29 06:00:00,0.359592336705919,0.0
2023-09-29 07:00:00,0.3575491984291808,0.0
2023-09-29 08:00:00,0.35611900163546406,0.024866457911217537
2023-09-29 09:00:00,0.4807504365164928,0.12617424940136304
2023-09-29 10:00:00,0.5773908770062085,0.19432676367655183
2023-09-29 11:00:00,0.8227717840424635,1.2313501565665868
2023-09-29 12:00:00,1.021569138369088,1.6144778043838646
2023-09-29 13:00:00,0.9674259740355263,2.9812120095781913
2023-09-29 14:00:00,1.1786864718502539,3.3919690550745996
2023-09-29 15:00:00,1.5719905901223525,2.355866642107202
2023-09-29 16:00:00,1.5343968458303703,0.478909559771597
2023-09-29 17:00:00,1.491899569674216,0.28918769570823355
2023-09-29 18:00:00,1.0254511010948906,0.28918769570823355
2023-09-29 19:00:00,0.7165285936520784,0.2127463621293056
2023-09-29 20:00:00,0.683225439741246,0.01565665868484067
2023-09-29 21:00:00,0.49443946297063857,0.0
2023-09-29 22:00:00,0.44989904853774637,0.0
2023-09-29 23:00:00,0.4468343411226391,0.0
2023-09-30 00:00:00,0.42865041045966934,0.0
2023-09-30 01:00:00,0.42926335194269083,0.0
2023-09-30 02:00:00,0.4074017723815923,0.0
2023-09-30 03:00:00,0.4165958946269141,0.0
2023-09-30 04:00:00,0.4190476605589999,0.0
2023-09-30 05:00:00,0.42047785735271664,0.0
2023-09-30 06:00:00,0.4057672617602018,0.0
2023-09-30 07:00:00,0.4206821711803905,0.0
2023-09-30 08:00:00,0.40311118200044216,0.02394547798857985
2023-09-30 09:00:00,0.4196606020420214,0.13262110885982686
2023-09-30 10:00:00,0.43702727739429587,0.22103518143304474
2023-09-30 11:00:00,0.47339513872023536,1.1797752808988764
2023-09-30 12:00:00,0.5036335852159604,1.5325105912691104
2023-09-30 13:00:00,0.5163010425317371,2.815435623503408
2023-09-30 14:00:00,0.6023171639824143,3.189353472094308
2023-09-30 15:00:00,0.6556430730052807,2.18548535641923
2023-09-30 16:00:00,0.6546215038669116,0.5111438570639161
2023-09-30 17:00:00,0.6076293235019335,0.3343157119174802
2023-09-30 18:00:00,0.5708528345206464,0.326026892613741
2023-09-30 19:00:00,0.5575724357218482,0.2062995026708418
2023-09-30 20:00:00,0.5124190798059346,0.013814698839565296
2023-09-30 21:00:00,0.4752339631692997,0.0
2023-09-30 22:00:00,0.47645984613534265,0.0
2023-09-30 23:00:00,0.4380488465326649,0.0
2023-10-01 00:00:00,0.4470386549503129,0.0
2023-10-01 01:00:00,0.43130649021942896,0.0
2023-10-01 02:00:00,0.4302849210810599,0.0
2023-10-01 03:00:00,0.404337064966485,0.0
2023-10-01 04:00:00,0.4141441286948283,0.0
2023-10-01 05:00:00,0.40147667137905163,0.0
2023-10-01 06:00:00,0.4102621659690257,0.0
2023-10-01 07:00:00,0.4057672617602018,0.0
2023-10-01 08:00:00,0.39779902248092286,0.028550377601768283
2023-10-01 09:00:00,0.3980033363085967,0.15748756677104436
2023-10-01 10:00:00,0.41577863931621883,0.25971633818382756
2023-10-01 11:00:00,0.4362100220836006,1.140173144225456
2023-10-01 12:00:00,0.44458688901822707,1.400810462331921
2023-10-01 13:00:00,0.5156881010487157,2.7564929084545957
2023-10-01 14:00:00,0.5310116381242519,3.295266163197642
2023-10-01 15:00:00,0.545517919889093,2.2978449069810276
2023-10-01 16:00:00,0.550012824097917,0.5415361945109597
2023-10-01 17:00:00,0.5447006645783977,0.38220666789463986
2023-10-01 18:00:00,0.5228390850172993,0.3683919690550746
2023-10-01 19:00:00,0.491783383210879,0.20814146251611715
2023-10-01 20:00:00,0.46317944733654454,0.010130779149014552
2023-10-01 21:00:00,0.4349841391175577,0.0
2023-10-01 22:00:00,0.44152218160311985,0.0
2023-10-01 23:00:00,0.41761746376528314,0.0
2023-10-02 00:00:00,0.40924059683065667,0.0
2023-10-02 01:00:00,0.3982076501362705,0.0
2023-10-02 02:00:00,0.3996378469299872,0.0
2023-10-02 03:00:00,0.39882059161929195,0.0
2023-10-02 04:00:00,0.3969817671702276,0.0
2023-10-02 05:00:00,0.3822711715777128,0.0
2023-10-02 06:00:00,0.3933041182720989,0.0
2023-10-02 07:00:00,0.37818489502423636,0.0
2023-10-02 08:00:00,0.3769590120581935,0.024866457911217537
2023-10-02 09:00:00,0.43151080404710274,0.1841959845275373
2023-10-02 10:00:00,0.731443503072267,0.5967949898692209
2023-10-02 11:00:00,1.0019550109124016,1.1328053048443545
2023-10-02 12:00:00,1.115757812926718,1.3289740283661815
2023-10-02 13:00:00,0.9986859896696205,1.4560692576901824
2023-10-02 14:00:00,1.214237077865498,2.4811199115859277
2023-10-02 15:00:00,1.3507187147516082,2.2978449069810276
2023-10-02 16:00:00,1.5149870322013577,0.5894271504881193
2023-10-02 17:00:00,1.5568713668744902,0.36010314975133545
2023-10-02 18:00:00,1.3997540333933245,0.3343157119174802
2023-10-02 19:00:00,0.8415686561884547,0.185116964450175
2023-10-02 20:00:00,0.4803418088611452,0.006446859458463806
2023-10-02 21:00:00,0.39677745334255377,0.0
2023-10-02 22:00:00,0.3973903948255752,0.0
2023-10-02 23:00:00,0.3971860809979014,0.0
2023-10-03 00:00:00,0.37981940564562694,0.0
2023-10-03 01:00:00,0.3824754854053865,0.0
2023-10-03 02:00:00,0.38145391626701747,0.0
2023-10-03 03:00:00,0.3802280333009746,0.0
2023-10-03 04:00:00,0.3806366609563222,0.0
2023-10-03 05:00:00,0.3804323471286484,0.0
2023-10-03 06:00:00,0.37879783650725785,0.0
2023-10-03 07:00:00,0.378593522679584,0.0
2023-10-03 08:00:00,0.3769590120581935,0.01841959845275373
2023-10-03 09:00:00,0.45909317078306816,0.1639344262295082
2023-10-03 10:00:00,0.593735983220114,0.27721495671394364
2023-10-03 11:00:00,0.9036800598012953,1.1079388469331368
2023-10-03 12:00:00,1.0242252181288476,1.3243691287529933
2023-10-03 13:00:00,1.026064042577912,2.6515011972738995
2023-10-03 14:00:00,1.204225700309481,3.1939583717074966
2023-10-03 15:00:00,1.383408927179419,2.2425861116227668
2023-10-03 16:00:00,1.4965987877107139,0.5203536562902928
2023-10-03 17:00:00,1.5041583993346452,0.43746546325290114
2023-10-03 18:00:00,1.154781754012417,0.4061521458832197
2023-10-03 19:00:00,0.7134638862369711,0.17498618530116042
2023-10-03 20:00:00,0.5136449627719775,0.006446859458463806
2023-10-03 21:00:00,0.4067888308985709,0.0
2023-10-03 22:00:00,0.4071974585539185,0.0
2023-10-03 23:00:00,0.40208961286207306,0.0
2023-10-04 00:00:00,0.3873790172695582,0.0
2023-10-04 01:00:00,0.3912609799953607,0.0
2023-10-04 02:00:00,0.3924868629614036,0.0
2023-10-04 03:00:00,0.39105666616768686,0.0
2023-10-04 04:00:00,0.39105666616768686,0.0
2023-10-04 05:00:00,0.3902394108569916,0.0
2023-10-04 06:00:00,0.3908523523400131,0.0
2023-10-04 07:00:00,0.39003509702931777,0.0
2023-10-04 08:00:00,0.3886049002356011,0.02118253822066679
2023-10-04 09:00:00,0.4468343411226391,0.13262110885982686
2023-10-04 10:00:00,0.6147803074705172,0.2256400810462332
2023-10-04 11:00:00,0.9939867716331227,0.9651869589242955
2023-10-04 12:00:00,1.1455876317670952,1.2350340762571375
2023-10-04 13:00:00,1.100025648195834,2.511512249032971
2023-10-04 14:00:00,1.2220010033171032,3.135015656658685
2023-10-04 15:00:00,1.4843399580502847,2.229692392705839
2023-10-04 16:00:00,1.6682224029567208,0.5396942346656843
2023-10-04 17:00:00,1.3997540333933245,0.3278688524590164
2023-10-04 18:00:00,1.1196397756525205,0.30944925400626266
2023-10-04 19:00:00,0.647470519898328,0.16209246638423283
2023-10-04 20:00:00,0.48790142048507645,0.006446859458463806
2023-10-04 21:00:00,0.47216925575419244,0.0
2023-10-04 22:00:00,0.44376963370753186,0.0
2023-10-04 23:00:00,0.44315669222451043,0.0
2023-10-05 00:00:00,0.43580139442825294,0.0
2023-10-05 01:00:00,0.4096492244860043,0.0
2023-10-05 02:00:00,0.43110217639175513,0.0
2023-10-05 03:00:00,0.43375825615151475,0.0
2023-10-05 04:00:00,0.4202735435250428,0.0
2023-10-05 05:00:00,0.42987629342571226,0.0
2023-10-05 06:00:00,0.4251770753892144,0.0
2023-10-05 07:00:00,0.4102621659690257,0.0
2023-10-05 08:00:00,0.4257900168722359,0.004604899613188432
2023-10-05 09:00:00,0.41046647979669953,0.13446306870510222
2023-10-05 10:00:00,0.4249727615615406,0.5387732547430466
2023-10-05 11:00:00,0.4235425647678239,1.3777859642659789
2023-10-05 12:00:00,0.42538138921688823,1.275557192853196
2023-10-05 13:00:00,0.46603984092397793,2.42033523669184
2023-10-05 14:00:00,0.47829867058440706,3.054890403389206
2023-10-05 15:00:00,0.5048594681820033,2.2186406336341866
2023-10-05 16:00:00,0.5381626220928355,0.5894271504881193
2023-10-05 17:00:00,0.5540991006513933,0.3545772702155093
2023-10-05 18:00:00,0.5248822232940374,0.3269478725363787
2023-10-05 19:00:00,0.48708416517438113,0.16761834592005895
2023-10-05 20:00:00,0.4402962986370769,0.006446859458463806
2023-10-05 21:00:00,0.42088648500806425,0.0
2023-10-05 22:00:00,0.4190476605589999,0.0
2023-10-05 23:00:00,0.4016809852067254,0.0
2023-10-06 00:00:00,0.4024982405174207,0.0
2023-10-06 01:00:00,0.4024982405174207,0.0
2023-10-06 02:00:00,0.4024982405174207,0.0
2023-10-06 03:00:00,0.40147667137905163,0.0
2023-10-06 04:00:00,0.4022939266897469,0.0
2023-10-06 05:00:00,0.4027025543450945,0.0
2023-10-06 06:00:00,0.4016809852067254,0.0
2023-10-06 07:00:00,0.4006594160683563,0.0
2023-10-06 08:00:00,0.4035198096557898,0.019340578375391416
2023-10-06 09:00:00,0.496278287419703,0.18235402468226192
2023-10-06 10:00:00,0.5970050044628951,0.2882667157855959
2023-10-06 11:00:00,0.788651374820936,0.8896666052680051
2023-10-06 12:00:00,0.9596620485839213,1.1420151040707314
2023-10-06 13:00:00,0.9796848036959553,1.8161724074415178
2023-10-06 14:00:00,1.078777010117757,1.9708970344446493
2023-10-06 15:00:00,1.366450879482492,1.8603794437281267
2023-10-06 16:00:00,1.4494022935180622,0.7948056732363235
2023-10-06 17:00:00,1.4279493416123115,0.34536747098913245
2023-10-06 18:00:00,0.8679251399583772,0.323263952845828
2023-10-06 19:00:00,0.4907618140725099,0.1482777675446675
2023-10-06 20:00:00,0.4294676657703646,0.0027629397679130594
2023-10-06 21:00:00,0.422316681801781,0.0
2023-10-06 22:00:00,0.40903628300298284,0.0
2023-10-06 23:00:00,0.4084233415199614,0.0
2023-10-07 00:00:00,0.40597157558787555,0.0
2023-10-07 01:00:00,0.4102621659690257,0.0
2023-10-07 02:00:00,0.40658451707089704,0.0
2023-10-07 03:00:00,0.4024982405174207,0.0
2023-10-07 04:00:00,0.39309980444442505,0.0
2023-10-07 05:00:00,0.3957558842041847,0.0
2023-10-07 06:00:00,0.39371274592744654,0.0
2023-10-07 07:00:00,0.3914652938230345,0.0
2023-10-07 08:00:00,0.3918739214783822,0.012893718916927612
2023-10-07 09:00:00,0.39207823530605596,0.12985816909191378
2023-10-07 10:00:00,0.3945300012381418,0.25419045864800144
2023-10-07 11:00:00,0.3980033363085967,0.8307238902191932
2023-10-07 12:00:00,0.42435982007851913,0.9182169828697734
2023-10-07 13:00:00,0.4460170858119438,2.0786516853932584
2023-10-07 14:00:00,0.44826453791635584,2.8826671578559586
2023-10-07 15:00:00,0.4470386549503129,2.2020629950267083
2023-10-07 16:00:00,0.44050061246475075,0.6575796647633081
2023-10-07 17:00:00,0.43600570825592677,0.3573402099834223
2023-10-07 18:00:00,0.4396833571540555,0.293792595321422
2023-10-07 19:00:00,0.4274245274936264,0.1639344262295082
2023-10-07 20:00:00,0.42292962328480244,0.003683919690550746
2023-10-07 21:00:00,0.4061758894155494,0.0
2023-10-07 22:00:00,0.4061758894155494,0.0
2023-10-07 23:00:00,0.40311118200044216,0.0
2023-10-08 00:00:00,0.38533587899282,0.0
2023-10-08 01:00:00,0.38799195875257964,0.0
2023-10-08 02:00:00,0.38656176195886294,0.0
2023-10-08 03:00:00,0.3863574481311891,0.0
2023-10-08 04:00:00,0.3847229375097985,0.0
2023-10-08 05:00:00,0.38533587899282,0.0
2023-10-08 06:00:00,0.38554019282049384,0.0
2023-10-08 07:00:00,0.3818625439223651,0.0
2023-10-08 08:00:00,0.38288411306073417,0.010130779149014552
2023-10-08 09:00:00,0.3834970545437556,0.15748756677104436
2023-10-08 10:00:00,0.38717470344188437,0.2873457358629582
2023-10-08 11:00:00,0.38901352789094873,0.7800699944741205
2023-10-08 12:00:00,0.40208961286207306,0.8869036655000921
2023-10-08 13:00:00,0.43110217639175513,1.9727389942899245
2023-10-08 14:00:00,0.4341668838068624,2.6800515748756677
2023-10-08 15:00:00,0.43477982528988385,2.0547062074046787
2023-10-08 16:00:00,0.4378445327049911,0.5958740099465832
2023-10-08 17:00:00,0.4386617880156864,0.37115490882298763
2023-10-08 18:00:00,0.4409092401200984,0.326026892613741
2023-10-08 19:00:00,0.4339625699791886,0.13814698839565298
2023-10-08 20:00:00,0.41271393190111155,0.0
2023-10-08 21:00:00,0.4094449106583305,0.0
2023-10-08 22:00:00,0.4053586341048541,0.0
2023-10-08 23:00:00,0.403315495828116,0.0
2023-10-09 00:00:00,0.38819627258025347,0.0
2023-10-09 01:00:00,0.3884005864079273,0.0
2023-10-09 02:00:00,0.39371274592744654,0.0
2023-10-09 03:00:00,0.3902394108569916,0.0
2023-10-09 04:00:00,0.39064803851233926,0.0
2023-10-09 05:00:00,0.3888092140632749,0.0
2023-10-09 06:00:00,0.38799195875257964,0.0
2023-10-09 07:00:00,0.38799195875257964,0.0
2023-10-09 08:00:00,0.3951429427211633,0.013814698839565296
2023-10-09 09:00:00,0.4840194577592739,0.13906796831829066
2023-10-09 10:00:00,0.5941446108754616,0.2385337999631608
2023-10-09 11:00:00,0.8544404273319052,0.7662552956345552
2023-10-09 12:00:00,1.0781640686347356,0.8196721311475409
2023-10-09 13:00:00,1.1613197964979793,1.8760361024129675
2023-10-09 14:00:00,1.3758493155554878,2.573217903849696
2023-10-09 15:00:00,1.8764181933563409,2.001289371891693
2023-10-09 16:00:00,2.2174179717439424,0.5719285319580033
2023-10-09 17:00:00,1.888881336844444,0.32510591269110334
2023-10-09 18:00:00,1.159480972048915,0.2873457358629582
2023-10-09 19:00:00,0.7001834874381729,0.12156934978817463
2023-10-09 20:00:00,0.452555128297506,0.0
2023-10-09 21:00:00,0.43580139442825294,0.0
2023-10-09 22:00:00,0.42313393711247627,0.0
2023-10-09 23:00:00,0.4206821711803905,0.0
2023-10-10 00:00:00,0.4192519743866737,0.0
2023-10-10 01:00:00,0.403315495828116,0.0
2023-10-10 02:00:00,0.4027025543450945,0.0
2023-10-10 03:00:00,0.4057672617602018,0.0
2023-10-10 04:00:00,0.40495000644950646,0.0
2023-10-10 05:00:00,0.40699314472624465,0.0
2023-10-10 06:00:00,0.40883196917530906,0.0
2023-10-10 07:00:00,0.4082190276922876,0.0
2023-10-10 08:00:00,0.40883196917530906,0.011972738994289925
2023-10-10 09:00:00,0.4664484685793256,0.13538404862773992
2023-10-10 10:00:00,0.6233614882328175,0.2449806594216246
2023-10-10 11:00:00,0.9672216602078526,0.7358629581875115
2023-10-10 12:00:00,1.1584594029105457,0.7855958740099466
2023-10-10 13:00:00,1.1535558710463742,1.7728863510775463
2023-10-10 14:00:00,1.3329434117439862,2.511512249032971
2023-10-10 15:00:00,1.5049756546453406,2.027076809725548
2023-10-10 16:00:00,1.5536023456317092,0.6152145883219746
2023-10-10 17:00:00,1.6575980839176823,0.3278688524590164
2023-10-10 18:00:00,1.3225234065326212,0.3536562902928716
2023-10-10 19:00:00,0.8092870714159915,0.15748756677104436
2023-10-10 20:00:00,0.6086508926403026,0.0
2023-10-10 21:00:00,0.5530775315130242,0.0
2023-10-10 22:00:00,0.46828729302838995,0.0
2023-10-10 23:00:00,0.40801471386461374,0.0
2023-10-11 00:00:00,0.38901352789094873,0.0
2023-10-11 01:00:00,0.38758333109723203,0.0
2023-10-11 02:00:00,0.3984119639639443,0.0
2023-10-11 03:00:00,0.3924868629614036,0.0
2023-10-11 04:00:00,0.39759470865324903,0.0
2023-10-11 05:00:00,0.3984119639639443,0.0
2023-10-11 06:00:00,0.4000464745853349,0.0
2023-10-11 07:00:00,0.3971860809979014,0.0
2023-10-11 08:00:00,0.3914652938230345,0.017498618530116045
2023-10-11 09:00:00,0.4813633779995143,0.1630134463068705
2023-10-11 10:00:00,0.5882195098729209,0.3462884509117702
2023-10-11 11:00:00,0.9065404533887288,0.7091545404310186
2023-10-11 12:00:00,1.138028020143164,0.8767728863510775
2023-10-11 13:00:00,0.9551671443750973,1.724074415177749
2023-10-11 14:00:00,1.1976876578239188,2.4415177749125068
2023-10-11 15:00:00,1.590787462268344,2.021550930189722
2023-10-11 16:00:00,1.82820013002532,0.763492355866642
2023-10-11 17:00:00,1.7401408702979044,0.7183643396573955
2023-10-11 18:00:00,1.2937151568306131,0.41996684472278506
2023-10-11 19:00:00,0.6556430730052807,0.11328053048443544
2023-10-11 20:00:00,0.41700452228226176,0.0
2023-10-11 21:00:00,0.3990249054469658,0.0
2023-10-11 22:00:00,0.3935084320997727,0.0
2023-10-11 23:00:00,0.39166960765070835,0.0
2023-10-12 00:00:00,0.3922825491337298,0.0
2023-10-12 01:00:00,0.3912609799953607,0.0
2023-10-12 02:00:00,0.3918739214783822,0.0
2023-10-12 03:00:00,0.3886049002356011,0.0
2023-10-12 04:00:00,0.3904437246846654,0.0
2023-10-12 05:00:00,0.39105666616768686,0.0
2023-10-12 06:00:00,0.3902394108569916,0.0
2023-10-12 07:00:00,0.3886049002356011,0.0
2023-10-12 08:00:00,0.3894221555462964,0.013814698839565296
2023-10-12 09:00:00,0.4607276814044587,0.1713022656106097
2023-10-12 10:00:00,0.4968912289027244,0.4061521458832197
2023-10-12 11:00:00,0.7712846994686615,0.6271873273162645
2023-10-12 12:00:00,0.9245200702240246,0.9108491434886719
2023-10-12 13:00:00,0.9937824578054488,1.724995395100387
2023-10-12 14:00:00,1.2667457315776691,2.3484988027261005
2023-10-12 15:00:00,1.4030230546361055,1.8990606004789097
2023-10-12 16:00:00,1.4020014854977365,1.1825382206667894
2023-10-12 17:00:00,1.3701285283806208,0.5921900902560324
2023-10-12 18:00:00,0.8681294537860511,0.352735310370234
2023-10-12 19:00:00,0.5201830052575396,0.06723153435255111
2023-10-12 20:00:00,0.526516733915428,0.0
2023-10-12 21:00:00,0.4151656978331974,0.0
2023-10-12 22:00:00,0.40495000644950646,0.0
2023-10-12 23:00:00,0.4135311872118068,0.0
2023-10-13 00:00:00,0.4108751074520472,0.0
2023-10-13 01:00:00,0.3994335331023134,0.0
2023-10-13 02:00:00,0.39473431506581563,0.0
2023-10-13 03:00:00,0.42558570304456206,0.0
2023-10-13 04:00:00,0.39309980444442505,0.0
2023-10-13 05:00:00,0.3945300012381418,0.0
2023-10-13 06:00:00,0.394325687410468,0.0
2023-10-13 07:00:00,0.3928954906167513,0.0
2023-10-13 08:00:00,0.3922825491337298,0.0
2023-10-13 09:00:00,0.5728959727973845,0.08288819303739178
2023-10-13 10:00:00,0.593735983220114,0.20169460305765333
2023-10-13 11:00:00,0.8789580866527633,0.42733468410388653
2023-10-13 12:00:00,1.0401616966874054,0.9430834407809909
2023-10-13 13:00:00,1.09553074398701,1.424755940320501
2023-10-13 14:00:00,1.2222053171447769,0.9918953766807883
2023-10-13 15:00:00,1.269197497509755,0.3490513906796832
2023-10-13 16:00:00,1.2454970934995921,0.2680051574875668
2023-10-13 17:00:00,0.9852012770431485,0.19432676367655183
2023-10-13 18:00:00,0.8666992569923343,0.2680051574875668
2023-10-13 19:00:00,0.6883332854330916,0.061705654816725
2023-10-13 20:00:00,0.4478559102610082,0.0
2023-10-13 21:00:00,0.4102621659690257,0.0
2023-10-13 22:00:00,0.39882059161929195,0.0
2023-10-13 23:00:00,0.39493862889348946,0.0
2023-10-14 00:00:00,0.40147667137905163,0.0
2023-10-14 01:00:00,0.4061758894155494,0.0
2023-10-14 02:00:00,0.3973903948255752,0.0
2023-10-14 03:00:00,0.3904437246846654,0.0
2023-10-14 04:00:00,0.39371274592744654,0.0
2023-10-14 05:00:00,0.3933041182720989,0.0
2023-10-14 06:00:00,0.39309980444442505,0.0
2023-10-14 07:00:00,0.3918739214783822,0.0
2023-10-14 08:00:00,0.3914652938230345,0.005525879535826119
2023-10-14 09:00:00,0.3902394108569916,0.22195616135568247
2023-10-14 10:00:00,0.3922825491337298,0.6732363234481488
2023-10-14 11:00:00,0.3924868629614036,0.8473015288266716
2023-10-14 12:00:00,0.39473431506581563,1.4744888561429361
2023-10-14 13:00:00,0.39473431506581563,1.6550009209799228
2023-10-14 14:00:00,0.3982076501362705,2.5907165223798123
2023-10-14 15:00:00,0.4304892349087337,2.103518143304476
2023-10-14 16:00:00,0.4270158998382788,0.7220482593479461
2023-10-14 17:00:00,0.45051199002076786,0.3628660895192485
2023-10-14 18:00:00,0.4190476605589999,0.3379996316080309
2023-10-14 19:00:00,0.4108751074520472,0.0884140725732179
2023-10-14 20:00:00,0.4108751074520472,0.0
2023-10-14 21:00:00,0.4096492244860043,0.0
2023-10-14 22:00:00,0.4071974585539185,0.0
2023-10-14 23:00:00,0.39473431506581563,0.0
2023-10-15 00:00:00,0.3990249054469658,0.0
2023-10-15 01:00:00,0.40045510224068254,0.0
2023-10-15 02:00:00,0.3912609799953607,0.0
2023-10-15 03:00:00,0.3914652938230345,0.0
2023-10-15 04:00:00,0.3933041182720989,0.0
2023-10-15 05:00:00,0.4024982405174207,0.0
2023-10-15 06:00:00,0.40495000644950646,0.0
2023-10-15 07:00:00,0.40045510224068254,0.0
2023-10-15 08:00:00,0.39473431506581563,0.0
2023-10-15 09:00:00,0.3902394108569916,0.08104623319211642
2023-10-15 10:00:00,0.3904437246846654,0.23577086019524773
2023-10-15 11:00:00,0.39269117678907745,0.3122121937741757
2023-10-15 12:00:00,0.3914652938230345,0.44575428255664024
2023-10-15 13:00:00,0.38921784171862256,0.7809909743967581
2023-10-15 14:00:00,0.3904437246846654,0.7865168539325842
2023-10-15 15:00:00,0.3955515703765109,0.8113833118438019
2023-10-15 16:00:00,0.4002507884130087,0.9817645975317737
2023-10-15 17:00:00,0.3922825491337298,0.5185116964450175
2023-10-15 18:00:00,0.4022939266897469,0.18235402468226192
2023-10-15 19:00:00,0.40311118200044216,0.027629397679130592
2023-10-15 20:00:00,0.39984216075766105,0.0
2023-10-15 21:00:00,0.40208961286207306,0.0
2023-10-15 22:00:00,0.39371274592744654,0.0
2023-10-15 23:00:00,0.39371274592744654,0.0
2023-10-16 00:00:00,0.4002507884130087,0.0
2023-10-16 01:00:00,0.3984119639639443,0.0
2023-10-16 02:00:00,0.3945300012381418,0.0
2023-10-16 03:00:00,0.39371274592744654,0.0
2023-10-16 04:00:00,0.39166960765070835,0.0
2023-10-16 05:00:00,0.3904437246846654,0.0
2023-10-16 06:00:00,0.38983078320164405,0.0
2023-10-16 07:00:00,0.3924868629614036,0.0
2023-10-16 08:00:00,0.3896264693739702,0.0
2023-10-16 09:00:00,0.514257904254999,0.08380917296002947
2023-10-16 10:00:00,0.6217269776114269,0.32878983238165405
2023-10-16 11:00:00,0.8940773099006258,0.5921900902560324
2023-10-16 12:00:00,0.9802977451789768,0.652053785227482
2023-10-16 13:00:00,0.8985722141094499,0.6096887087861484
2023-10-16 14:00:00,0.9937824578054488,0.4190458648001474
2023-10-16 15:00:00,1.0354624786509077,0.5949530300239455
2023-10-16 16:00:00,1.0738734782535855,0.46785780069994476
2023-10-16 17:00:00,1.135984881866426,0.5691655921900902
2023-10-16 18:00:00,0.8777322036867204,0.3131331736968134
2023-10-16 19:00:00,0.7001834874381729,0.05249585559034813
2023-10-16 20:00:00,0.5921014725987234,0.0
2023-10-16 21:00:00,0.43661864973894826,0.0
2023-10-16 22:00:00,0.42252099562945483,0.0
2023-10-16 23:00:00,0.41843471907597846,0.0
2023-10-17 00:00:00,0.4123053042457639,0.0
2023-10-17 01:00:00,0.4121009904180901,0.0
2023-10-17 02:00:00,0.4125096180734377,0.0
2023-10-17 03:00:00,0.41169236276274246,0.0
2023-10-17 04:00:00,0.43151080404710274,0.0
2023-10-17 05:00:00,0.4259943306999097,0.0
2023-10-17 06:00:00,0.41761746376528314,0.0
2023-10-17 07:00:00,0.40597157558787555,0.0
2023-10-17 08:00:00,0.4057672617602018,0.0
2023-10-17 09:00:00,0.5210002605682349,0.08565113280530486
2023-10-17 10:00:00,0.5463351751997882,0.27629397679130596
2023-10-17 11:00:00,0.7990713800323007,0.5627187327316264
2023-10-17 12:00:00,0.9776416654192173,0.31773807331000187
2023-10-17 13:00:00,0.9674259740355263,0.496408178301713
2023-10-17 14:00:00,1.030558946786736,0.9421624608583533
2023-10-17 15:00:00,1.2996402578331538,0.6695524037575982
2023-10-17 16:00:00,1.311490459838235,0.22103518143304474
2023-10-17 17:00:00,1.186450397301859,0.1768281451464358
2023-10-17 18:00:00,0.9811150004896722,0.04236507644133358
2023-10-17 19:00:00,0.6096724617786717,0.003683919690550746
2023-10-17 20:00:00,0.5334634040563377,0.0
2023-10-17 21:00:00,0.4192519743866737,0.0
2023-10-17 22:00:00,0.41863903290365223,0.0
2023-10-17 23:00:00,0.41680020845458793,0.0
2023-10-18 00:00:00,0.4180260914206308,0.0
2023-10-18 01:00:00,0.4165958946269141,0.0
2023-10-18 02:00:00,0.4151656978331974,0.0
2023-10-18 03:00:00,0.4165958946269141,0.0
2023-10-18 04:00:00,0.41598295314389266,0.0
2023-10-18 05:00:00,0.41700452228226176,0.0
2023-10-18 06:00:00,0.4151656978331974,0.0
2023-10-18 07:00:00,0.41598295314389266,0.0
2023-10-18 08:00:00,0.4597061122660896,0.0
2023-10-18 09:00:00,0.5592069463432388,0.08104623319211642
2023-10-18 10:00:00,0.6723968068745337,0.3149751335420887
2023-10-18 11:00:00,0.8630216080942055,0.7202062995026709
2023-10-18 12:00:00,0.9234985010856556,1.348314606741573
2023-10-18 13:00:00,0.9312624265372605,1.3077914901455148
2023-10-18 14:00:00,0.9292192882605225,1.3777859642659789
2023-10-18 15:00:00,0.945360080646754,1.0296555535089336
2023-10-18 16:00:00,0.9568016549964878,0.7128384601215694
2023-10-18 17:00:00,0.9106267299422051,0.44391232271136494
2023-10-18 18:00:00,0.6993662321274777,0.010130779149014552
2023-10-18 19:00:00,0.525290850949385,0.003683919690550746
2023-10-18 20:00:00,0.42885472428734317,0.0
2023-10-18 21:00:00,0.41537001166087123,0.0
2023-10-18 22:00:00,0.4161872669715665,0.0
2023-10-18 23:00:00,0.41598295314389266,0.0
2023-10-19 00:00:00,0.41537001166087123,0.0
2023-10-19 01:00:00,0.41598295314389266,0.0
2023-10-19 02:00:00,0.4151656978331974,0.0
2023-10-19 03:00:00,0.4145527563501759,0.0
2023-10-19 04:00:00,0.4165958946269141,0.0
2023-10-19 05:00:00,0.41496138400552357,0.0
2023-10-19 06:00:00,0.41067079362437336,0.0
2023-10-19 07:00:00,0.4108751074520472,0.0
2023-10-19 08:00:00,0.411079421279721,0.0
2023-10-19 09:00:00,0.5122147659782608,0.01841959845275373
2023-10-19 10:00:00,0.5786167599722515,0.1372260084730153
2023-10-19 11:00:00,0.7385944870408506,0.1841959845275373
2023-10-19 12:00:00,0.8299227680110471,0.44575428255664024
2023-10-19 13:00:00,0.7535093964610393,0.5277214956713944
2023-10-19 14:00:00,0.7947807896511504,0.4798305396942347
2023-10-19 15:00:00,0.8624086666111841,1.6025050653895745
2023-10-19 16:00:00,0.9469945912681447,1.1125437465463253
2023-10-19 17:00:00,0.8664949431646605,0.664026524221772
2023-10-19 18:00:00,0.7416591944559578,0.24866457911217538
2023-10-19 19:00:00,0.6088552064679765,0.022103518143304475
2023-10-19 20:00:00,0.4161872669715665,0.0
2023-10-19 21:00:00,0.4024982405174207,0.0
2023-10-19 22:00:00,0.4035198096557898,0.0
2023-10-19 23:00:00,0.404337064966485,0.0
2023-10-20 00:00:00,0.4027025543450945,0.0
2023-10-20 01:00:00,0.39984216075766105,0.0
2023-10-20 02:00:00,0.4000464745853349,0.0
2023-10-20 03:00:00,0.3980033363085967,0.0
2023-10-20 04:00:00,0.40045510224068254,0.0
2023-10-20 05:00:00,0.4012723575513778,0.0
2023-10-20 06:00:00,0.4002507884130087,0.0
2023-10-20 07:00:00,0.3986162777916181,0.0
2023-10-20 08:00:00,0.4006594160683563,0.0
2023-10-20 09:00:00,0.5224304573619516,0.0957819119543194
2023-10-20 10:00:00,0.5884238237005947,0.45220114201510403
2023-10-20 11:00:00,0.6965058385400442,0.5442991342788727
2023-10-20 12:00:00,0.8454506189142573,1.2055627187327316
2023-10-20 13:00:00,0.7085603543727995,1.4431755387732548
2023-10-20 14:00:00,0.7906945130976741,2.2785043286056363
2023-10-20 15:00:00,0.8814098525848492,1.6946030576533433
2023-10-20 16:00:00,0.9302408573988915,0.9937373365260638
2023-10-20 17:00:00,0.8991851555924713,0.6188985080125253
2023-10-20 18:00:00,0.7087646682004732,0.3278688524590164
2023-10-20 19:00:00,0.5232477126726469,0.06999447412046418
2023-10-20 20:00:00,0.43661864973894826,0.0
2023-10-20 21:00:00,0.3755288152644768,0.0
2023-10-20 22:00:00,0.37879783650725785,0.0
2023-10-20 23:00:00,0.3702166557449575,0.0
2023-10-21 00:00:00,0.3779805811965626,0.0
2023-10-21 01:00:00,0.3738943046430862,0.0
2023-10-21 02:00:00,0.37716332588586726,0.0
2023-10-21 03:00:00,0.3702166557449575,0.0
2023-10-21 04:00:00,0.3783892088519102,0.0
2023-10-21 05:00:00,0.3734856769877386,0.0
2023-10-21 06:00:00,0.3728727355047171,0.0
2023-10-21 07:00:00,0.37614175674749817,0.0
2023-10-21 08:00:00,0.37062528340030515,0.0009209799226376865
2023-10-21 09:00:00,0.3755288152644768,0.20261558298029103
2023-10-21 10:00:00,0.3693994004342622,0.5746914717259164
2023-10-21 11:00:00,0.371851166366348,1.1383311843801804
2023-10-21 12:00:00,0.3779805811965626,1.140173144225456
2023-10-21 13:00:00,0.383088426888408,1.678025419045865
2023-10-21 14:00:00,0.38370136837142943,1.5205378522748203
2023-10-21 15:00:00,0.38370136837142943,1.1374102044575427
2023-10-21 16:00:00,0.3847229375097985,1.1613556824461226
2023-10-21 17:00:00,0.3834970545437556,0.6806041628292503
2023-10-21 18:00:00,0.3834970545437556,0.293792595321422
2023-10-21 19:00:00,0.3806366609563222,0.029471357524405967
2023-10-21 20:00:00,0.3816582300946913,0.0
2023-10-21 21:00:00,0.38104528861166986,0.0
2023-10-21 22:00:00,0.37593744291982445,0.0
2023-10-21 23:00:00,0.3685821451235669,0.0
2023-10-22 00:00:00,0.3747115599537815,0.0
2023-10-22 01:00:00,0.36817351746821936,0.0
2023-10-22 02:00:00,0.37266842167704334,0.0
2023-10-22 03:00:00,0.364087240914743,0.0
2023-10-22 04:00:00,0.3722597940216957,0.0
2023-10-22 05:00:00,0.36694763450217643,0.0
2023-10-22 06:00:00,0.36694763450217643,0.0
2023-10-22 07:00:00,0.3677648898128717,0.0
2023-10-22 08:00:00,0.3579578260845284,0.0
2023-10-22 09:00:00,0.36326998560404766,0.1031497513354209
2023-10-22 10:00:00,0.35468880484174736,0.4991711180696261
2023-10-22 11:00:00,0.36265704412102623,0.7957266531589612
2023-10-22 12:00:00,0.3575491984291808,1.1051759071652238
2023-10-22 13:00:00,0.3657217515361335,1.6678946398968502
2023-10-22 14:00:00,0.36388292708706915,1.421993000552588
2023-10-22 15:00:00,0.3677648898128717,1.1641186222140356
2023-10-22 16:00:00,0.37879783650725785,1.0093939952109043
2023-10-22 17:00:00,0.3802280333009746,0.769939215325106
2023-10-22 18:00:00,0.37879783650725785,0.3997052864247559
2023-10-22 19:00:00,0.376346070575172,0.07459937373365261
2023-10-22 20:00:00,0.3755288152644768,0.0
2023-10-22 21:00:00,0.37614175674749817,0.0
2023-10-22 22:00:00,0.37655038440284583,0.0
2023-10-22 23:00:00,0.3757331290921506,0.0
2023-10-23 00:00:00,0.369603714261936,0.0
2023-10-23 01:00:00,0.3728727355047171,0.0
2023-10-23 02:00:00,0.36592606536380734,0.0
2023-10-23 03:00:00,0.37368999081541243,0.0
2023-10-23 04:00:00,0.366334693019155,0.0
2023-10-23 05:00:00,0.37103391105565275,0.0
2023-10-23 06:00:00,0.36715194832985026,0.0
2023-10-23 07:00:00,0.36592606536380734,0.0
2023-10-23 08:00:00,0.38002371947330077,0.0
2023-10-23 09:00:00,0.4778900429290594,0.007367839381101492
2023-10-23 10:00:00,0.5632932228967151,0.11788543009762387
2023-10-23 11:00:00,0.6895591683991343,0.32878983238165405
2023-10-23 12:00:00,0.8709898473734844,0.6281083072389022
2023-10-23 13:00:00,0.8043835395518198,1.1447780438386443
2023-10-23 14:00:00,0.8932600545899305,1.6107938846933136
2023-10-23 15:00:00,0.9396392934718871,1.3823908638791673
2023-10-23 16:00:00,0.9181863415661363,0.7911217535457727
2023-10-23 17:00:00,0.8248149223192017,0.2808988764044944
2023-10-23 18:00:00,0.7714890132963352,0.23024498065942162
2023-10-23 19:00:00,0.7044740778193231,0.053416835512985816
2023-10-23 20:00:00,0.5001602501455055,0.0
2023-10-23 21:00:00,0.415574325488545,0.0
2023-10-23 22:00:00,0.4024982405174207,0.0
2023-10-23 23:00:00,0.4118966765904163,0.0
2023-10-24 00:00:00,0.4057672617602018,0.0
2023-10-24 01:00:00,0.4067888308985709,0.0
2023-10-24 02:00:00,0.40208961286207306,0.0
2023-10-24 03:00:00,0.4051543202771803,0.0
2023-10-24 04:00:00,0.40658451707089704,0.0
2023-10-24 05:00:00,0.3996378469299872,0.0
2023-10-24 06:00:00,0.4121009904180901,0.0
2023-10-24 07:00:00,0.3996378469299872,0.0
2023-10-24 08:00:00,0.4282417828043217,0.0
2023-10-24 09:00:00,0.4460170858119438,0.06723153435255111
2023-10-24 10:00:00,0.6707622962531432,0.1501197273899429
2023-10-24 11:00:00,0.8852918153106516,0.2256400810462332
2023-10-24 12:00:00,1.2089249183459787,0.4153619451095966
2023-10-24 13:00:00,1.2463143488102875,0.3776017682814515
2023-10-24 14:00:00,1.6022290366180776,0.2818198563271321
2023-10-24 15:00:00,1.0264726702332596,0.37299686866826304
2023-10-24 16:00:00,1.0191173724370022,0.8786148461963529
2023-10-24 17:00:00,1.1770519612288632,0.496408178301713
2023-10-24 18:00:00,0.8045878533794938,0.32234297292319025
2023-10-24 19:00:00,0.6211140361284055,0.06262663473936268
2023-10-24 20:00:00,0.44458688901822707,0.0
2023-10-24 21:00:00,0.37328136316006477,0.0
2023-10-24 22:00:00,0.3728727355047171,0.0
2023-10-24 23:00:00,0.37062528340030515,0.0
2023-10-25 00:00:00,0.3702166557449575,0.0
2023-10-25 01:00:00,0.3693994004342622,0.0
2023-10-25 02:00:00,0.36756057598519787,0.0
2023-10-25 03:00:00,0.3693994004342622,0.0
2023-10-25 04:00:00,0.37103391105565275,0.0
2023-10-25 05:00:00,0.37062528340030515,0.0
2023-10-25 06:00:00,0.36796920364054553,0.0
2023-10-25 07:00:00,0.36878645895124074,0.0
2023-10-25 08:00:00,0.3747115599537815,0.0
2023-10-25 09:00:00,0.4501033623654202,0.06631055442991343
2023-10-25 10:00:00,0.4936222076599433,0.352735310370234
2023-10-25 11:00:00,0.7032481948532802,0.6096887087861484
2023-10-25 12:00:00,0.9202294798428745,0.46233192116411864
2023-10-25 13:00:00,0.8284925712173303,0.3545772702155093
2023-10-25 14:00:00,0.9214553628089174,0.25050653895745073
2023-10-25 15:00:00,0.9508765539939471,0.16946030576533433
2023-10-25 16:00:00,0.9813193143173459,0.11696445017498619
2023-10-25 17:00:00,1.013600899089809,0.08104623319211642
2023-10-25 18:00:00,0.9406608626102563,0.04052311659605821
2023-10-25 19:00:00,0.5543034144790672,0.003683919690550746
2023-10-25 20:00:00,0.4349841391175577,0.0
2023-10-25 21:00:00,0.40290686817276833,0.0
2023-10-25 22:00:00,0.4006594160683563,0.0
2023-10-25 23:00:00,0.4112837351073948,0.0
2023-10-26 00:00:00,0.4139398148671545,0.0
2023-10-26 01:00:00,0.41271393190111155,0.0
2023-10-26 02:00:00,0.41373550103948065,0.0
2023-10-26 03:00:00,0.411079421279721,0.0
2023-10-26 04:00:00,0.40658451707089704,0.0
2023-10-26 05:00:00,0.41475707017784974,0.0
2023-10-26 06:00:00,0.4161872669715665,0.0
2023-10-26 07:00:00,0.410057852141352,0.0
2023-10-26 08:00:00,0.40924059683065667,0.0
2023-10-26 09:00:00,0.439070415671034,0.010130779149014552
2023-10-26 10:00:00,0.47993318120579753,0.08473015288266716
2023-10-26 11:00:00,0.6768917110833577,0.11512249032971081
2023-10-26 12:00:00,0.8611827836451412,0.12801620924663842
2023-10-26 13:00:00,1.1120801640285891,0.16025050653895745
2023-10-26 14:00:00,1.034032281857191,1.5407994105728495
2023-10-26 15:00:00,0.967834601690874,1.724995395100387
2023-10-26 16:00:00,0.9753942133148052,0.9790016577638607
2023-10-26 17:00:00,0.9557800858581188,0.42641370418124885
2023-10-26 18:00:00,0.8135776617971417,0.29839749493461043
2023-10-26 19:00:00,0.6511481687964567,0.025787437833855224
2023-10-26 20:00:00,0.5532818453406981,0.0
2023-10-26 21:00:00,0.5381626220928355,0.0
2023-10-26 22:00:00,0.4699218036497805,0.0
2023-10-26 23:00:00,0.4161872669715665,0.0
2023-10-27 00:00:00,0.41537001166087123,0.0
2023-10-27 01:00:00,0.41598295314389266,0.0
2023-10-27 02:00:00,0.4180260914206308,0.0
2023-10-27 03:00:00,0.41577863931621883,0.0
2023-10-27 04:00:00,0.403315495828116,0.0
2023-10-27 05:00:00,0.39166960765070835,0.0
2023-10-27 06:00:00,0.3888092140632749,0.0
2023-10-27 07:00:00,0.3888092140632749,0.0
2023-10-27 08:00:00,0.3877876449249058,0.0
2023-10-27 09:00:00,0.49260063852157426,0.1436728679314791
2023-10-27 10:00:00,0.5269253615707756,0.45956898139620556
2023-10-27 11:00:00,0.6366418870316157,0.9126911033339473
2023-10-27 12:00:00,0.7148940830306878,0.8675630871247008
2023-10-27 13:00:00,0.6550301315222593,1.5969791858537483
2023-10-27 14:00:00,0.6239744297158389,1.436728679314791
2023-10-27 15:00:00,0.7582086144975372,1.1235955056179776
2023-10-27 16:00:00,0.8415686561884547,0.7358629581875115
2023-10-27 17:00:00,0.832170220115459,0.3803647080493645
2023-10-27 18:00:00,0.7130552585816234,0.29471357524405967
2023-10-27 19:00:00,0.5099673138738487,0.04328605636397127
2023-10-27 20:00:00,0.48320220244857864,0.0
2023-10-27 21:00:00,0.4398876709817293,0.0
2023-10-27 22:00:00,0.3969817671702276,0.0
2023-10-27 23:00:00,0.39596019803185856,0.0
2023-10-28 00:00:00,0.39064803851233926,0.0
2023-10-28 01:00:00,0.3918739214783822,0.0
2023-10-28 02:00:00,0.3845186236821247,0.0
2023-10-28 03:00:00,0.37879783650725785,0.0
2023-10-28 04:00:00,0.3841099960267771,0.0
2023-10-28 05:00:00,0.3992292192746396,0.0
2023-10-28 06:00:00,0.3961645118595324,0.0
2023-10-28 07:00:00,0.4053586341048541,0.0
2023-10-28 08:00:00,0.40188529903439923,0.0
2023-10-28 09:00:00,0.4002507884130087,0.1768281451464358
2023-10-28 10:00:00,0.39309980444442505,0.3333947319948425
2023-10-28 11:00:00,0.3951429427211633,0.8740099465831646
2023-10-28 12:00:00,0.3908523523400131,1.060968870878615
2023-10-28 13:00:00,0.3922825491337298,1.4431755387732548
2023-10-28 14:00:00,0.3861531343035153,0.9265058021735126
2023-10-28 15:00:00,0.3896264693739702,1.0296555535089336
2023-10-28 16:00:00,0.38921784171862256,0.7865168539325842
2023-10-28 17:00:00,0.3888092140632749,0.2680051574875668
2023-10-28 18:00:00,0.3873790172695582,0.17498618530116042
2023-10-28 19:00:00,0.38370136837142943,0.011051759071652238
2023-10-28 20:00:00,0.3888092140632749,0.0
2023-10-28 21:00:00,0.38656176195886294,0.0
2023-10-28 22:00:00,0.38492725133747235,0.0
2023-10-28 23:00:00,0.38492725133747235,0.0
2023-10-29 00:00:00,0.38370136837142943,0.0
2023-10-29 01:00:00,0.3922825491337298,0.0
2023-10-29 02:00:00,0.3804323471286484,0.0
2023-10-29 03:00:00,0.38145391626701747,0.0
2023-10-29 04:00:00,0.38206685775003896,0.0
2023-10-29 05:00:00,0.3824754854053865,0.0
2023-10-29 06:00:00,0.37593744291982445,0.0
2023-10-29 07:00:00,0.37675469823051966,0.0
2023-10-29 08:00:00,0.37512018760912913,0.10959661079388469
2023-10-29 09:00:00,0.3757331290921506,0.4881193589979738
2023-10-29 10:00:00,0.38002371947330077,0.7570454964081783
2023-10-29 11:00:00,0.37532450143680296,1.1208325658500646
2023-10-29 12:00:00,0.3794107779902793,1.777491250690735
2023-10-29 13:00:00,0.3818625439223651,1.5435623503407625
2023-10-29 14:00:00,0.38267979923306034,1.2027997789648186
2023-10-29 15:00:00,0.37879783650725785,0.5571928531958004
2023-10-29 16:00:00,0.3822711715777128,0.30208141462516114
2023-10-29 17:00:00,0.37818489502423636,0.2035365629029287
2023-10-29 18:00:00,0.37409861847076004,0.013814698839565296
2023-10-29 19:00:00,0.3745072461261077,0.0
2023-10-29 20:00:00,0.37328136316006477,0.0
2023-10-29 21:00:00,0.37716332588586726,0.0
2023-10-29 22:00:00,0.3728727355047171,0.0
2023-10-29 23:00:00,0.3757331290921506,0.0
2023-10-30 00:00:00,0.37409861847076004,0.0
2023-10-30 01:00:00,0.3704209695726313,0.0
2023-10-30 02:00:00,0.37716332588586726,0.0
2023-10-30 03:00:00,0.37001234191728366,0.0
2023-10-30 04:00:00,0.3775719535412149,0.0
2023-10-30 05:00:00,0.36878645895124074,0.0
2023-10-30 06:00:00,0.37001234191728366,0.0
2023-10-30 07:00:00,0.3755288152644768,0.001841959845275373
2023-10-30 08:00:00,0.36878645895124074,0.1482777675446675
2023-10-30 09:00:00,0.3945300012381418,0.2523484988027261
2023-10-30 10:00:00,0.5630889090690413,0.7395468778780623
2023-10-30 11:00:00,0.7502403752182583,0.772702155093019
2023-10-30 12:00:00,0.939843607299561,1.5076441333578927
2023-10-30 13:00:00,0.8125560926587727,1.7038128568797202
2023-10-30 14:00:00,1.032806398891148,1.051759071652238
2023-10-30 15:00:00,1.1488566530098763,0.6621845643764966
2023-10-30 16:00:00,1.0697872017001089,0.5286424755940321
2023-10-30 17:00:00,1.0667224942850018,0.3076072941609873
2023-10-30 18:00:00,0.8867220121043684,0.05894271504881193
2023-10-30 19:00:00,0.5818857812150325,0.0
2023-10-30 20:00:00,0.47441670785860446,0.0
2023-10-30 21:00:00,0.38145391626701747,0.0
2023-10-30 22:00:00,0.3794107779902793,0.0
2023-10-30 23:00:00,0.37328136316006477,0.0
2023-10-31 00:00:00,0.37409861847076004,0.0
2023-10-31 01:00:00,0.37655038440284583,0.0
2023-10-31 02:00:00,0.3722597940216957,0.0
2023-10-31 03:00:00,0.376346070575172,0.0
2023-10-31 04:00:00,0.3714425387110004,0.0
2023-10-31 05:00:00,0.376346070575172,0.0
2023-10-31 06:00:00,0.3728727355047171,0.0
2023-10-31 07:00:00,0.37164685253867424,0.0
2023-10-31 08:00:00,0.376346070575172,0.07367839381101492
2023-10-31 09:00:00,0.3963688256872061,0.2781359366365813
2023-10-31 10:00:00,0.48524534072531683,0.6474488856142936
2023-10-31 11:00:00,0.5773908770062085,0.7284951188064099
2023-10-31 12:00:00,0.9161432032893982,1.5647448885614292
2023-10-31 13:00:00,0.8675165123030295,1.4404125990053418
2023-10-31 14:00:00,0.7377772317301554,1.2295081967213115
2023-10-31 15:00:00,0.8258364914575708,0.9495303002394548
2023-10-31 16:00:00,0.8250192361468754,0.5295634555166697
2023-10-31 17:00:00,0.7655639122937946,0.1768281451464358
2023-10-31 18:00:00,0.6006826533610237,0.004604899613188432
2023-10-31 19:00:00,0.3804323471286484,0.0
2023-10-31 20:00:00,0.3514197835989663,0.0
2023-10-31 21:00:00,0.30667505533840017,0.0
2023-10-31 22:00:00,0.2888997523307781,0.0
2023-10-31 23:00:00,0.287878183192409,0.0
2023-11-01 00:00:00,0.28583504491567086,0.0
2023-11-01 01:00:00,0.28583504491567086,0.0
2023-11-01 02:00:00,0.2850177896049756,0.0
2023-11-01 03:00:00,0.2880824970200828,0.0
2023-11-01 04:00:00,0.2823617098452159,0.0
2023-11-01 05:00:00,0.2854264172603232,0.0
2023-11-01 06:00:00,0.27786680563639193,0.0
2023-11-01 07:00:00,0.2844048481219541,0.0
2023-11-01 08:00:00,0.2782754332917396,0.08288819303739178
2023-11-01 09:00:00,0.2807271992238254,0.34352551114385704
2023-11-01 10:00:00,0.2831789651559112,0.634555166697366
2023-11-01 11:00:00,0.2827703375005636,0.8307238902191932
2023-11-01 12:00:00,0.28726524170938755,1.3096334499907902
2023-11-01 13:00:00,0.2854264172603232,0.957819119543194
2023-11-01 14:00:00,0.2874695555370613,0.8565113280530484
2023-11-01 15:00:00,0.2868566140540399,0.478909559771597
2023-11-01 16:00:00,0.287878183192409,0.1648554061521459
2023-11-01 17:00:00,0.2888997523307781,0.053416835512985816
2023-11-01 18:00:00,0.28869543850310425,0.0
2023-11-01 19:00:00,0.28828681084775665,0.0
2023-11-01 20:00:00,0.2884911246754305,0.0
2023-11-01 21:00:00,0.2884911246754305,0.0
2023-11-01 22:00:00,0.2911472044351901,0.0
2023-11-01 23:00:00,0.29073857677984244,0.0
2023-11-02 00:00:00,0.28767386936473516,0.0
2023-11-02 01:00:00,0.2880824970200828,0.0
2023-11-02 02:00:00,0.28869543850310425,0.0
2023-11-02 03:00:00,0.2891040661584519,0.0
2023-11-02 04:00:00,0.28665230022636606,0.0
2023-11-02 05:00:00,0.2870609278817137,0.0
2023-11-02 06:00:00,0.2788883747747611,0.0
2023-11-02 07:00:00,0.28583504491567086,0.0
2023-11-02 08:00:00,0.2801142577408039,0.06446859458463805
2023-11-02 09:00:00,0.36796920364054553,0.29471357524405967
2023-11-02 10:00:00,0.43232805935779806,0.40799410572849515
2023-11-02 11:00:00,0.7097862373388423,0.7091545404310186
2023-11-02 12:00:00,0.7535093964610393,1.245164855406152
2023-11-02 13:00:00,0.8871306397597161,1.037023392890035
2023-11-02 14:00:00,0.8932600545899305,0.5921900902560324
2023-11-02 15:00:00,0.8382996349456737,0.6419230060784675
2023-11-02 16:00:00,0.8615914113004889,0.5332473752072204
2023-11-02 17:00:00,0.8184811936613133,0.308528274083625
2023-11-02 18:00:00,0.7925333375467385,0.02118253822066679
2023-11-02 19:00:00,0.6002740257056762,0.0
2023-11-02 20:00:00,0.562271653758346,0.0
2023-11-02 21:00:00,0.44540414432892234,0.0
2023-11-02 22:00:00,0.43559708060057917,0.0
2023-11-02 23:00:00,0.4306935487364075,0.0
2023-11-03 00:00:00,0.38145391626701747,0.0
2023-11-03 01:00:00,0.3832927407160818,0.0
2023-11-03 02:00:00,0.3816582300946913,0.0
2023-11-03 03:00:00,0.3773676397135411,0.0
2023-11-03 04:00:00,0.38390568219910326,0.0
2023-11-03 05:00:00,0.3783892088519102,0.0
2023-11-03 06:00:00,0.3747115599537815,0.0
2023-11-03 07:00:00,0.378593522679584,0.0
2023-11-03 08:00:00,0.37879783650725785,0.08012525326947872
2023-11-03 09:00:00,0.5052680958373509,0.40338920611530665
2023-11-03 10:00:00,0.6337814934441822,0.7294160987290477
2023-11-03 11:00:00,0.6235658020604914,0.957819119543194
2023-11-03 12:00:00,0.8131690341417941,1.5592190090256033
2023-11-03 13:00:00,0.7876298056825668,1.3519985264321237
2023-11-03 14:00:00,0.7804788217139832,1.259900534168355
2023-11-03 15:00:00,0.7919203960637171,0.8159882114569903
2023-11-03 16:00:00,0.7890600024762836,0.30668631423834963
2023-11-03 17:00:00,0.7606603804296229,0.0884140725732179
2023-11-03 18:00:00,0.6603422910417784,0.0
2023-11-03 19:00:00,0.40495000644950646,0.0
2023-11-03 20:00:00,0.39473431506581563,0.0
2023-11-03 21:00:00,0.3951429427211633,0.0
2023-11-03 22:00:00,0.3918739214783822,0.0
2023-11-03 23:00:00,0.394325687410468,0.0
2023-11-04 00:00:00,0.3963688256872061,0.0
2023-11-04 01:00:00,0.3963688256872061,0.0
2023-11-04 02:00:00,0.39207823530605596,0.0
2023-11-04 03:00:00,0.40106804372370397,0.0
2023-11-04 04:00:00,0.4027025543450945,0.0
2023-11-04 05:00:00,0.3996378469299872,0.0
2023-11-04 06:00:00,0.40086372989603014,0.0
2023-11-04 07:00:00,0.39984216075766105,0.0
2023-11-04 08:00:00,0.3994335331023134,0.001841959845275373
2023-11-04 09:00:00,0.39779902248092286,0.12709522932400072
2023-11-04 10:00:00,0.3973903948255752,0.2799778964818567
2023-11-04 11:00:00,0.3973903948255752,0.8132252716890771
2023-11-04 12:00:00,0.39759470865324903,1.3105544299134277
2023-11-04 13:00:00,0.3980033363085967,1.4827776754466755
2023-11-04 14:00:00,0.39677745334255377,0.9403205010130778
2023-11-04 15:00:00,0.39207823530605596,0.6833671025971634
2023-11-04 16:00:00,0.39596019803185856,0.5839012709522933
2023-11-04 17:00:00,0.3971860809979014,0.32510591269110334
2023-11-04 18:00:00,0.3963688256872061,0.025787437833855224
2023-11-04 19:00:00,0.39207823530605596,0.0
2023-11-04 20:00:00,0.3980033363085967,0.0
2023-11-04 21:00:00,0.3877876449249058,0.0
2023-11-04 22:00:00,0.39677745334255377,0.0
2023-11-04 23:00:00,0.3896264693739702,0.0
2023-11-05 00:00:00,0.38983078320164405,0.0
2023-11-05 01:00:00,0.3914652938230345,0.0
2023-11-05 02:00:00,0.38819627258025347,0.0
2023-11-05 03:00:00,0.3945300012381418,0.0
2023-11-05 04:00:00,0.38921784171862256,0.0
2023-11-05 05:00:00,0.3912609799953607,0.0
2023-11-05 06:00:00,0.3912609799953607,0.0
2023-11-05 07:00:00,0.3873790172695582,0.0
2023-11-05 08:00:00,0.3922825491337298,0.11512249032971081
2023-11-05 09:00:00,0.38554019282049384,0.3619451095966108
2023-11-05 10:00:00,0.3894221555462964,0.572849511880641
2023-11-05 11:00:00,0.39371274592744654,0.8869036655000921
2023-11-05 12:00:00,0.38656176195886294,1.1060968870878616
2023-11-05 13:00:00,0.3955515703765109,1.4146251611714864
2023-11-05 14:00:00,0.38819627258025347,0.972554798305397
2023-11-05 15:00:00,0.38921784171862256,0.6686314238349604
2023-11-05 16:00:00,0.39391705975512037,0.43101860379443724
2023-11-05 17:00:00,0.39534725654883707,0.22932400073678394
2023-11-05 18:00:00,0.38819627258025347,0.0340762571375944
2023-11-05 19:00:00,0.38901352789094873,0.0
2023-11-05 20:00:00,0.38594882047584145,0.0
2023-11-05 21:00:00,0.3861531343035153,0.0
2023-11-05 22:00:00,0.3834970545437556,0.0
2023-11-05 23:00:00,0.3824754854053865,0.0
2023-11-06 00:00:00,0.38084097478399603,0.0
2023-11-06 01:00:00,0.3822711715777128,0.0
2023-11-06 02:00:00,0.3857445066481676,0.0
2023-11-06 03:00:00,0.3824754854053865,0.0
2023-11-06 04:00:00,0.3822711715777128,0.0
2023-11-06 05:00:00,0.37879783650725785,0.0
2023-11-06 06:00:00,0.38084097478399603,0.0
2023-11-06 07:00:00,0.3818625439223651,0.0
2023-11-06 08:00:00,0.3747115599537815,0.11972738994289925
2023-11-06 09:00:00,0.4568457186786562,0.3140541536194511
2023-11-06 10:00:00,0.5810685259043373,0.7082335605083809
2023-11-06 11:00:00,0.8092870714159915,0.7192853195800332
2023-11-06 12:00:00,1.0740777920812592,1.1678025419045865
2023-11-06 13:00:00,1.2023868758604166,0.9320316817093387
2023-11-06 14:00:00,1.1065636906813963,1.8649843433413151
2023-11-06 15:00:00,1.302909279075935,0.7303370786516854
2023-11-06 16:00:00,1.1508997912866143,0.2910296555535089
2023-11-06 17:00:00,1.0599801379717657,0.16025050653895745
2023-11-06 18:00:00,0.9145086926680076,0.020261558298029104
2023-11-06 19:00:00,0.5508300794086123,0.0
2023-11-06 20:00:00,0.4378445327049911,0.0
2023-11-06 21:00:00,0.4380488465326649,0.0
2023-11-06 22:00:00,0.426811586010605,0.0
2023-11-06 23:00:00,0.4139398148671545,0.0
2023-11-07 00:00:00,0.3992292192746396,0.0
2023-11-07 01:00:00,0.4016809852067254,0.0
2023-11-07 02:00:00,0.3980033363085967,0.0
2023-11-07 03:00:00,0.40556294793252795,0.0
2023-11-07 04:00:00,0.4006594160683563,0.0
2023-11-07 05:00:00,0.40147667137905163,0.0
2023-11-07 06:00:00,0.4053586341048541,0.0
2023-11-07 07:00:00,0.3992292192746396,0.0
2023-11-07 08:00:00,0.4057672617602018,0.05249585559034813
2023-11-07 09:00:00,0.5246779094663636,0.29839749493461043
2023-11-07 10:00:00,0.7232709499653144,0.39878430650211827
2023-11-07 11:00:00,0.8180725660059657,0.8491434886719469
2023-11-07 12:00:00,1.087562504707731,1.169644501749862
2023-11-07 13:00:00,0.8832486770339134,1.4956713943636029
2023-11-07 14:00:00,0.7782313696095713,1.3777859642659789
2023-11-07 15:00:00,1.2569386678493257,0.861116227666237
2023-11-07 16:00:00,1.2898331941048105,0.5240375759808437
2023-11-07 17:00:00,1.1378237063154903,0.17406520537852274
2023-11-07 18:00:00,0.9643612666204191,0.011051759071652238
2023-11-07 19:00:00,0.6129414830214529,0.0
2023-11-07 20:00:00,0.47809435675673323,0.0
2023-11-07 21:00:00,0.4165958946269141,0.0
2023-11-07 22:00:00,0.4027025543450945,0.0
2023-11-07 23:00:00,0.4041327511388112,0.0
2023-11-08 00:00:00,0.41148804893506863,0.0
2023-11-08 01:00:00,0.4071974585539185,0.0
2023-11-08 02:00:00,0.40188529903439923,0.0
2023-11-08 03:00:00,0.4024982405174207,0.0
2023-11-08 04:00:00,0.40699314472624465,0.0
2023-11-08 05:00:00,0.4027025543450945,0.0
2023-11-08 06:00:00,0.4024982405174207,0.0
2023-11-08 07:00:00,0.40147667137905163,0.0
2023-11-08 08:00:00,0.4135311872118068,0.023024498065942162
2023-11-08 09:00:00,0.5600242016539341,0.1501197273899429
2023-11-08 10:00:00,0.6070163820189121,0.20722048259347947
2023-11-08 11:00:00,1.133737429762014,0.25511143857063917
2023-11-08 12:00:00,1.1645888177407604,0.5240375759808437
2023-11-08 13:00:00,1.363386172067385,0.5286424755940321
2023-11-08 14:00:00,1.159276658221241,0.44851722232455327
2023-11-08 15:00:00,1.0736691644259115,0.22840302081414626
2023-11-08 16:00:00,1.2226139448001245,0.15104070731258057
2023-11-08 17:00:00,1.1229087968953015,0.027629397679130592
2023-11-08 18:00:00,1.0066542289488993,0.0
2023-11-08 19:00:00,0.6946670140909799,0.0
2023-11-08 20:00:00,0.5267210477431018,0.0
2023-11-08 21:00:00,0.4261986445275835,0.0
2023-11-08 22:00:00,0.3984119639639443,0.0
2023-11-08 23:00:00,0.3902394108569916,0.0
2023-11-09 00:00:00,0.39371274592744654,0.0
2023-11-09 01:00:00,0.38390568219910326,0.0
2023-11-09 02:00:00,0.38921784171862256,0.0
2023-11-09 03:00:00,0.38288411306073417,0.0
2023-11-09 04:00:00,0.383088426888408,0.0
2023-11-09 05:00:00,0.38370136837142943,0.0
2023-11-09 06:00:00,0.3802280333009746,0.0
2023-11-09 07:00:00,0.38002371947330077,0.0
2023-11-09 08:00:00,0.3812496024393437,0.045128016209246634
2023-11-09 09:00:00,0.4597061122660896,0.21643028181985632
2023-11-09 10:00:00,0.7573913591868419,0.466936820777307
2023-11-09 11:00:00,0.9318753680202821,0.9624240191563824
2023-11-09 12:00:00,0.953328319926033,1.2552956345551667
2023-11-09 13:00:00,0.8295141403556995,1.3437097071283846
2023-11-09 14:00:00,1.2328296361838156,1.274636212930558
2023-11-09 15:00:00,1.1729656846753869,0.6308712470068152
2023-11-09 16:00:00,1.1363935095217734,0.4107570454964082
2023-11-09 17:00:00,1.1363935095217734,0.20814146251611715
2023-11-09 18:00:00,1.05752837203968,0.011972738994289925
2023-11-09 19:00:00,0.7731235239177259,0.0
2023-11-09 20:00:00,0.5003645639731793,0.0
2023-11-09 21:00:00,0.4041327511388112,0.0
2023-11-09 22:00:00,0.40208961286207306,0.0
2023-11-09 23:00:00,0.3990249054469658,0.0
2023-11-10 00:00:00,0.40147667137905163,0.0
2023-11-10 01:00:00,0.39677745334255377,0.0
2023-11-10 02:00:00,0.3994335331023134,0.0
2023-11-10 03:00:00,0.3973903948255752,0.0
2023-11-10 04:00:00,0.3971860809979014,0.0
2023-11-10 05:00:00,0.40188529903439923,0.0
2023-11-10 06:00:00,0.3935084320997727,0.0
2023-11-10 07:00:00,0.4024982405174207,0.0
2023-11-10 08:00:00,0.3986162777916181,0.033155277214956716
2023-11-10 09:00:00,0.5163010425317371,0.3122121937741757
2023-11-10 10:00:00,0.5888324513559423,0.45496408178301717
2023-11-10 11:00:00,1.0816374037051903,0.8592742678209615
2023-11-10 12:00:00,1.1688794081219105,0.7275741388837724
2023-11-10 13:00:00,1.135576254211078,0.6907349419782649
2023-11-10 14:00:00,1.0941005471932934,0.3076072941609873
2023-11-10 15:00:00,1.1811382377823394,0.24866457911217538
2023-11-10 16:00:00,1.038527186066015,0.14735678762202983
2023-11-10 17:00:00,0.9729424473827194,0.05157487566771045
2023-11-10 18:00:00,0.6887419130884392,0.0
2023-11-10 19:00:00,0.4989343671794626,0.0
2023-11-10 20:00:00,0.4474472826056605,0.0
2023-11-10 21:00:00,0.3990249054469658,0.0
2023-11-10 22:00:00,0.3984119639639443,0.0
2023-11-10 23:00:00,0.39473431506581563,0.0
2023-11-11 00:00:00,0.39882059161929195,0.0
2023-11-11 01:00:00,0.3963688256872061,0.0
2023-11-11 02:00:00,0.3980033363085967,0.0
2023-11-11 03:00:00,0.3969817671702276,0.0
2023-11-11 04:00:00,0.39984216075766105,0.0
2023-11-11 05:00:00,0.3982076501362705,0.0
2023-11-11 06:00:00,0.3994335331023134,0.0
2023-11-11 07:00:00,0.3945300012381418,0.0
2023-11-11 08:00:00,0.3969817671702276,0.014735678762202983
2023-11-11 09:00:00,0.3955515703765109,0.10407073125805857
2023-11-11 10:00:00,0.3957558842041847,0.311291213851538
2023-11-11 11:00:00,0.39596019803185856,0.5912691103333947
2023-11-11 12:00:00,0.39391705975512037,0.9099281635660343
2023-11-11 13:00:00,0.39657313951487994,0.8703260268926137
2023-11-11 14:00:00,0.39534725654883707,0.7984895929268742
2023-11-11 15:00:00,0.40372412348346354,0.464173881009394
2023-11-11 16:00:00,0.4102621659690257,0.28918769570823355
2023-11-11 17:00:00,0.41046647979669953,0.14735678762202983
2023-11-11 18:00:00,0.40658451707089704,0.0027629397679130594
2023-11-11 19:00:00,0.3963688256872061,0.0
2023-11-11 20:00:00,0.3982076501362705,0.0
2023-11-11 21:00:00,0.39371274592744654,0.0
2023-11-11 22:00:00,0.39391705975512037,0.0
2023-11-11 23:00:00,0.394325687410468,0.0
2023-11-12 00:00:00,0.3884005864079273,0.0
2023-11-12 01:00:00,0.39473431506581563,0.0
2023-11-12 02:00:00,0.3957558842041847,0.0
2023-11-12 03:00:00,0.3886049002356011,0.0
2023-11-12 04:00:00,0.3971860809979014,0.0
2023-11-12 05:00:00,0.3963688256872061,0.0
2023-11-12 06:00:00,0.3963688256872061,0.0
2023-11-12 07:00:00,0.3928954906167513,0.0
2023-11-12 08:00:00,0.3928954906167513,0.04144409651869589
2023-11-12 09:00:00,0.3922825491337298,0.30392337447043655
2023-11-12 10:00:00,0.3980033363085967,0.4798305396942347
2023-11-12 11:00:00,0.3963688256872061,0.9034813041075705
2023-11-12 12:00:00,0.39882059161929195,1.3050285503776018
2023-11-12 13:00:00,0.39779902248092286,0.7404678578007
2023-11-12 14:00:00,0.3984119639639443,0.6981027813593664
2023-11-12 15:00:00,0.39473431506581563,0.5120648369865537
2023-11-12 16:00:00,0.39534725654883707,0.2247191011235955
2023-11-12 17:00:00,0.3961645118595324,0.0681525142751888
2023-11-12 18:00:00,0.3961645118595324,0.0
2023-11-12 19:00:00,0.3961645118595324,0.0
2023-11-12 20:00:00,0.3961645118595324,0.0
2023-11-12 21:00:00,0.39657313951487994,0.0
2023-11-12 22:00:00,0.39657313951487994,0.0
2023-11-12 23:00:00,0.3933041182720989,0.0
2023-11-13 00:00:00,0.3951429427211633,0.0
2023-11-13 01:00:00,0.3951429427211633,0.0
2023-11-13 02:00:00,0.3984119639639443,0.0
2023-11-13 03:00:00,0.3963688256872061,0.0
2023-11-13 04:00:00,0.39391705975512037,0.0
2023-11-13 05:00:00,0.3971860809979014,0.0
2023-11-13 06:00:00,0.39412137358279414,0.0
2023-11-13 07:00:00,0.39759470865324903,0.0
2023-11-13 08:00:00,0.3961645118595324,0.032234297292319025
2023-11-13 09:00:00,0.45664140485098237,0.1924848038312765
2023-11-13 10:00:00,0.6006826533610237,0.48719837907533614
2023-11-13 11:00:00,0.9610922453776379,0.8030944925400627
2023-11-13 12:00:00,0.9755985271424791,1.0720206299502673
2023-11-13 13:00:00,0.871398475028832,0.8288819303739179
2023-11-13 14:00:00,0.8685380814413985,0.5710075520353657
2023-11-13 15:00:00,0.9954169684268394,0.7312580585743231
2023-11-13 16:00:00,1.0671311219403494,0.3379996316080309
2023-11-13 17:00:00,0.9805020590066507,0.11512249032971081
2023-11-13 18:00:00,0.9016369215245571,0.006446859458463806
2023-11-13 19:00:00,0.6570732697989974,0.0
2023-11-13 20:00:00,0.5097630000461749,0.0
2023-11-13 21:00:00,0.3992292192746396,0.0
2023-11-13 22:00:00,0.39882059161929195,0.0
2023-11-13 23:00:00,0.3980033363085967,0.0
2023-11-14 00:00:00,0.3973903948255752,0.0
2023-11-14 01:00:00,0.39596019803185856,0.0
2023-11-14 02:00:00,0.3982076501362705,0.0
2023-11-14 03:00:00,0.39657313951487994,0.0
2023-11-14 04:00:00,0.3963688256872061,0.0
2023-11-14 05:00:00,0.3969817671702276,0.0
2023-11-14 06:00:00,0.3961645118595324,0.0
2023-11-14 07:00:00,0.3984119639639443,0.0
2023-11-14 08:00:00,0.39493862889348946,0.03776017682814514
2023-11-14 09:00:00,0.4118966765904163,0.28366181617240743
2023-11-14 10:00:00,0.5273339892261233,0.47798857984895926
2023-11-14 11:00:00,0.8716027888565059,0.6502118253822067
2023-11-14 12:00:00,0.9892875535966248,0.9375575612451649
2023-11-14 13:00:00,0.8286968850450043,0.9863694971449622
2023-11-14 14:00:00,1.0248381596118692,0.5746914717259164
2023-11-14 15:00:00,1.1406840999029235,0.6474488856142936
2023-11-14 16:00:00,1.1741915676414298,0.33707865168539325
2023-11-14 17:00:00,1.101251531161877,0.07736231350156567
2023-11-14 18:00:00,1.039548755204384,0.0
2023-11-14 19:00:00,0.7996843215153221,0.0
2023-11-14 20:00:00,0.5332590902286639,0.0
2023-11-14 21:00:00,0.46420101647491363,0.0
2023-11-14 22:00:00,0.4766641599630165,0.0
2023-11-14 23:00:00,0.4948480906259862,0.0
2023-11-15 00:00:00,0.4233382509401501,0.0
2023-11-15 01:00:00,0.40801471386461374,0.0
2023-11-15 02:00:00,0.4094449106583305,0.0
2023-11-15 03:00:00,0.40760608620926614,0.0
2023-11-15 04:00:00,0.40658451707089704,0.0
2023-11-15 05:00:00,0.40760608620926614,0.0
2023-11-15 06:00:00,0.4067888308985709,0.0
2023-11-15 07:00:00,0.4051543202771803,0.0
2023-11-15 08:00:00,0.4212951126634119,0.032234297292319025
2023-11-15 09:00:00,0.41863903290365223,0.11880641002026156
2023-11-15 10:00:00,0.5301943828135567,0.3619451095966108
2023-11-15 11:00:00,0.7338952690043529,0.46601584085466935
2023-11-15 12:00:00,0.9437255700253635,0.6317922269294529
2023-11-15 13:00:00,1.00828873957029,0.47430466015840855
2023-11-15 14:00:00,1.0197303139200236,0.38128568797200224
2023-11-15 15:00:00,1.209742173656674,0.37852274820408915
2023-11-15 16:00:00,1.1772562750565372,0.3002394547798858
2023-11-15 17:00:00,1.1339417435896877,0.0681525142751888
2023-11-15 18:00:00,1.072034653804521,0.0009209799226376865
2023-11-15 19:00:00,0.8235890393531587,0.0
2023-11-15 20:00:00,0.6846556365349629,0.0
2023-11-15 21:00:00,0.5066982926310677,0.0
2023-11-15 22:00:00,0.4409092401200984,0.0
2023-11-15 23:00:00,0.39759470865324903,0.0
2023-11-16 00:00:00,0.39412137358279414,0.0
2023-11-16 01:00:00,0.394325687410468,0.0
2023-11-16 02:00:00,0.394325687410468,0.0
2023-11-16 03:00:00,0.3914652938230345,0.0
2023-11-16 04:00:00,0.3924868629614036,0.0
2023-11-16 05:00:00,0.39412137358279414,0.0
2023-11-16 06:00:00,0.3928954906167513,0.0
2023-11-16 07:00:00,0.3935084320997727,0.0
2023-11-16 08:00:00,0.39207823530605596,0.0
2023-11-16 09:00:00,0.39677745334255377,0.10959661079388469
2023-11-16 10:00:00,0.4905575002448361,0.42733468410388653
2023-11-16 11:00:00,0.7383901732131768,0.4798305396942347
2023-11-16 12:00:00,1.0558938614182893,0.5249585559034813
2023-11-16 13:00:00,0.971103622933655,0.575612451648554
2023-11-16 14:00:00,1.086336621741688,0.5958740099465832
2023-11-16 15:00:00,1.1251562489997136,0.4558850617056548
2023-11-16 16:00:00,1.0710130846661519,0.2910296555535089
2023-11-16 17:00:00,1.0941005471932934,0.10591269110333396
2023-11-16 18:00:00,1.0060412874658777,0.004604899613188432
2023-11-16 19:00:00,0.7167329074797522,0.0
2023-11-16 20:00:00,0.526516733915428,0.0
2023-11-16 21:00:00,0.43171511787477657,0.0
2023-11-16 22:00:00,0.4562327771956347,0.0
2023-11-16 23:00:00,0.41475707017784974,0.0
2023-11-17 00:00:00,0.39984216075766105,0.0
2023-11-17 01:00:00,0.3982076501362705,0.0
2023-11-17 02:00:00,0.3945300012381418,0.0
2023-11-17 03:00:00,0.3961645118595324,0.0
2023-11-17 04:00:00,0.39677745334255377,0.0
2023-11-17 05:00:00,0.394325687410468,0.0
2023-11-17 06:00:00,0.39473431506581563,0.0
2023-11-17 07:00:00,0.39105666616768686,0.0
2023-11-17 08:00:00,0.39473431506581563,0.019340578375391416
2023-11-17 09:00:00,0.39309980444442505,0.2062995026708418
2023-11-17 10:00:00,0.49873005335178877,0.4356235034076257
2023-11-17 11:00:00,0.7396160561792197,0.6741573033707865
2023-11-17 12:00:00,0.9110353575975526,0.6999447412046417
2023-11-17 13:00:00,0.7876298056825668,0.6198194879351631
2023-11-17 14:00:00,0.7765968589881806,0.6953398415914533
2023-11-17 15:00:00,0.81991139045503,0.4706207404678578
2023-11-17 16:00:00,1.1071766321644176,0.3352366918401179
2023-11-17 17:00:00,0.7686286197089018,0.10959661079388469
2023-11-17 18:00:00,0.6372548285146371,0.0
2023-11-17 19:00:00,0.5749391110741227,0.0
2023-11-17 20:00:00,0.4545982665742442,0.0
2023-11-17 21:00:00,0.3845186236821247,0.0
2023-11-17 22:00:00,0.3822711715777128,0.0
2023-11-17 23:00:00,0.3908523523400131,0.0
2023-11-18 00:00:00,0.4212951126634119,0.0
2023-11-18 01:00:00,0.4202735435250428,0.0
2023-11-18 02:00:00,0.43232805935779806,0.0
2023-11-18 03:00:00,0.4396833571540555,0.0
2023-11-18 04:00:00,0.4539853250912227,0.0
2023-11-18 05:00:00,0.45439395274657035,0.0
2023-11-18 06:00:00,0.4531680697805274,0.0
2023-11-18 07:00:00,0.4501033623654202,0.0
2023-11-18 08:00:00,0.4513292453314631,0.0
2023-11-18 09:00:00,0.44581277198427,0.08288819303739178
2023-11-18 10:00:00,0.45092061767611546,0.24037575980843617
2023-11-18 11:00:00,0.44867316557170345,0.5175907165223799
2023-11-18 12:00:00,0.452555128297506,0.9108491434886719
2023-11-18 13:00:00,0.4629751335088707,0.7266531589611347
2023-11-18 14:00:00,0.5318288934349472,0.8325658500644686
2023-11-18 15:00:00,0.5355065423330759,0.6400810462331921
2023-11-18 16:00:00,0.5371410529544665,0.35826118990606004
2023-11-18 17:00:00,0.5369367391267927,0.14643580769939216
2023-11-18 18:00:00,0.514257904254999,0.011972738994289925
2023-11-18 19:00:00,0.44499551667357473,0.0
2023-11-18 20:00:00,0.4241555062508453,0.0
2023-11-18 21:00:00,0.42967197959803843,0.0
2023-11-18 22:00:00,0.44560845815659617,0.0
2023-11-18 23:00:00,0.45092061767611546,0.0
2023-11-19 00:00:00,0.44969473471007254,0.0
2023-11-19 01:00:00,0.44315669222451043,0.0
2023-11-19 02:00:00,0.41843471907597846,0.0
2023-11-19 03:00:00,0.415574325488545,0.0
2023-11-19 04:00:00,0.4163915807992403,0.0
2023-11-19 05:00:00,0.42149942649108574,0.0
2023-11-19 06:00:00,0.4304892349087337,0.0
2023-11-19 07:00:00,0.4378445327049911,0.0
2023-11-19 08:00:00,0.44765159643333435,0.025787437833855224
2023-11-19 09:00:00,0.441317867775446,0.28366181617240743
2023-11-19 10:00:00,0.44519983050124856,0.6575796647633081
2023-11-19 11:00:00,0.44274806456916277,0.7736231350156566
2023-11-19 12:00:00,0.44949042088239877,1.2083256585006446
2023-11-19 13:00:00,0.4501033623654202,1.154908822987659
2023-11-19 14:00:00,0.45705003250633,0.831644870141831
2023-11-19 15:00:00,0.4562327771956347,0.3573402099834223
2023-11-19 16:00:00,0.45214650064215833,0.2680051574875668
2023-11-19 17:00:00,0.45541552188493944,0.13998894824092836
2023-11-19 18:00:00,0.454802580401918,0.008288819303739179
2023-11-19 19:00:00,0.4517378729868107,0.0
2023-11-19 20:00:00,0.45153355915913695,0.0
2023-11-19 21:00:00,0.44724296877798675,0.0
2023-11-19 22:00:00,0.4407049262924246,0.0
2023-11-19 23:00:00,0.4151656978331974,0.0
2023-11-20 00:00:00,0.41843471907597846,0.0
2023-11-20 01:00:00,0.41598295314389266,0.0
2023-11-20 02:00:00,0.410057852141352,0.0
2023-11-20 03:00:00,0.4123053042457639,0.0
2023-11-20 04:00:00,0.40862765534763523,0.0
2023-11-20 05:00:00,0.4131225595564592,0.0
2023-11-20 06:00:00,0.40658451707089704,0.0
2023-11-20 07:00:00,0.4061758894155494,0.0
2023-11-20 08:00:00,0.415574325488545,0.05065389574507276
2023-11-20 09:00:00,0.49832142569644117,0.3472094308344078
2023-11-20 10:00:00,0.5111931968398916,0.6833671025971634
2023-11-20 11:00:00,1.0583456273503753,0.9836065573770492
2023-11-20 12:00:00,1.089809956812143,1.4081783017130225
2023-11-20 13:00:00,0.8425902253268238,1.3741020445754282
2023-11-20 14:00:00,0.9290149744328486,1.0149198747467305
2023-11-20 15:00:00,1.1396625307645545,0.6041628292503223
2023-11-20 16:00:00,1.1823641207483826,0.37023392890035
2023-11-20 17:00:00,1.1901280461999875,0.18972186406336342
2023-11-20 18:00:00,1.067539749595697,0.006446859458463806
2023-11-20 19:00:00,0.8403427732224119,0.0
2023-11-20 20:00:00,0.4907618140725099,0.0
2023-11-20 21:00:00,0.4441782613628795,0.0
2023-11-20 22:00:00,0.4345755114622101,0.0
2023-11-20 23:00:00,0.43334962849616715,0.0
2023-11-21 00:00:00,0.42292962328480244,0.0
2023-11-21 01:00:00,0.4278331551489741,0.0
2023-11-21 02:00:00,0.42435982007851913,0.0
2023-11-21 03:00:00,0.4190476605589999,0.0
2023-11-21 04:00:00,0.4102621659690257,0.0
2023-11-21 05:00:00,0.40495000644950646,0.0
2023-11-21 06:00:00,0.40454137879415886,0.0
2023-11-21 07:00:00,0.40372412348346354,0.0
2023-11-21 08:00:00,0.4035198096557898,0.026708417756492908
2023-11-21 09:00:00,0.4697174898221067,0.12709522932400072
2023-11-21 10:00:00,0.6670846473550145,0.2182722416651317
2023-11-21 11:00:00,0.9988903034972942,0.7100755203536563
2023-11-21 12:00:00,1.2128068810717814,1.2792411125437466
2023-11-21 13:00:00,1.1443617488010525,1.3022656106096886
2023-11-21 14:00:00,1.0246338457841953,0.8638791674341499
2023-11-21 15:00:00,1.0861323079140144,0.36010314975133545
2023-11-21 16:00:00,1.097778196091422,0.2385337999631608
2023-11-21 17:00:00,1.091035839778186,0.13077914901455148
2023-11-21 18:00:00,0.8336004169091759,0.004604899613188432
2023-11-21 19:00:00,0.6117156000554099,0.0
2023-11-21 20:00:00,0.5534861591683718,0.0
2023-11-21 21:00:00,0.45950179843841576,0.0
2023-11-21 22:00:00,0.4711476866158234,0.0
2023-11-21 23:00:00,0.4717606280988449,0.0
2023-11-22 00:00:00,0.44376963370753186,0.0
2023-11-22 01:00:00,0.41046647979669953,0.0
2023-11-22 02:00:00,0.40801471386461374,0.0
2023-11-22 03:00:00,0.40903628300298284,0.0
2023-11-22 04:00:00,0.4102621659690257,0.0
2023-11-22 05:00:00,0.404337064966485,0.0
2023-11-22 06:00:00,0.40883196917530906,0.0
2023-11-22 07:00:00,0.4074017723815923,0.0
2023-11-22 08:00:00,0.4041327511388112,0.022103518143304475
2023-11-22 09:00:00,0.40862765534763523,0.108675630871247
2023-11-22 10:00:00,0.45827591547237284,0.18235402468226192
2023-11-22 11:00:00,0.9518981231323161,0.6852090624424388
2023-11-22 12:00:00,1.4052705067405176,1.2221403573402099
2023-11-22 13:00:00,1.037096989272298,1.1797752808988764
2023-11-22 14:00:00,1.0610017071101348,0.7515196168723521
2023-11-22 15:00:00,1.044043659413208,0.36102412967397307
2023-11-22 16:00:00,0.9731467612103932,0.3131331736968134
2023-11-22 17:00:00,1.1102413395795248,0.15932952661631974
2023-11-22 18:00:00,0.8926471131069091,0.005525879535826119
2023-11-22 19:00:00,0.693441131124937,0.0
2023-11-22 20:00:00,0.618253642540972,0.0
2023-11-22 21:00:00,0.6315340413397702,0.0
2023-11-22 22:00:00,0.5089457447354797,0.0
2023-11-22 23:00:00,0.426811586010605,0.0
2023-11-23 00:00:00,0.41782177759295697,0.0
2023-11-23 01:00:00,0.4249727615615406,0.0
2023-11-23 02:00:00,0.4151656978331974,0.0
2023-11-23 03:00:00,0.4125096180734377,0.0
2023-11-23 04:00:00,0.4129182457287854,0.0
2023-11-23 05:00:00,0.41496138400552357,0.0
2023-11-23 06:00:00,0.4129182457287854,0.0
2023-11-23 07:00:00,0.4129182457287854,0.0
2023-11-23 08:00:00,0.40903628300298284,0.055258795358261184
2023-11-23 09:00:00,0.4517378729868107,0.1639344262295082
2023-11-23 10:00:00,0.5608414569646294,0.22656106096887088
2023-11-23 11:00:00,0.8325788477708067,0.7248111991158592
2023-11-23 12:00:00,1.2407978754630942,1.2645054337815438
2023-11-23 13:00:00,1.054259350796899,1.2129305581138332
2023-11-23 14:00:00,0.816642369212249,0.7487566771044392
2023-11-23 15:00:00,1.0814330898775166,0.3278688524590164
2023-11-23 16:00:00,0.91410006501266,0.24221771965371153
2023-11-23 17:00:00,1.096552313125379,0.12801620924663842
2023-11-23 18:00:00,0.9214553628089174,0.005525879535826119
2023-11-23 19:00:00,0.6566646421436497,0.0
2023-11-23 20:00:00,0.7692415611919233,0.0
2023-11-23 21:00:00,0.5610457707923031,0.0
2023-11-23 22:00:00,0.4613406228874801,0.0
2023-11-23 23:00:00,0.4233382509401501,0.0
2023-11-24 00:00:00,0.43253237318547183,0.0
2023-11-24 01:00:00,0.41782177759295697,0.0
2023-11-24 02:00:00,0.41945628821434755,0.0
2023-11-24 03:00:00,0.4239511924231716,0.0
2023-11-24 04:00:00,0.42047785735271664,0.0
2023-11-24 05:00:00,0.4182304052483046,0.0
2023-11-24 06:00:00,0.4131225595564592,0.0
2023-11-24 07:00:00,0.41761746376528314,0.0
2023-11-24 08:00:00,0.4123053042457639,0.020261558298029104
2023-11-24 09:00:00,0.43641433591127443,0.11235955056179775
2023-11-24 10:00:00,0.5444963507507239,0.18972186406336342
2023-11-24 11:00:00,1.0266769840609336,0.6649475041444096
2023-11-24 12:00:00,1.158255089082872,1.2064836986553693
2023-11-24 13:00:00,0.916347517117072,1.1687235218272243
2023-11-24 14:00:00,0.8168466830399228,0.710996500276294
2023-11-24 15:00:00,0.8515800337444718,0.3333947319948425
2023-11-24 16:00:00,0.8861090706213469,0.2578743783385522
2023-11-24 17:00:00,0.8789580866527633,0.13446306870510222
2023-11-24 18:00:00,0.7265399712080953,0.004604899613188432
2023-11-24 19:00:00,0.6399109082743968,0.0
2023-11-24 20:00:00,0.5810685259043373,0.0
2023-11-24 21:00:00,0.7655639122937946,0.0
2023-11-24 22:00:00,0.707947412889778,0.0
2023-11-24 23:00:00,0.43702727739429587,0.0
2023-11-25 00:00:00,0.4433610060521842,0.0
2023-11-25 01:00:00,0.4300806072533861,0.0
2023-11-25 02:00:00,0.4096492244860043,0.0
2023-11-25 03:00:00,0.41537001166087123,0.0
2023-11-25 04:00:00,0.42272530945712866,0.0
2023-11-25 05:00:00,0.4112837351073948,0.0
2023-11-25 06:00:00,0.40903628300298284,0.0
2023-11-25 07:00:00,0.4067888308985709,0.0
2023-11-25 08:00:00,0.4022939266897469,0.023024498065942162
2023-11-25 09:00:00,0.4041327511388112,0.13814698839565298
2023-11-25 10:00:00,0.4071974585539185,0.24221771965371153
2023-11-25 11:00:00,0.40903628300298284,0.7156013998894823
2023-11-25 12:00:00,0.41986491586969515,1.2948977712285872
2023-11-25 13:00:00,0.42252099562945483,1.2230613372628476
2023-11-25 14:00:00,0.4319194317024504,0.7561245164855406
2023-11-25 15:00:00,0.420069229697369,0.41444096518695894
2023-11-25 16:00:00,0.429059038115017,0.3168170933873642
2023-11-25 17:00:00,0.4378445327049911,0.1482777675446675
2023-11-25 18:00:00,0.45275944212517977,0.004604899613188432
2023-11-25 19:00:00,0.4478559102610082,0.0
2023-11-25 20:00:00,0.45541552188493944,0.0
2023-11-25 21:00:00,0.42292962328480244,0.0
2023-11-25 22:00:00,0.441317867775446,0.0
2023-11-25 23:00:00,0.44152218160311985,0.0
2023-11-26 00:00:00,0.4378445327049911,0.0
2023-11-26 01:00:00,0.43702727739429587,0.0
2023-11-26 02:00:00,0.42967197959803843,0.0
2023-11-26 03:00:00,0.43845747418801256,0.0
2023-11-26 04:00:00,0.4239511924231716,0.0
2023-11-26 05:00:00,0.42926335194269083,0.0
2023-11-26 06:00:00,0.43702727739429587,0.0
2023-11-26 07:00:00,0.43641433591127443,0.0
2023-11-26 08:00:00,0.4319194317024504,0.025787437833855224
2023-11-26 09:00:00,0.41843471907597846,0.2459016393442623
2023-11-26 10:00:00,0.42374687859549776,0.6658684840670472
2023-11-26 11:00:00,0.44315669222451043,1.1060968870878616
2023-11-26 12:00:00,0.4478559102610082,1.3372628476699209
2023-11-26 13:00:00,0.45275944212517977,1.3123963897587032
2023-11-26 14:00:00,0.4539853250912227,0.8399336894455701
2023-11-26 15:00:00,0.4329410008408195,0.7616503960213667
2023-11-26 16:00:00,0.4206821711803905,0.6308712470068152
2023-11-26 17:00:00,0.41986491586969515,0.1777491250690735
2023-11-26 18:00:00,0.4190476605589999,0.004604899613188432
2023-11-26 19:00:00,0.42538138921688823,0.0
2023-11-26 20:00:00,0.42558570304456206,0.0
2023-11-26 21:00:00,0.411079421279721,0.0
2023-11-26 22:00:00,0.41148804893506863,0.0
2023-11-26 23:00:00,0.41843471907597846,0.0
2023-11-27 00:00:00,0.411079421279721,0.0
2023-11-27 01:00:00,0.4135311872118068,0.0
2023-11-27 02:00:00,0.41761746376528314,0.0
2023-11-27 03:00:00,0.4125096180734377,0.0
2023-11-27 04:00:00,0.4125096180734377,0.0
2023-11-27 05:00:00,0.4192519743866737,0.0
2023-11-27 06:00:00,0.41148804893506863,0.0
2023-11-27 07:00:00,0.4121009904180901,0.0
2023-11-27 08:00:00,0.4163915807992403,0.032234297292319025
2023-11-27 09:00:00,0.5508300794086123,0.296555535089335
2023-11-27 10:00:00,0.7747580345391164,0.3048443543930742
2023-11-27 11:00:00,1.3202759544282094,0.4218088045680604
2023-11-27 12:00:00,1.1088111427858083,1.0793884693313687
2023-11-27 13:00:00,1.3975065812889123,0.7238902191932216
2023-11-27 14:00:00,1.0121707022960924,1.0001841959845277
2023-11-27 15:00:00,1.0896056429844694,0.5221956161355682
2023-11-27 16:00:00,1.1496739083205716,0.45496408178301717
2023-11-27 17:00:00,1.1886978494062708,0.11696445017498619
2023-11-27 18:00:00,0.8417729700161285,0.0
2023-11-27 19:00:00,0.6141673659874957,0.0
2023-11-27 20:00:00,0.5481739996488526,0.0
2023-11-27 21:00:00,0.4813633779995143,0.0
2023-11-27 22:00:00,0.48933161727879315,0.0
2023-11-27 23:00:00,0.4131225595564592,0.0
2023-11-28 00:00:00,0.39657313951487994,0.0
2023-11-28 01:00:00,0.3990249054469658,0.0
2023-11-28 02:00:00,0.4084233415199614,0.0
2023-11-28 03:00:00,0.3955515703765109,0.0
2023-11-28 04:00:00,0.3992292192746396,0.0
2023-11-28 05:00:00,0.39759470865324903,0.0
2023-11-28 06:00:00,0.39371274592744654,0.0
2023-11-28 07:00:00,0.39493862889348946,0.0
2023-11-28 08:00:00,0.3896264693739702,0.012893718916927612
2023-11-28 09:00:00,0.515279473393368,0.15196168723521827
2023-11-28 10:00:00,0.5402057603695738,0.449438202247191
2023-11-28 11:00:00,0.6987532906444561,0.6548167249953951
2023-11-28 12:00:00,0.8242019808361802,0.5562718732731626
2023-11-28 13:00:00,0.8666992569923343,0.5608767728863511
2023-11-28 14:00:00,1.0017506970847276,0.48904033892061155
2023-11-28 15:00:00,1.1623413656363484,0.308528274083625
2023-11-28 16:00:00,1.2220010033171032,0.2808988764044944
2023-11-28 17:00:00,1.114736243788349,0.055258795358261184
2023-11-28 18:00:00,1.082046031360538,0.0
2023-11-28 19:00:00,0.8427945391544975,0.0
2023-11-28 20:00:00,0.7310348754169194,0.0
2023-11-28 21:00:00,0.5882195098729209,0.0
2023-11-28 22:00:00,0.5487869411318741,0.0
2023-11-28 23:00:00,0.5367324252991189,0.0
2023-11-29 00:00:00,0.4429523783968366,0.0
2023-11-29 01:00:00,0.4182304052483046,0.0
2023-11-29 02:00:00,0.41741314993760936,0.0
2023-11-29 03:00:00,0.41720883610993553,0.0
2023-11-29 04:00:00,0.41373550103948065,0.0
2023-11-29 05:00:00,0.411079421279721,0.0
2023-11-29 06:00:00,0.41169236276274246,0.0
2023-11-29 07:00:00,0.4123053042457639,0.0
2023-11-29 08:00:00,0.41598295314389266,0.0009209799226376865
2023-11-29 09:00:00,0.5236563403279946,0.14735678762202983
2023-11-29 10:00:00,0.6078336373296074,0.3573402099834223
2023-11-29 11:00:00,0.7949851034788243,0.3803647080493645
2023-11-29 12:00:00,0.9766200962808481,0.38128568797200224
2023-11-29 13:00:00,1.126995073448778,0.4650948609320317
2023-11-29 14:00:00,1.1613197964979793,0.39694234665684286
2023-11-29 15:00:00,0.9868357876645389,0.31589611346472646
2023-11-29 16:00:00,1.1486523391822026,0.14459384785411677
2023-11-29 17:00:00,0.9852012770431485,0.057100755203536566
2023-11-29 18:00:00,0.9762114686255005,0.0
2023-11-29 19:00:00,0.6873117162947224,0.0
2023-11-29 20:00:00,0.4398876709817293,0.0
2023-11-29 21:00:00,0.41577863931621883,0.0
2023-11-29 22:00:00,0.420069229697369,0.0
2023-11-29 23:00:00,0.4190476605589999,0.0
2023-11-30 00:00:00,0.40781040003693997,0.0
2023-11-30 01:00:00,0.40106804372370397,0.0
2023-11-30 02:00:00,0.3992292192746396,0.0
2023-11-30 03:00:00,0.4006594160683563,0.0
2023-11-30 04:00:00,0.4027025543450945,0.0
2023-11-30 05:00:00,0.40106804372370397,0.0
2023-11-30 06:00:00,0.3973903948255752,0.0
2023-11-30 07:00:00,0.3928954906167513,0.0
2023-11-30 08:00:00,0.3992292192746396,0.0
2023-11-30 09:00:00,0.46215787819817544,0.04696997605452201
2023-11-30 10:00:00,0.5792297014552729,0.10130779149014552
2023-11-30 11:00:00,1.1204570309632156,0.11512249032971081
2023-11-30 12:00:00,1.1933970674427687,0.13446306870510222
2023-11-30 13:00:00,1.0626362177315254,0.37852274820408915
2023-11-30 14:00:00,1.0889927015014478,0.622582427703076
2023-11-30 15:00:00,1.385656379283831,0.4798305396942347
2023-11-30 16:00:00,1.191762556821378,0.2449806594216246
2023-11-30 17:00:00,1.1024774141279199,0.12525326947872537
2023-11-30 18:00:00,0.815416486246206,0.0
2023-11-30 19:00:00,0.7289917371401812,0.0
2023-11-30 20:00:00,0.6382763976530063,0.0
2023-11-30 21:00:00,0.44356531987985803,0.0
2023-11-30 22:00:00,0.40597157558787555,0.0
2023-11-30 23:00:00,0.41148804893506863,0.0
2023-12-01 00:00:00,0.40597157558787555,0.0
2023-12-01 01:00:00,0.4067888308985709,0.0
2023-12-01 02:00:00,0.4241555062508453,0.0
2023-12-01 03:00:00,0.41169236276274246,0.0
2023-12-01 04:00:00,0.41373550103948065,0.0
2023-12-01 05:00:00,0.40086372989603014,0.0
2023-12-01 06:00:00,0.4165958946269141,0.0
2023-12-01 07:00:00,0.40045510224068254,0.0
2023-12-01 08:00:00,0.4131225595564592,0.028550377601768283
2023-12-01 09:00:00,0.3996378469299872,0.10499171118069626
2023-12-01 10:00:00,0.41986491586969515,0.40246822619266903
2023-12-01 11:00:00,0.40106804372370397,1.0093939952109043
2023-12-01 12:00:00,0.41700452228226176,1.058205931110702
2023-12-01 13:00:00,0.4074017723815923,1.216614477804384
2023-12-01 14:00:00,0.42170374031875957,0.8187511512249034
2023-12-01 15:00:00,0.41598295314389266,0.4089150856511328
2023-12-01 16:00:00,0.4102621659690257,0.2247191011235955
2023-12-01 17:00:00,0.42435982007851913,0.08104623319211642
2023-12-01 18:00:00,0.41761746376528314,0.001841959845275373
2023-12-01 19:00:00,0.4190476605589999,0.0
2023-12-01 20:00:00,0.4210907988357381,0.0
2023-12-01 21:00:00,0.4308978625640813,0.0
2023-12-01 22:00:00,0.41169236276274246,0.0
2023-12-01 23:00:00,0.42865041045966934,0.0
2023-12-02 00:00:00,0.4053586341048541,0.0
2023-12-02 01:00:00,0.4182304052483046,0.0
2023-12-02 02:00:00,0.4190476605589999,0.0
2023-12-02 03:00:00,0.4084233415199614,0.0
2023-12-02 04:00:00,0.42967197959803843,0.0
2023-12-02 05:00:00,0.42047785735271664,0.0
2023-12-02 06:00:00,0.40208961286207306,0.0
2023-12-02 07:00:00,0.41945628821434755,0.0
2023-12-02 08:00:00,0.41884334673132606,0.011972738994289925
2023-12-02 09:00:00,0.40086372989603014,0.2118253822066679
2023-12-02 10:00:00,0.41271393190111155,0.6179775280898876
2023-12-02 11:00:00,0.41741314993760936,0.8740099465831646
2023-12-02 12:00:00,0.41986491586969515,1.271873273162645
2023-12-02 13:00:00,0.41067079362437336,1.242401915638239
2023-12-02 14:00:00,0.422316681801781,0.666789463989685
2023-12-02 15:00:00,0.42211236797410717,0.30300239454779887
2023-12-02 16:00:00,0.4139398148671545,0.2799778964818567
2023-12-02 17:00:00,0.42967197959803843,0.14643580769939216
2023-12-02 18:00:00,0.4121009904180901,0.004604899613188432
2023-12-02 19:00:00,0.410057852141352,0.0
2023-12-02 20:00:00,0.4165958946269141,0.0
2023-12-02 21:00:00,0.4041327511388112,0.0
2023-12-02 22:00:00,0.4145527563501759,0.0
2023-12-02 23:00:00,0.40311118200044216,0.0
2023-12-03 00:00:00,0.657481897454345,0.0
2023-12-03 01:00:00,0.4139398148671545,0.0
2023-12-03 02:00:00,0.40454137879415886,0.0
2023-12-03 03:00:00,0.41700452228226176,0.0
2023-12-03 04:00:00,0.41700452228226176,0.0
2023-12-03 05:00:00,0.4212951126634119,0.0
2023-12-03 06:00:00,0.40188529903439923,0.0
2023-12-03 07:00:00,0.41720883610993553,0.0
2023-12-03 08:00:00,0.42047785735271664,0.026708417756492908
2023-12-03 09:00:00,0.41577863931621883,0.30300239454779887
2023-12-03 10:00:00,0.4182304052483046,0.46048996131884323
2023-12-03 11:00:00,0.41537001166087123,0.6686314238349604
2023-12-03 12:00:00,0.40556294793252795,1.101491987474673
2023-12-03 13:00:00,0.42374687859549776,0.8583532878983238
2023-12-03 14:00:00,0.4239511924231716,0.8795358261189906
2023-12-03 15:00:00,0.42047785735271664,0.3573402099834223
2023-12-03 16:00:00,0.4074017723815923,0.21643028181985632
2023-12-03 17:00:00,0.41884334673132606,0.0543378154356235
2023-12-03 18:00:00,0.42190805414643334,0.0
2023-12-03 19:00:00,0.4196606020420214,0.0
2023-12-03 20:00:00,0.4125096180734377,0.0
2023-12-03 21:00:00,0.41986491586969515,0.0
2023-12-03 22:00:00,0.41680020845458793,0.0
2023-12-03 23:00:00,0.40597157558787555,0.0
2023-12-04 00:00:00,0.420069229697369,0.0
2023-12-04 01:00:00,0.4125096180734377,0.0
2023-12-04 02:00:00,0.40454137879415886,0.0
2023-12-04 03:00:00,0.4196606020420214,0.0
2023-12-04 04:00:00,0.40392843731113737,0.0
2023-12-04 05:00:00,0.41863903290365223,0.0
2023-12-04 06:00:00,0.4002507884130087,0.0
2023-12-04 07:00:00,0.41720883610993553,0.0
2023-12-04 08:00:00,0.40495000644950646,0.011051759071652238
2023-12-04 09:00:00,0.43580139442825294,0.1841959845275373
2023-12-04 10:00:00,0.52876418601984,0.2799778964818567
2023-12-04 11:00:00,0.8315572786324377,0.8132252716890771
2023-12-04 12:00:00,1.430401107544397,1.2801620924663841
2023-12-04 13:00:00,1.2432496413951801,1.3593663658132251
2023-12-04 14:00:00,1.1766433335735156,1.1742494013630502
2023-12-04 15:00:00,1.2479488594316779,0.4862773991526985
2023-12-04 16:00:00,1.1006385896788555,0.33707865168539325
2023-12-04 17:00:00,0.9729424473827194,0.12801620924663842
2023-12-04 18:00:00,0.929832229743544,0.0009209799226376865
2023-12-04 19:00:00,0.5863806854238565,0.0
2023-12-04 20:00:00,0.5052680958373509,0.0
2023-12-04 21:00:00,0.4470386549503129,0.0
2023-12-04 22:00:00,0.4474472826056605,0.0
2023-12-04 23:00:00,0.4396833571540555,0.0
2023-12-05 00:00:00,0.43947904332638166,0.0
2023-12-05 01:00:00,0.4398876709817293,0.0
2023-12-05 02:00:00,0.43600570825592677,0.0
2023-12-05 03:00:00,0.43947904332638166,0.0
2023-12-05 04:00:00,0.4392747294987078,0.0
2023-12-05 05:00:00,0.433553942323841,0.0
2023-12-05 06:00:00,0.43641433591127443,0.0
2023-12-05 07:00:00,0.4362100220836006,0.0
2023-12-05 08:00:00,0.4351884529452315,0.0
2023-12-05 09:00:00,0.45214650064215833,0.11880641002026156
2023-12-05 10:00:00,0.6679019026657097,0.2928716153987843
2023-12-05 11:00:00,1.3468367520258056,0.6106096887087862
2023-12-05 12:00:00,1.0908315259505121,0.8915085651132805
2023-12-05 13:00:00,1.0699915155277828,0.8390127095229325
2023-12-05 14:00:00,1.1462005732501168,0.584822250874931
2023-12-05 15:00:00,1.5536023456317092,0.5746914717259164
2023-12-05 16:00:00,1.3548049913050846,0.3693129489777123
2023-12-05 17:00:00,1.229969242596382,0.07275741388837723
2023-12-05 18:00:00,0.8820227940678707,0.004604899613188432
2023-12-05 19:00:00,0.8521929752274933,0.0
2023-12-05 20:00:00,0.5861763715961827,0.0
2023-12-05 21:00:00,0.429059038115017,0.0
2023-12-05 22:00:00,0.39207823530605596,0.0
2023-12-05 23:00:00,0.39391705975512037,0.0
2023-12-06 00:00:00,0.3857445066481676,0.0
2023-12-06 01:00:00,0.38819627258025347,0.0
2023-12-06 02:00:00,0.38799195875257964,0.0
2023-12-06 03:00:00,0.3845186236821247,0.0
2023-12-06 04:00:00,0.38594882047584145,0.0
2023-12-06 05:00:00,0.38492725133747235,0.0
2023-12-06 06:00:00,0.3822711715777128,0.0
2023-12-06 07:00:00,0.3861531343035153,0.0
2023-12-06 08:00:00,0.3845186236821247,0.003683919690550746
2023-12-06 09:00:00,0.4151656978331974,0.20814146251611715
2023-12-06 10:00:00,0.7925333375467385,0.496408178301713
2023-12-06 11:00:00,1.6140792386231593,0.37852274820408915
2023-12-06 12:00:00,1.7485177372325311,0.38773254743046603
2023-12-06 13:00:00,1.490878000535847,0.8795358261189906
2023-12-06 14:00:00,1.4681991656640532,0.9891324369128752
2023-12-06 15:00:00,1.4692207348024222,0.9062442438754835
2023-12-06 16:00:00,1.3830002995240713,0.4107570454964082
2023-12-06 17:00:00,1.6054980578608586,0.16761834592005895
2023-12-06 18:00:00,1.1214786001015848,0.0
2023-12-06 19:00:00,0.9762114686255005,0.0
2023-12-06 20:00:00,0.6106940309170408,0.0
2023-12-06 21:00:00,0.6756658281173149,0.0
2023-12-06 22:00:00,0.5230433988449731,0.0
2023-12-06 23:00:00,0.675461514289641,0.0
2023-12-07 00:00:00,0.5614543984476508,0.0
2023-12-07 01:00:00,0.6879246577777439,0.0
2023-12-07 02:00:00,0.6611595463524738,0.0
2023-12-07 03:00:00,0.6709666100808169,0.0
2023-12-07 04:00:00,0.5843375471471184,0.0
2023-12-07 05:00:00,0.6540085623838902,0.0
2023-12-07 06:00:00,0.6877203439500701,0.0
2023-12-07 07:00:00,0.667697588838036,0.0
2023-12-07 08:00:00,0.6846556365349629,0.0
2023-12-07 09:00:00,0.6983446629891086,0.025787437833855224
2023-12-07 10:00:00,0.6879246577777439,0.07367839381101492
2023-12-07 11:00:00,1.1188225203418252,0.07275741388837723
2023-12-07 12:00:00,1.309447321561497,0.07091545404310186
2023-12-07 13:00:00,1.0949178025039885,0.12064836986553694
2023-12-07 14:00:00,0.957823224134857,0.10407073125805857
2023-12-07 15:00:00,1.1513084189419622,0.11696445017498619
2023-12-07 16:00:00,1.0362797339616028,0.14090992816356604
2023-12-07 17:00:00,0.9277890914668058,0.04328605636397127
2023-12-07 18:00:00,0.6846556365349629,0.0
2023-12-07 19:00:00,0.6209097223007316,0.0
2023-12-07 20:00:00,0.6031344192931095,0.0
2023-12-07 21:00:00,0.5563465527558054,0.0
2023-12-07 22:00:00,0.49443946297063857,0.0
2023-12-07 23:00:00,0.46031905374911103,0.0
2023-12-08 00:00:00,0.39391705975512037,0.0
2023-12-08 01:00:00,0.39984216075766105,0.0
2023-12-08 02:00:00,0.3957558842041847,0.0
2023-12-08 03:00:00,0.3994335331023134,0.0
2023-12-08 04:00:00,0.39596019803185856,0.0
2023-12-08 05:00:00,0.39493862889348946,0.0
2023-12-08 06:00:00,0.3957558842041847,0.0
2023-12-08 07:00:00,0.38799195875257964,0.0
2023-12-08 08:00:00,0.3863574481311891,0.053416835512985816
2023-12-08 09:00:00,0.3867660757865367,0.3002394547798858
2023-12-08 10:00:00,0.3928954906167513,0.48167249953951
2023-12-08 11:00:00,0.3902394108569916,0.8951924848038313
2023-12-08 12:00:00,0.40147667137905163,1.3409467673604716
2023-12-08 13:00:00,0.40147667137905163,1.4339657395468781
2023-12-08 14:00:00,0.404337064966485,1.1567507828329342
2023-12-08 15:00:00,0.4067888308985709,0.7349419782648737
2023-12-08 16:00:00,0.40495000644950646,0.3076072941609873
2023-12-08 17:00:00,0.40086372989603014,0.08380917296002947
2023-12-08 18:00:00,0.4035198096557898,0.0
2023-12-08 19:00:00,0.39371274592744654,0.0
2023-12-08 20:00:00,0.3982076501362705,0.0
2023-12-08 21:00:00,0.3918739214783822,0.0
2023-12-08 22:00:00,0.4002507884130087,0.0
2023-12-08 23:00:00,0.3951429427211633,0.0
2023-12-09 00:00:00,0.38921784171862256,0.0
2023-12-09 01:00:00,0.3963688256872061,0.0
2023-12-09 02:00:00,0.3924868629614036,0.0
2023-12-09 03:00:00,0.3984119639639443,0.0
2023-12-09 04:00:00,0.39882059161929195,0.0
2023-12-09 05:00:00,0.3971860809979014,0.0
2023-12-09 06:00:00,0.39207823530605596,0.0
2023-12-09 07:00:00,0.3969817671702276,0.0
2023-12-09 08:00:00,0.39493862889348946,0.01565665868484067
2023-12-09 09:00:00,0.3955515703765109,0.1731442254558851
2023-12-09 10:00:00,0.3984119639639443,0.5341683551298582
2023-12-09 11:00:00,0.39677745334255377,0.6898139620556272
2023-12-09 12:00:00,0.39657313951487994,0.5820593111070178
2023-12-09 13:00:00,0.4057672617602018,0.4733836802357708
2023-12-09 14:00:00,0.4024982405174207,0.7266531589611347
2023-12-09 15:00:00,0.403315495828116,0.40246822619266903
2023-12-09 16:00:00,0.40188529903439923,0.23484988027261006
2023-12-09 17:00:00,0.4022939266897469,0.057100755203536566
2023-12-09 18:00:00,0.3986162777916181,0.0
2023-12-09 19:00:00,0.4074017723815923,0.0
2023-12-09 20:00:00,0.4051543202771803,0.0
2023-12-09 21:00:00,0.4061758894155494,0.0
2023-12-09 22:00:00,0.40801471386461374,0.0
2023-12-09 23:00:00,0.4041327511388112,0.0
2023-12-10 00:00:00,0.4024982405174207,0.0
2023-12-10 01:00:00,0.4022939266897469,0.0
2023-12-10 02:00:00,0.4035198096557898,0.0
2023-12-10 03:00:00,0.4002507884130087,0.0
2023-12-10 04:00:00,0.3969817671702276,0.0
2023-12-10 05:00:00,0.3994335331023134,0.0
2023-12-10 06:00:00,0.40106804372370397,0.0
2023-12-10 07:00:00,0.4012723575513778,0.0
2023-12-10 08:00:00,0.3990249054469658,0.0
2023-12-10 09:00:00,0.3986162777916181,0.08104623319211642
2023-12-10 10:00:00,0.39596019803185856,0.2201142015104071
2023-12-10 11:00:00,0.3984119639639443,0.3462884509117702
2023-12-10 12:00:00,0.3971860809979014,0.3444464910664947
2023-12-10 13:00:00,0.3986162777916181,0.40799410572849515
2023-12-10 14:00:00,0.40147667137905163,0.352735310370234
2023-12-10 15:00:00,0.4027025543450945,0.22840302081414626
2023-12-10 16:00:00,0.4024982405174207,0.2459016393442623
2023-12-10 17:00:00,0.4024982405174207,0.09946583164487015
2023-12-10 18:00:00,0.4016809852067254,0.0
2023-12-10 19:00:00,0.403315495828116,0.0
2023-12-10 20:00:00,0.3996378469299872,0.0
2023-12-10 21:00:00,0.4024982405174207,0.0
2023-12-10 22:00:00,0.4057672617602018,0.0
2023-12-10 23:00:00,0.41046647979669953,0.0
2023-12-11 00:00:00,0.40924059683065667,0.0
2023-12-11 01:00:00,0.4094449106583305,0.0
2023-12-11 02:00:00,0.4094449106583305,0.0
2023-12-11 03:00:00,0.40883196917530906,0.0
2023-12-11 04:00:00,0.40556294793252795,0.0
2023-12-11 05:00:00,0.40495000644950646,0.0
2023-12-11 06:00:00,0.4053586341048541,0.0
2023-12-11 07:00:00,0.40495000644950646,0.0
2023-12-11 08:00:00,0.4051543202771803,0.006446859458463806
2023-12-11 09:00:00,0.4180260914206308,0.2035365629029287
2023-12-11 10:00:00,0.4613406228874801,0.634555166697366
2023-12-11 11:00:00,0.6227485467497961,0.8086203720758888
2023-12-11 12:00:00,0.6511481687964567,0.8353287898323816
2023-12-11 13:00:00,0.643997184827873,0.7616503960213667
2023-12-11 14:00:00,0.6625897431461905,0.6870510222877141
2023-12-11 15:00:00,0.738185859385503,0.3978633265794806
2023-12-11 16:00:00,0.6703536685977955,0.24313869957634926
2023-12-11 17:00:00,0.6078336373296074,0.11235955056179775
2023-12-11 18:00:00,0.6264261956479248,0.0
2023-12-11 19:00:00,0.522021829706604,0.0
2023-12-11 20:00:00,0.5148708457380203,0.0
2023-12-11 21:00:00,0.5083328032524582,0.0
2023-12-11 22:00:00,0.45848022930004667,0.0
2023-12-11 23:00:00,0.40188529903439923,0.0
2023-12-12 00:00:00,0.4022939266897469,0.0
2023-12-12 01:00:00,0.40208961286207306,0.0
2023-12-12 02:00:00,0.40208961286207306,0.0
2023-12-12 03:00:00,0.4022939266897469,0.0
2023-12-12 04:00:00,0.4016809852067254,0.0
2023-12-12 05:00:00,0.40208961286207306,0.0
2023-12-12 06:00:00,0.4022939266897469,0.0
2023-12-12 07:00:00,0.40208961286207306,0.0
2023-12-12 08:00:00,0.40188529903439923,0.0
2023-12-12 09:00:00,0.410057852141352,0.03683919690550746
2023-12-12 10:00:00,0.4474472826056605,0.21366734205194327
2023-12-12 11:00:00,0.4907618140725099,0.22379812120095782
2023-12-12 12:00:00,0.5681967547608867,0.108675630871247
2023-12-12 13:00:00,0.5628845952413676,0.10775465094860931
2023-12-12 14:00:00,0.5949618661861569,0.2928716153987843
2023-12-12 15:00:00,0.6350073764102251,0.44114938294345185
2023-12-12 16:00:00,0.6762787696003363,0.24221771965371153
2023-12-12 17:00:00,0.668719157976405,0.06631055442991343
2023-12-12 18:00:00,0.55552929744511,0.0
2023-12-12 19:00:00,0.4617492505428278,0.0
2023-12-12 20:00:00,0.5412273295079428,0.0
2023-12-12 21:00:00,0.4419308092584675,0.0
2023-12-12 22:00:00,0.44254375074148894,0.0
2023-12-12 23:00:00,0.4709433727881496,0.0
2023-12-13 00:00:00,0.4351884529452315,0.0
2023-12-13 01:00:00,0.413326873384133,0.0
2023-12-13 02:00:00,0.4129182457287854,0.0
2023-12-13 03:00:00,0.411079421279721,0.0
2023-12-13 04:00:00,0.411079421279721,0.0
2023-12-13 05:00:00,0.4112837351073948,0.0
2023-12-13 06:00:00,0.41148804893506863,0.0
2023-12-13 07:00:00,0.4112837351073948,0.0
2023-12-13 08:00:00,0.4112837351073948,0.0
2023-12-13 09:00:00,0.4341668838068624,0.16669736599742124
2023-12-13 10:00:00,0.4997516224901578,0.3398415914533063
2023-12-13 11:00:00,0.5684010685885607,0.5774544114938295
2023-12-13 12:00:00,0.6166191319195815,1.2534536747098912
2023-12-13 13:00:00,0.58924107901129,1.1963529195063547
2023-12-13 14:00:00,0.7089689820281472,0.7284951188064099
2023-12-13 15:00:00,0.6848599503626366,0.5608767728863511
2023-12-13 16:00:00,0.6852685780179842,0.3444464910664947
2023-12-13 17:00:00,0.6589120942480619,0.10683367102597163
2023-12-13 18:00:00,0.5820900950427064,0.0027629397679130594
2023-12-13 19:00:00,0.554507728306741,0.0
2023-12-13 20:00:00,0.49157906938320517,0.0
2023-12-13 21:00:00,0.46011473992143725,0.0
2023-12-13 22:00:00,0.41680020845458793,0.0
2023-12-13 23:00:00,0.41169236276274246,0.0
2023-12-14 00:00:00,0.41148804893506863,0.0
2023-12-14 01:00:00,0.4112837351073948,0.0
2023-12-14 02:00:00,0.4118966765904163,0.0
2023-12-14 03:00:00,0.41169236276274246,0.0
2023-12-14 04:00:00,0.4112837351073948,0.0
2023-12-14 05:00:00,0.41169236276274246,0.0
2023-12-14 06:00:00,0.41169236276274246,0.0
2023-12-14 07:00:00,0.411079421279721,0.0
2023-12-14 08:00:00,0.4112837351073948,0.001841959845275373
2023-12-14 09:00:00,0.42292962328480244,0.09393995210904402
2023-12-14 10:00:00,0.47053474513280197,0.16669736599742124
2023-12-14 11:00:00,0.5538947868237195,0.5102228771412783
2023-12-14 12:00:00,0.7882427471655883,1.1678025419045865
2023-12-14 13:00:00,0.8291055127003518,1.2479277951740653
2023-12-14 14:00:00,0.8417729700161285,0.6888929821329894
2023-12-14 15:00:00,0.7786399972649188,0.2864247559403205
2023-12-14 16:00:00,0.7001834874381729,0.21550930189721862
2023-12-14 17:00:00,0.6691277856317527,0.10775465094860931
2023-12-14 18:00:00,0.744928215698739,0.003683919690550746
2023-12-14 19:00:00,0.47870729823975466,0.0
2023-12-14 20:00:00,0.4196606020420214,0.0
2023-12-14 21:00:00,0.527538303053797,0.0
2023-12-14 22:00:00,0.4901488725894884,0.0
2023-12-14 23:00:00,0.43171511787477657,0.0
2023-12-15 00:00:00,0.41169236276274246,0.0
2023-12-15 01:00:00,0.41169236276274246,0.0
2023-12-15 02:00:00,0.41169236276274246,0.0
2023-12-15 03:00:00,0.4118966765904163,0.0
2023-12-15 04:00:00,0.4112837351073948,0.0
2023-12-15 05:00:00,0.41169236276274246,0.0
2023-12-15 06:00:00,0.41148804893506863,0.0
2023-12-15 07:00:00,0.41169236276274246,0.0
2023-12-15 08:00:00,0.4112837351073948,0.0027629397679130594
2023-12-15 09:00:00,0.4210907988357381,0.09393995210904402
2023-12-15 10:00:00,0.47339513872023536,0.1482777675446675
2023-12-15 11:00:00,0.7845650982674596,0.47430466015840855
2023-12-15 12:00:00,0.717958790445795,1.1346472646896297
2023-12-15 13:00:00,0.7150983968583616,1.2239823171854853
2023-12-15 14:00:00,0.63848071148068,0.6898139620556272
2023-12-15 15:00:00,0.7044740778193231,0.26892613741020444
2023-12-15 16:00:00,0.6909893651928511,0.19708970344446491
2023-12-15 17:00:00,0.6817952429475294,0.10591269110333396
2023-12-15 18:00:00,0.5056767234926985,0.001841959845275373
2023-12-15 19:00:00,0.5861763715961827,0.0
2023-12-15 20:00:00,0.5577767495495222,0.0
2023-12-15 21:00:00,0.41169236276274246,0.0
2023-12-15 22:00:00,0.41148804893506863,0.0
2023-12-15 23:00:00,0.41148804893506863,0.0
2023-12-16 00:00:00,0.4112837351073948,0.0
2023-12-16 01:00:00,0.411079421279721,0.0
2023-12-16 02:00:00,0.4112837351073948,0.0
2023-12-16 03:00:00,0.41169236276274246,0.0
2023-12-16 04:00:00,0.41148804893506863,0.0
2023-12-16 05:00:00,0.41169236276274246,0.0
2023-12-16 06:00:00,0.4112837351073948,0.0
2023-12-16 07:00:00,0.41148804893506863,0.0
2023-12-16 08:00:00,0.4112837351073948,0.0009209799226376865
2023-12-16 09:00:00,0.41148804893506863,0.08565113280530486
2023-12-16 10:00:00,0.4112837351073948,0.1482777675446675
2023-12-16 11:00:00,0.41148804893506863,0.4512801620924664
2023-12-16 12:00:00,0.41148804893506863,1.1420151040707314
2023-12-16 13:00:00,0.411079421279721,1.2460858353287898
2023-12-16 14:00:00,0.4112837351073948,0.7045496408178302
2023-12-16 15:00:00,0.4112837351073948,0.28918769570823355
2023-12-16 16:00:00,0.41169236276274246,0.2201142015104071
2023-12-16 17:00:00,0.4108751074520472,0.11880641002026156
2023-12-16 18:00:00,0.4112837351073948,0.004604899613188432
2023-12-16 19:00:00,0.4112837351073948,0.0
2023-12-16 20:00:00,0.41169236276274246,0.0
2023-12-16 21:00:00,0.41148804893506863,0.0
2023-12-16 22:00:00,0.41169236276274246,0.0
2023-12-16 23:00:00,0.41148804893506863,0.0
2023-12-17 00:00:00,0.41169236276274246,0.0
2023-12-17 01:00:00,0.4112837351073948,0.0
2023-12-17 02:00:00,0.4118966765904163,0.0
2023-12-17 03:00:00,0.4112837351073948,0.0
2023-12-17 04:00:00,0.4112837351073948,0.0
2023-12-17 05:00:00,0.4112837351073948,0.0
2023-12-17 06:00:00,0.41148804893506863,0.0
2023-12-17 07:00:00,0.411079421279721,0.0
2023-12-17 08:00:00,0.41148804893506863,0.0009209799226376865
2023-12-17 09:00:00,0.4112837351073948,0.09209799226376865
2023-12-17 10:00:00,0.4112837351073948,0.1584085466936821
2023-12-17 11:00:00,0.411079421279721,0.48904033892061155
2023-12-17 12:00:00,0.41169236276274246,1.1585927426782097
2023-12-17 13:00:00,0.41169236276274246,1.2470068152514275
2023-12-17 14:00:00,0.41148804893506863,0.6842880825198011
2023-12-17 15:00:00,0.41067079362437336,0.308528274083625
2023-12-17 16:00:00,0.4112837351073948,0.2394547798857985
2023-12-17 17:00:00,0.41067079362437336,0.12433228955608769
2023-12-17 18:00:00,0.4108751074520472,0.004604899613188432
2023-12-17 19:00:00,0.411079421279721,0.0
2023-12-17 20:00:00,0.41148804893506863,0.0
2023-12-17 21:00:00,0.411079421279721,0.0
2023-12-17 22:00:00,0.41148804893506863,0.0
2023-12-17 23:00:00,0.41148804893506863,0.0
2023-12-18 00:00:00,0.41148804893506863,0.0
2023-12-18 01:00:00,0.411079421279721,0.0
2023-12-18 02:00:00,0.41169236276274246,0.0
2023-12-18 03:00:00,0.4112837351073948,0.0
2023-12-18 04:00:00,0.4112837351073948,0.0
2023-12-18 05:00:00,0.411079421279721,0.0
2023-12-18 06:00:00,0.411079421279721,0.0
2023-12-18 07:00:00,0.4108751074520472,0.0
2023-12-18 08:00:00,0.411079421279721,0.0009209799226376865
2023-12-18 09:00:00,0.42272530945712866,0.09025603241849327
2023-12-18 10:00:00,0.46828729302838995,0.1584085466936821
2023-12-18 11:00:00,0.5397971327142261,0.4577270215509302
2023-12-18 12:00:00,0.5726916589697107,1.1466200036839198
2023-12-18 13:00:00,0.7412505668006103,1.2672683735494568
2023-12-18 14:00:00,0.7580043006698634,0.7183643396573955
2023-12-18 15:00:00,0.7473799816308249,0.3057653343157119
2023-12-18 16:00:00,0.7917160822360432,0.23300792042733467
2023-12-18 17:00:00,0.6619768016631691,0.1224903297108123
2023-12-18 18:00:00,0.603747360776131,0.003683919690550746
2023-12-18 19:00:00,0.44642571346729143,0.0
2023-12-18 20:00:00,0.404337064966485,0.0
2023-12-18 21:00:00,0.4041327511388112,0.0
2023-12-18 22:00:00,0.4047456926218327,0.0
2023-12-18 23:00:00,0.40454137879415886,0.0
2023-12-19 00:00:00,0.4047456926218327,0.0
2023-12-19 01:00:00,0.4047456926218327,0.0
2023-12-19 02:00:00,0.4041327511388112,0.0
2023-12-19 03:00:00,0.40495000644950646,0.0
2023-12-19 04:00:00,0.404337064966485,0.0
2023-12-19 05:00:00,0.40495000644950646,0.0
2023-12-19 06:00:00,0.4041327511388112,0.0
2023-12-19 07:00:00,0.404337064966485,0.0
2023-12-19 08:00:00,0.404337064966485,0.0
2023-12-19 09:00:00,0.41986491586969515,0.08933505249585558
2023-12-19 10:00:00,0.5865849992515304,0.1584085466936821
2023-12-19 11:00:00,0.6924195619865678,0.4733836802357708
2023-12-19 12:00:00,0.6932368172972632,1.1438570639160066
2023-12-19 13:00:00,0.6511481687964567,1.2672683735494568
2023-12-19 14:00:00,0.6634069984568857,0.7358629581875115
2023-12-19 15:00:00,0.8429988529821715,0.6483698655369313
2023-12-19 16:00:00,0.7716933271240092,0.3591821698286978
2023-12-19 17:00:00,0.7857909812335026,0.13354208878246454
2023-12-19 18:00:00,0.9986859896696205,0.003683919690550746
2023-12-19 19:00:00,0.7054956469576922,0.0
2023-12-19 20:00:00,0.5855634301131611,0.0
2023-12-19 21:00:00,0.5543034144790672,0.0
2023-12-19 22:00:00,0.5643147920350842,0.0
2023-12-19 23:00:00,0.5620673399306723,0.0
2023-12-20 00:00:00,0.4599104260937634,0.0
2023-12-20 01:00:00,0.41148804893506863,0.0
2023-12-20 02:00:00,0.4112837351073948,0.0
2023-12-20 03:00:00,0.4112837351073948,0.0
2023-12-20 04:00:00,0.4118966765904163,0.0
2023-12-20 05:00:00,0.4123053042457639,0.0
2023-12-20 06:00:00,0.41169236276274246,0.0
2023-12-20 07:00:00,0.4112837351073948,0.0
2023-12-20 08:00:00,0.411079421279721,0.0
2023-12-20 09:00:00,0.42149942649108574,0.08104623319211642
2023-12-20 10:00:00,0.5965963768075474,0.15104070731258057
2023-12-20 11:00:00,0.7153027106860355,0.42641370418124885
2023-12-20 12:00:00,0.6106940309170408,1.0849143488671946
2023-12-20 13:00:00,0.5254951647770588,1.2387179959476884
2023-12-20 14:00:00,0.6129414830214529,0.743230797568613
2023-12-20 15:00:00,0.6066077543635644,0.2845827960950451
2023-12-20 16:00:00,0.6597293495587571,0.2044575428255664
2023-12-20 17:00:00,0.668719157976405,0.11143857063916006
2023-12-20 18:00:00,0.7406376253175888,0.005525879535826119
2023-12-20 19:00:00,0.6092638341233241,0.0
2023-12-20 20:00:00,0.5465394890274621,0.0
2023-12-20 21:00:00,0.5469481166828097,0.0
2023-12-20 22:00:00,0.5459265475444406,0.0
2023-12-20 23:00:00,0.4264029583552573,0.0
2023-12-21 00:00:00,0.4118966765904163,0.0
2023-12-21 01:00:00,0.41148804893506863,0.0
2023-12-21 02:00:00,0.41148804893506863,0.0
2023-12-21 03:00:00,0.4118966765904163,0.0
2023-12-21 04:00:00,0.4121009904180901,0.0
2023-12-21 05:00:00,0.4118966765904163,0.0
2023-12-21 06:00:00,0.4123053042457639,0.0
2023-12-21 07:00:00,0.41169236276274246,0.0
2023-12-21 08:00:00,0.4118966765904163,0.0
2023-12-21 09:00:00,0.4202735435250428,0.10959661079388469
2023-12-21 10:00:00,0.46358807499189214,0.1713022656106097
2023-12-21 11:00:00,0.6151889351258648,0.4365444833302634
2023-12-21 12:00:00,0.6002740257056762,1.058205931110702
2023-12-21 13:00:00,0.631738355167444,1.2027997789648186
2023-12-21 14:00:00,0.618253642540972,0.7119174801989316
2023-12-21 15:00:00,0.6027257916377619,0.2873457358629582
2023-12-21 16:00:00,0.677708966394053,0.2127463621293056
2023-12-21 17:00:00,1.142522924351988,0.1160434702523485
2023-12-21 18:00:00,0.8117388373480774,0.005525879535826119
2023-12-21 19:00:00,0.5906712758050068,0.0
2023-12-21 20:00:00,0.4958696597643553,0.0
2023-12-21 21:00:00,0.43947904332638166,0.0
2023-12-21 22:00:00,0.4212951126634119,0.0
2023-12-21 23:00:00,0.40862765534763523,0.0
2023-12-22 00:00:00,0.40495000644950646,0.0
2023-12-22 01:00:00,0.40495000644950646,0.0
2023-12-22 02:00:00,0.41067079362437336,0.0
2023-12-22 03:00:00,0.4022939266897469,0.0
2023-12-22 04:00:00,0.4108751074520472,0.0
2023-12-22 05:00:00,0.4006594160683563,0.0
2023-12-22 06:00:00,0.4094449106583305,0.0
2023-12-22 07:00:00,0.4074017723815923,0.0
2023-12-22 08:00:00,0.3982076501362705,0.0
2023-12-22 09:00:00,0.40924059683065667,0.08657211272794255
2023-12-22 10:00:00,0.4061758894155494,0.15932952661631974
2023-12-22 11:00:00,0.4067888308985709,0.4402284030208142
2023-12-22 12:00:00,0.41761746376528314,1.1024129673973107
2023-12-22 13:00:00,0.4282417828043217,1.2534536747098912
2023-12-22 14:00:00,0.4129182457287854,0.7561245164855406
2023-12-22 15:00:00,0.4212951126634119,0.3076072941609873
2023-12-22 16:00:00,0.4165958946269141,0.23761282004052312
2023-12-22 17:00:00,0.40924059683065667,0.12801620924663842
2023-12-22 18:00:00,0.4145527563501759,0.006446859458463806
2023-12-22 19:00:00,0.4118966765904163,0.0
2023-12-22 20:00:00,0.42435982007851913,0.0
2023-12-22 21:00:00,0.4061758894155494,0.0
2023-12-22 22:00:00,0.41741314993760936,0.0
2023-12-22 23:00:00,0.4016809852067254,0.0
2023-12-23 00:00:00,0.41475707017784974,0.0
2023-12-23 01:00:00,0.3994335331023134,0.0
2023-12-23 02:00:00,0.4131225595564592,0.0
2023-12-23 03:00:00,0.40392843731113737,0.0
2023-12-23 04:00:00,0.413326873384133,0.0
2023-12-23 05:00:00,0.4131225595564592,0.0
2023-12-23 06:00:00,0.41271393190111155,0.0
2023-12-23 07:00:00,0.40147667137905163,0.0
2023-12-23 08:00:00,0.4123053042457639,0.0
2023-12-23 09:00:00,0.4123053042457639,0.08104623319211642
2023-12-23 10:00:00,0.41271393190111155,0.1482777675446675
2023-12-23 11:00:00,0.413326873384133,0.41812488487750965
2023-12-23 12:00:00,0.4118966765904163,1.0729416098729048
2023-12-23 13:00:00,0.42762884132130025,1.227666236876036
2023-12-23 14:00:00,0.413326873384133,0.7377049180327868
2023-12-23 15:00:00,0.411079421279721,0.2993184748572481
2023-12-23 16:00:00,0.4196606020420214,0.22287714127832012
2023-12-23 17:00:00,0.4121009904180901,0.12433228955608769
2023-12-23 18:00:00,0.42292962328480244,0.006446859458463806
2023-12-23 19:00:00,0.4125096180734377,0.0
2023-12-23 20:00:00,0.40311118200044216,0.0
2023-12-23 21:00:00,0.41843471907597846,0.0
2023-12-23 22:00:00,0.4063802032432232,0.0
2023-12-23 23:00:00,0.41148804893506863,0.0
2023-12-24 00:00:00,0.40392843731113737,0.0
2023-12-24 01:00:00,0.4123053042457639,0.0
2023-12-24 02:00:00,0.4161872669715665,0.0
2023-12-24 03:00:00,0.4047456926218327,0.0
2023-12-24 04:00:00,0.4145527563501759,0.0
2023-12-24 05:00:00,0.4123053042457639,0.0
2023-12-24 06:00:00,0.41067079362437336,0.0
2023-12-24 07:00:00,0.4112837351073948,0.0
2023-12-24 08:00:00,0.3973903948255752,0.0
2023-12-24 09:00:00,0.40985353831367816,0.08288819303739178
2023-12-24 10:00:00,0.40699314472624465,0.15748756677104436
2023-12-24 11:00:00,0.41067079362437336,0.5268005157487566
2023-12-24 12:00:00,0.41577863931621883,1.3381838275925584
2023-12-24 13:00:00,0.4210907988357381,1.1558298029102967
2023-12-24 14:00:00,0.4139398148671545,1.3916006631055444
2023-12-24 15:00:00,0.4161872669715665,0.6327132068520906
2023-12-24 16:00:00,0.4180260914206308,0.3122121937741757
2023-12-24 17:00:00,0.40781040003693997,0.108675630871247
2023-12-24 18:00:00,0.4151656978331974,0.003683919690550746
2023-12-24 19:00:00,0.4051543202771803,0.0
2023-12-24 20:00:00,0.41271393190111155,0.0
2023-12-24 21:00:00,0.40045510224068254,0.0
2023-12-24 22:00:00,0.4094449106583305,0.0
2023-12-24 23:00:00,0.40781040003693997,0.0
2023-12-25 00:00:00,0.4016809852067254,0.0
2023-12-25 01:00:00,0.40556294793252795,0.0
2023-12-25 02:00:00,0.40924059683065667,0.0
2023-12-25 03:00:00,0.410057852141352,0.0
2023-12-25 04:00:00,0.41169236276274246,0.0
2023-12-25 05:00:00,0.411079421279721,0.0
2023-12-25 06:00:00,0.3957558842041847,0.0
2023-12-25 07:00:00,0.41046647979669953,0.0
2023-12-25 08:00:00,0.40924059683065667,0.0
2023-12-25 09:00:00,0.40454137879415886,0.08288819303739178
2023-12-25 10:00:00,0.40760608620926614,0.16117148646159513
2023-12-25 11:00:00,0.4094449106583305,0.4135199852643212
2023-12-25 12:00:00,0.4112837351073948,1.058205931110702
2023-12-25 13:00:00,0.4161872669715665,1.2295081967213115
2023-12-25 14:00:00,0.4206821711803905,0.7837539141646712
2023-12-25 15:00:00,0.40801471386461374,0.33615767176275557
2023-12-25 16:00:00,0.4190476605589999,0.36655000920979924
2023-12-25 17:00:00,0.4125096180734377,0.12801620924663842
2023-12-25 18:00:00,0.4000464745853349,0.005525879535826119
2023-12-25 19:00:00,0.41537001166087123,0.0
2023-12-25 20:00:00,0.40985353831367816,0.0
2023-12-25 21:00:00,0.40597157558787555,0.0
2023-12-25 22:00:00,0.41067079362437336,0.0
2023-12-25 23:00:00,0.4061758894155494,0.0
2023-12-26 00:00:00,0.40208961286207306,0.0
2023-12-26 01:00:00,0.4118966765904163,0.0
2023-12-26 02:00:00,0.4123053042457639,0.0
2023-12-26 03:00:00,0.41169236276274246,0.0
2023-12-26 04:00:00,0.4053586341048541,0.0
2023-12-26 05:00:00,0.40699314472624465,0.0
2023-12-26 06:00:00,0.41067079362437336,0.0
2023-12-26 07:00:00,0.40883196917530906,0.0
2023-12-26 08:00:00,0.4096492244860043,0.0
2023-12-26 09:00:00,0.40760608620926614,0.08473015288266716
2023-12-26 10:00:00,0.40801471386461374,0.43838644317553876
2023-12-26 11:00:00,0.40699314472624465,0.5129858169091914
2023-12-26 12:00:00,0.415574325488545,1.2847669920795726
2023-12-26 13:00:00,0.4121009904180901,0.9863694971449622
2023-12-26 14:00:00,0.4067888308985709,0.7358629581875115
2023-12-26 15:00:00,0.41843471907597846,0.6161355682446122
2023-12-26 16:00:00,0.40924059683065667,0.3564192300607847
2023-12-26 17:00:00,0.41496138400552357,0.17867010499171115
2023-12-26 18:00:00,0.40903628300298284,0.006446859458463806
2023-12-26 19:00:00,0.4057672617602018,0.0
2023-12-26 20:00:00,0.4123053042457639,0.0
2023-12-26 21:00:00,0.3990249054469658,0.0
2023-12-26 22:00:00,0.4129182457287854,0.0
2023-12-26 23:00:00,0.4139398148671545,0.0
2023-12-27 00:00:00,0.4096492244860043,0.0
2023-12-27 01:00:00,0.41046647979669953,0.0
2023-12-27 02:00:00,0.3982076501362705,0.0
2023-12-27 03:00:00,0.4082190276922876,0.0
2023-12-27 04:00:00,0.40883196917530906,0.0
2023-12-27 05:00:00,0.41046647979669953,0.0
2023-12-27 06:00:00,0.41046647979669953,0.0
2023-12-27 07:00:00,0.40985353831367816,0.0
2023-12-27 08:00:00,0.4094449106583305,0.0
2023-12-27 09:00:00,0.4235425647678239,0.05894271504881193
2023-12-27 10:00:00,0.6252003126818819,0.46877878062258244
2023-12-27 11:00:00,1.0516032710371392,0.834407809909744
2023-12-27 12:00:00,1.0969609407807266,1.1493829434518328
2023-12-27 13:00:00,0.9120569267359218,0.7183643396573955
2023-12-27 14:00:00,1.0949178025039885,0.6004789095597716
2023-12-27 15:00:00,1.0922617227442288,0.27629397679130596
2023-12-27 16:00:00,1.1443617488010525,0.17498618530116042
2023-12-27 17:00:00,1.1535558710463742,0.0681525142751888
2023-12-27 18:00:00,1.1271993872764516,0.0009209799226376865
2023-12-27 19:00:00,0.74390664656037,0.0
2023-12-27 20:00:00,0.5322375210902949,0.0
2023-12-27 21:00:00,0.4807504365164928,0.0
2023-12-27 22:00:00,0.42149942649108574,0.0
2023-12-27 23:00:00,0.4182304052483046,0.0
2023-12-28 00:00:00,0.41782177759295697,0.0
2023-12-28 01:00:00,0.41680020845458793,0.0
2023-12-28 02:00:00,0.41863903290365223,0.0
2023-12-28 03:00:00,0.42170374031875957,0.0
2023-12-28 04:00:00,0.4192519743866737,0.0
2023-12-28 05:00:00,0.41577863931621883,0.0
2023-12-28 06:00:00,0.42538138921688823,0.0
2023-12-28 07:00:00,0.4280374689766479,0.0
2023-12-28 08:00:00,0.42190805414643334,0.0
2023-12-28 09:00:00,0.46603984092397793,0.006446859458463806
2023-12-28 10:00:00,0.5375496806098141,0.09301897218640634
2023-12-28 11:00:00,0.5489912549595479,0.25879535826118993
2023-12-28 12:00:00,0.639706594446723,0.3333947319948425
2023-12-28 13:00:00,0.6205010946453842,0.449438202247191
2023-12-28 14:00:00,0.6076293235019335,0.29839749493461043
2023-12-28 15:00:00,0.6570732697989974,0.1961687235218272
2023-12-28 16:00:00,0.6670846473550145,0.14919874746730521
2023-12-28 17:00:00,0.5984352012566118,0.06446859458463805
2023-12-28 18:00:00,0.6096724617786717,0.0
2023-12-28 19:00:00,0.6854728918456581,0.0
2023-12-28 20:00:00,0.5301943828135567,0.0
2023-12-28 21:00:00,0.422316681801781,0.0
2023-12-28 22:00:00,0.422316681801781,0.0
2023-12-28 23:00:00,0.4278331551489741,0.0
2023-12-29 00:00:00,0.42149942649108574,0.0
2023-12-29 01:00:00,0.4206821711803905,0.0
2023-12-29 02:00:00,0.4280374689766479,0.0
2023-12-29 03:00:00,0.4192519743866737,0.0
2023-12-29 04:00:00,0.41884334673132606,0.0
2023-12-29 05:00:00,0.42456413390619296,0.0
2023-12-29 06:00:00,0.426811586010605,0.0
2023-12-29 07:00:00,0.4239511924231716,0.0
2023-12-29 08:00:00,0.4180260914206308,0.0
2023-12-29 09:00:00,0.4689002345114114,0.023024498065942162
2023-12-29 10:00:00,0.49198769703855283,0.16577638607478357
2023-12-29 11:00:00,0.4321237455301242,0.5166697365997421
2023-12-29 12:00:00,0.41475707017784974,0.25511143857063917
2023-12-29 13:00:00,0.42926335194269083,0.18972186406336342
2023-12-29 14:00:00,0.41680020845458793,0.28274083624976976
2023-12-29 15:00:00,0.4151656978331974,0.28366181617240743
2023-12-29 16:00:00,0.41598295314389266,0.1648554061521459
2023-12-29 17:00:00,0.4196606020420214,0.05249585559034813
2023-12-29 18:00:00,0.4202735435250428,0.0
2023-12-29 19:00:00,0.41761746376528314,0.0
2023-12-29 20:00:00,0.422316681801781,0.0
2023-12-29 21:00:00,0.42170374031875957,0.0
2023-12-29 22:00:00,0.420069229697369,0.0
2023-12-29 23:00:00,0.4180260914206308,0.0
2023-12-30 00:00:00,0.42047785735271664,0.0
2023-12-30 01:00:00,0.42435982007851913,0.0
2023-12-30 02:00:00,0.4274245274936264,0.0
2023-12-30 03:00:00,0.4206821711803905,0.0
2023-12-30 04:00:00,0.420069229697369,0.0
2023-12-30 05:00:00,0.4235425647678239,0.0
2023-12-30 06:00:00,0.4202735435250428,0.0
2023-12-30 07:00:00,0.4182304052483046,0.0
2023-12-30 08:00:00,0.41720883610993553,0.0
2023-12-30 09:00:00,0.42149942649108574,0.04420703628660895
2023-12-30 10:00:00,0.41475707017784974,0.1841959845275373
2023-12-30 11:00:00,0.4131225595564592,0.4227297844906981
2023-12-30 12:00:00,0.41720883610993553,0.6216614477804384
2023-12-30 13:00:00,0.42885472428734317,0.42641370418124885
2023-12-30 14:00:00,0.415574325488545,0.449438202247191
2023-12-30 15:00:00,0.41537001166087123,0.3619451095966108
2023-12-30 16:00:00,0.4239511924231716,0.3205010130779149
2023-12-30 17:00:00,0.41537001166087123,0.12801620924663842
2023-12-30 18:00:00,0.41843471907597846,0.0009209799226376865
2023-12-30 19:00:00,0.42170374031875957,0.0
2023-12-30 20:00:00,0.420069229697369,0.0
2023-12-30 21:00:00,0.41741314993760936,0.0
2023-12-30 22:00:00,0.4202735435250428,0.0
2023-12-30 23:00:00,0.41945628821434755,0.0
2023-12-31 00:00:00,0.42211236797410717,0.0
2023-12-31 01:00:00,0.4235425647678239,0.0
2023-12-31 02:00:00,0.4239511924231716,0.0
2023-12-31 03:00:00,0.41741314993760936,0.0
2023-12-31 04:00:00,0.41945628821434755,0.0
2023-12-31 05:00:00,0.41761746376528314,0.0
2023-12-31 06:00:00,0.41843471907597846,0.0
2023-12-31 07:00:00,0.4141441286948283,0.0
2023-12-31 08:00:00,0.4264029583552573,0.0
2023-12-31 09:00:00,0.41680020845458793,0.12433228955608769
2023-12-31 10:00:00,0.4129182457287854,0.40523116596058206
2023-12-31 11:00:00,0.41496138400552357,0.8436176091361208
2023-12-31 12:00:00,0.4163915807992403,1.2645054337815438
2023-12-31 13:00:00,0.4282417828043217,1.4385706391600663
2023-12-31 14:00:00,0.4206821711803905,0.8380917296002948
2023-12-31 15:00:00,0.41720883610993553,0.6981027813593664
2023-12-31 16:00:00,0.4212951126634119,0.449438202247191
2023-12-31 17:00:00,0.41598295314389266,0.2035365629029287
2023-12-31 18:00:00,0.41680020845458793,0.005525879535826119
2023-12-31 19:00:00,0.4163915807992403,0.0
2023-12-31 20:00:00,0.4112837351073948,0.0
2023-12-31 21:00:00,0.4139398148671545,0.0
2023-12-31 22:00:00,0.4141441286948283,0.0
2023-12-31 23:00:00,0.4141441286948283,0.0
